model,variable,scenario,available
AS-RCEC_TaiESM1_r1i1p1f1,t,historical,1
AS-RCEC_TaiESM1_r1i1p1f1,t,ssp119,0
AS-RCEC_TaiESM1_r1i1p1f1,t,ssp126,0
AS-RCEC_TaiESM1_r1i1p1f1,t,ssp245,0
AS-RCEC_TaiESM1_r1i1p1f1,t,ssp370,0
AS-RCEC_TaiESM1_r1i1p1f1,t,ssp585,1
AS-RCEC_TaiESM1_r1i1p1f1,tn,historical,0
AS-RCEC_TaiESM1_r1i1p1f1,tn,ssp119,0
AS-RCEC_TaiESM1_r1i1p1f1,tn,ssp126,0
AS-RCEC_TaiESM1_r1i1p1f1,tn,ssp245,0
AS-RCEC_TaiESM1_r1i1p1f1,tn,ssp370,0
AS-RCEC_TaiESM1_r1i1p1f1,tn,ssp585,0
AS-RCEC_TaiESM1_r1i1p1f1,tx,historical,0
AS-RCEC_TaiESM1_r1i1p1f1,tx,ssp119,0
AS-RCEC_TaiESM1_r1i1p1f1,tx,ssp126,0
AS-RCEC_TaiESM1_r1i1p1f1,tx,ssp245,0
AS-RCEC_TaiESM1_r1i1p1f1,tx,ssp370,0
AS-RCEC_TaiESM1_r1i1p1f1,tx,ssp585,0
AS-RCEC_TaiESM1_r1i1p1f1,dtr,historical,0
AS-RCEC_TaiESM1_r1i1p1f1,dtr,ssp119,0
AS-RCEC_TaiESM1_r1i1p1f1,dtr,ssp126,0
AS-RCEC_TaiESM1_r1i1p1f1,dtr,ssp245,0
AS-RCEC_TaiESM1_r1i1p1f1,dtr,ssp370,0
AS-RCEC_TaiESM1_r1i1p1f1,dtr,ssp585,0
AS-RCEC_TaiESM1_r1i1p1f1,hd,historical,0
AS-RCEC_TaiESM1_r1i1p1f1,hd,ssp119,0
AS-RCEC_TaiESM1_r1i1p1f1,hd,ssp126,0
AS-RCEC_TaiESM1_r1i1p1f1,hd,ssp245,0
AS-RCEC_TaiESM1_r1i1p1f1,hd,ssp370,0
AS-RCEC_TaiESM1_r1i1p1f1,hd,ssp585,0
AS-RCEC_TaiESM1_r1i1p1f1,cd,historical,0
AS-RCEC_TaiESM1_r1i1p1f1,cd,ssp119,0
AS-RCEC_TaiESM1_r1i1p1f1,cd,ssp126,0
AS-RCEC_TaiESM1_r1i1p1f1,cd,ssp245,0
AS-RCEC_TaiESM1_r1i1p1f1,cd,ssp370,0
AS-RCEC_TaiESM1_r1i1p1f1,cd,ssp585,0
AS-RCEC_TaiESM1_r1i1p1f1,r,historical,1
AS-RCEC_TaiESM1_r1i1p1f1,r,ssp119,0
AS-RCEC_TaiESM1_r1i1p1f1,r,ssp126,0
AS-RCEC_TaiESM1_r1i1p1f1,r,ssp245,0
AS-RCEC_TaiESM1_r1i1p1f1,r,ssp370,0
AS-RCEC_TaiESM1_r1i1p1f1,r,ssp585,1
AS-RCEC_TaiESM1_r1i1p1f1,spei6,historical,0
AS-RCEC_TaiESM1_r1i1p1f1,spei6,ssp119,0
AS-RCEC_TaiESM1_r1i1p1f1,spei6,ssp126,0
AS-RCEC_TaiESM1_r1i1p1f1,spei6,ssp245,0
AS-RCEC_TaiESM1_r1i1p1f1,spei6,ssp370,0
AS-RCEC_TaiESM1_r1i1p1f1,spei6,ssp585,0
AS-RCEC_TaiESM1_r1i1p1f1,pet,historical,0
AS-RCEC_TaiESM1_r1i1p1f1,pet,ssp119,0
AS-RCEC_TaiESM1_r1i1p1f1,pet,ssp126,0
AS-RCEC_TaiESM1_r1i1p1f1,pet,ssp245,0
AS-RCEC_TaiESM1_r1i1p1f1,pet,ssp370,0
AS-RCEC_TaiESM1_r1i1p1f1,pet,ssp585,0
AS-RCEC_TaiESM1_r1i1p1f1,huss,historical,1
AS-RCEC_TaiESM1_r1i1p1f1,huss,ssp119,0
AS-RCEC_TaiESM1_r1i1p1f1,huss,ssp126,1
AS-RCEC_TaiESM1_r1i1p1f1,huss,ssp245,1
AS-RCEC_TaiESM1_r1i1p1f1,huss,ssp370,1
AS-RCEC_TaiESM1_r1i1p1f1,huss,ssp585,1
AS-RCEC_TaiESM1_r1i1p1f1,evspsbl,historical,1
AS-RCEC_TaiESM1_r1i1p1f1,evspsbl,ssp119,0
AS-RCEC_TaiESM1_r1i1p1f1,evspsbl,ssp126,1
AS-RCEC_TaiESM1_r1i1p1f1,evspsbl,ssp245,1
AS-RCEC_TaiESM1_r1i1p1f1,evspsbl,ssp370,1
AS-RCEC_TaiESM1_r1i1p1f1,evspsbl,ssp585,1
AS-RCEC_TaiESM1_r1i1p1f1,mrsos,historical,1
AS-RCEC_TaiESM1_r1i1p1f1,mrsos,ssp119,0
AS-RCEC_TaiESM1_r1i1p1f1,mrsos,ssp126,1
AS-RCEC_TaiESM1_r1i1p1f1,mrsos,ssp245,1
AS-RCEC_TaiESM1_r1i1p1f1,mrsos,ssp370,1
AS-RCEC_TaiESM1_r1i1p1f1,mrsos,ssp585,1
AS-RCEC_TaiESM1_r1i1p1f1,mrro,historical,1
AS-RCEC_TaiESM1_r1i1p1f1,mrro,ssp119,0
AS-RCEC_TaiESM1_r1i1p1f1,mrro,ssp126,1
AS-RCEC_TaiESM1_r1i1p1f1,mrro,ssp245,1
AS-RCEC_TaiESM1_r1i1p1f1,mrro,ssp370,1
AS-RCEC_TaiESM1_r1i1p1f1,mrro,ssp585,1
AS-RCEC_TaiESM1_r1i1p1f1,prsn,historical,1
AS-RCEC_TaiESM1_r1i1p1f1,prsn,ssp119,0
AS-RCEC_TaiESM1_r1i1p1f1,prsn,ssp126,1
AS-RCEC_TaiESM1_r1i1p1f1,prsn,ssp245,1
AS-RCEC_TaiESM1_r1i1p1f1,prsn,ssp370,1
AS-RCEC_TaiESM1_r1i1p1f1,prsn,ssp585,1
AS-RCEC_TaiESM1_r1i1p1f1,siconc,historical,1
AS-RCEC_TaiESM1_r1i1p1f1,siconc,ssp119,0
AS-RCEC_TaiESM1_r1i1p1f1,siconc,ssp126,1
AS-RCEC_TaiESM1_r1i1p1f1,siconc,ssp245,1
AS-RCEC_TaiESM1_r1i1p1f1,siconc,ssp370,1
AS-RCEC_TaiESM1_r1i1p1f1,siconc,ssp585,0
AS-RCEC_TaiESM1_r1i1p1f1,sfcwind,historical,1
AS-RCEC_TaiESM1_r1i1p1f1,sfcwind,ssp119,0
AS-RCEC_TaiESM1_r1i1p1f1,sfcwind,ssp126,1
AS-RCEC_TaiESM1_r1i1p1f1,sfcwind,ssp245,1
AS-RCEC_TaiESM1_r1i1p1f1,sfcwind,ssp370,1
AS-RCEC_TaiESM1_r1i1p1f1,sfcwind,ssp585,1
AS-RCEC_TaiESM1_r1i1p1f1,clt,historical,1
AS-RCEC_TaiESM1_r1i1p1f1,clt,ssp119,0
AS-RCEC_TaiESM1_r1i1p1f1,clt,ssp126,1
AS-RCEC_TaiESM1_r1i1p1f1,clt,ssp245,1
AS-RCEC_TaiESM1_r1i1p1f1,clt,ssp370,1
AS-RCEC_TaiESM1_r1i1p1f1,clt,ssp585,1
AS-RCEC_TaiESM1_r1i1p1f1,rsds,historical,1
AS-RCEC_TaiESM1_r1i1p1f1,rsds,ssp119,0
AS-RCEC_TaiESM1_r1i1p1f1,rsds,ssp126,1
AS-RCEC_TaiESM1_r1i1p1f1,rsds,ssp245,1
AS-RCEC_TaiESM1_r1i1p1f1,rsds,ssp370,1
AS-RCEC_TaiESM1_r1i1p1f1,rsds,ssp585,1
AS-RCEC_TaiESM1_r1i1p1f1,rlds,historical,1
AS-RCEC_TaiESM1_r1i1p1f1,rlds,ssp119,0
AS-RCEC_TaiESM1_r1i1p1f1,rlds,ssp126,1
AS-RCEC_TaiESM1_r1i1p1f1,rlds,ssp245,1
AS-RCEC_TaiESM1_r1i1p1f1,rlds,ssp370,1
AS-RCEC_TaiESM1_r1i1p1f1,rlds,ssp585,1
AS-RCEC_TaiESM1_r1i1p1f1,sst,historical,0
AS-RCEC_TaiESM1_r1i1p1f1,sst,ssp119,0
AS-RCEC_TaiESM1_r1i1p1f1,sst,ssp126,0
AS-RCEC_TaiESM1_r1i1p1f1,sst,ssp245,0
AS-RCEC_TaiESM1_r1i1p1f1,sst,ssp370,0
AS-RCEC_TaiESM1_r1i1p1f1,sst,ssp585,0
AS-RCEC_TaiESM1_r1i1p1f1,psl,historical,1
AS-RCEC_TaiESM1_r1i1p1f1,psl,ssp119,0
AS-RCEC_TaiESM1_r1i1p1f1,psl,ssp126,1
AS-RCEC_TaiESM1_r1i1p1f1,psl,ssp245,1
AS-RCEC_TaiESM1_r1i1p1f1,psl,ssp370,1
AS-RCEC_TaiESM1_r1i1p1f1,psl,ssp585,1
AWI_AWI-CM-1-1-MR_r1i1p1f1,t,historical,1
AWI_AWI-CM-1-1-MR_r1i1p1f1,t,ssp119,0
AWI_AWI-CM-1-1-MR_r1i1p1f1,t,ssp126,1
AWI_AWI-CM-1-1-MR_r1i1p1f1,t,ssp245,1
AWI_AWI-CM-1-1-MR_r1i1p1f1,t,ssp370,1
AWI_AWI-CM-1-1-MR_r1i1p1f1,t,ssp585,1
AWI_AWI-CM-1-1-MR_r1i1p1f1,tn,historical,1
AWI_AWI-CM-1-1-MR_r1i1p1f1,tn,ssp119,0
AWI_AWI-CM-1-1-MR_r1i1p1f1,tn,ssp126,1
AWI_AWI-CM-1-1-MR_r1i1p1f1,tn,ssp245,1
AWI_AWI-CM-1-1-MR_r1i1p1f1,tn,ssp370,1
AWI_AWI-CM-1-1-MR_r1i1p1f1,tn,ssp585,1
AWI_AWI-CM-1-1-MR_r1i1p1f1,tx,historical,1
AWI_AWI-CM-1-1-MR_r1i1p1f1,tx,ssp119,0
AWI_AWI-CM-1-1-MR_r1i1p1f1,tx,ssp126,1
AWI_AWI-CM-1-1-MR_r1i1p1f1,tx,ssp245,1
AWI_AWI-CM-1-1-MR_r1i1p1f1,tx,ssp370,1
AWI_AWI-CM-1-1-MR_r1i1p1f1,tx,ssp585,1
AWI_AWI-CM-1-1-MR_r1i1p1f1,dtr,historical,1
AWI_AWI-CM-1-1-MR_r1i1p1f1,dtr,ssp119,0
AWI_AWI-CM-1-1-MR_r1i1p1f1,dtr,ssp126,1
AWI_AWI-CM-1-1-MR_r1i1p1f1,dtr,ssp245,1
AWI_AWI-CM-1-1-MR_r1i1p1f1,dtr,ssp370,1
AWI_AWI-CM-1-1-MR_r1i1p1f1,dtr,ssp585,1
AWI_AWI-CM-1-1-MR_r1i1p1f1,hd,historical,1
AWI_AWI-CM-1-1-MR_r1i1p1f1,hd,ssp119,0
AWI_AWI-CM-1-1-MR_r1i1p1f1,hd,ssp126,1
AWI_AWI-CM-1-1-MR_r1i1p1f1,hd,ssp245,1
AWI_AWI-CM-1-1-MR_r1i1p1f1,hd,ssp370,1
AWI_AWI-CM-1-1-MR_r1i1p1f1,hd,ssp585,1
AWI_AWI-CM-1-1-MR_r1i1p1f1,cd,historical,1
AWI_AWI-CM-1-1-MR_r1i1p1f1,cd,ssp119,0
AWI_AWI-CM-1-1-MR_r1i1p1f1,cd,ssp126,1
AWI_AWI-CM-1-1-MR_r1i1p1f1,cd,ssp245,1
AWI_AWI-CM-1-1-MR_r1i1p1f1,cd,ssp370,1
AWI_AWI-CM-1-1-MR_r1i1p1f1,cd,ssp585,1
AWI_AWI-CM-1-1-MR_r1i1p1f1,r,historical,0
AWI_AWI-CM-1-1-MR_r1i1p1f1,r,ssp119,0
AWI_AWI-CM-1-1-MR_r1i1p1f1,r,ssp126,0
AWI_AWI-CM-1-1-MR_r1i1p1f1,r,ssp245,0
AWI_AWI-CM-1-1-MR_r1i1p1f1,r,ssp370,0
AWI_AWI-CM-1-1-MR_r1i1p1f1,r,ssp585,0
AWI_AWI-CM-1-1-MR_r1i1p1f1,spei6,historical,0
AWI_AWI-CM-1-1-MR_r1i1p1f1,spei6,ssp119,0
AWI_AWI-CM-1-1-MR_r1i1p1f1,spei6,ssp126,0
AWI_AWI-CM-1-1-MR_r1i1p1f1,spei6,ssp245,0
AWI_AWI-CM-1-1-MR_r1i1p1f1,spei6,ssp370,0
AWI_AWI-CM-1-1-MR_r1i1p1f1,spei6,ssp585,0
AWI_AWI-CM-1-1-MR_r1i1p1f1,pet,historical,1
AWI_AWI-CM-1-1-MR_r1i1p1f1,pet,ssp119,0
AWI_AWI-CM-1-1-MR_r1i1p1f1,pet,ssp126,1
AWI_AWI-CM-1-1-MR_r1i1p1f1,pet,ssp245,1
AWI_AWI-CM-1-1-MR_r1i1p1f1,pet,ssp370,1
AWI_AWI-CM-1-1-MR_r1i1p1f1,pet,ssp585,1
AWI_AWI-CM-1-1-MR_r1i1p1f1,huss,historical,1
AWI_AWI-CM-1-1-MR_r1i1p1f1,huss,ssp119,0
AWI_AWI-CM-1-1-MR_r1i1p1f1,huss,ssp126,1
AWI_AWI-CM-1-1-MR_r1i1p1f1,huss,ssp245,1
AWI_AWI-CM-1-1-MR_r1i1p1f1,huss,ssp370,1
AWI_AWI-CM-1-1-MR_r1i1p1f1,huss,ssp585,1
AWI_AWI-CM-1-1-MR_r1i1p1f1,evspsbl,historical,1
AWI_AWI-CM-1-1-MR_r1i1p1f1,evspsbl,ssp119,0
AWI_AWI-CM-1-1-MR_r1i1p1f1,evspsbl,ssp126,1
AWI_AWI-CM-1-1-MR_r1i1p1f1,evspsbl,ssp245,1
AWI_AWI-CM-1-1-MR_r1i1p1f1,evspsbl,ssp370,1
AWI_AWI-CM-1-1-MR_r1i1p1f1,evspsbl,ssp585,1
AWI_AWI-CM-1-1-MR_r1i1p1f1,mrsos,historical,0
AWI_AWI-CM-1-1-MR_r1i1p1f1,mrsos,ssp119,0
AWI_AWI-CM-1-1-MR_r1i1p1f1,mrsos,ssp126,0
AWI_AWI-CM-1-1-MR_r1i1p1f1,mrsos,ssp245,0
AWI_AWI-CM-1-1-MR_r1i1p1f1,mrsos,ssp370,0
AWI_AWI-CM-1-1-MR_r1i1p1f1,mrsos,ssp585,0
AWI_AWI-CM-1-1-MR_r1i1p1f1,mrro,historical,0
AWI_AWI-CM-1-1-MR_r1i1p1f1,mrro,ssp119,0
AWI_AWI-CM-1-1-MR_r1i1p1f1,mrro,ssp126,0
AWI_AWI-CM-1-1-MR_r1i1p1f1,mrro,ssp245,0
AWI_AWI-CM-1-1-MR_r1i1p1f1,mrro,ssp370,0
AWI_AWI-CM-1-1-MR_r1i1p1f1,mrro,ssp585,0
AWI_AWI-CM-1-1-MR_r1i1p1f1,prsn,historical,1
AWI_AWI-CM-1-1-MR_r1i1p1f1,prsn,ssp119,0
AWI_AWI-CM-1-1-MR_r1i1p1f1,prsn,ssp126,1
AWI_AWI-CM-1-1-MR_r1i1p1f1,prsn,ssp245,1
AWI_AWI-CM-1-1-MR_r1i1p1f1,prsn,ssp370,1
AWI_AWI-CM-1-1-MR_r1i1p1f1,prsn,ssp585,1
AWI_AWI-CM-1-1-MR_r1i1p1f1,siconc,historical,0
AWI_AWI-CM-1-1-MR_r1i1p1f1,siconc,ssp119,0
AWI_AWI-CM-1-1-MR_r1i1p1f1,siconc,ssp126,0
AWI_AWI-CM-1-1-MR_r1i1p1f1,siconc,ssp245,0
AWI_AWI-CM-1-1-MR_r1i1p1f1,siconc,ssp370,0
AWI_AWI-CM-1-1-MR_r1i1p1f1,siconc,ssp585,0
AWI_AWI-CM-1-1-MR_r1i1p1f1,sfcwind,historical,1
AWI_AWI-CM-1-1-MR_r1i1p1f1,sfcwind,ssp119,0
AWI_AWI-CM-1-1-MR_r1i1p1f1,sfcwind,ssp126,1
AWI_AWI-CM-1-1-MR_r1i1p1f1,sfcwind,ssp245,1
AWI_AWI-CM-1-1-MR_r1i1p1f1,sfcwind,ssp370,1
AWI_AWI-CM-1-1-MR_r1i1p1f1,sfcwind,ssp585,1
AWI_AWI-CM-1-1-MR_r1i1p1f1,clt,historical,1
AWI_AWI-CM-1-1-MR_r1i1p1f1,clt,ssp119,0
AWI_AWI-CM-1-1-MR_r1i1p1f1,clt,ssp126,1
AWI_AWI-CM-1-1-MR_r1i1p1f1,clt,ssp245,1
AWI_AWI-CM-1-1-MR_r1i1p1f1,clt,ssp370,1
AWI_AWI-CM-1-1-MR_r1i1p1f1,clt,ssp585,1
AWI_AWI-CM-1-1-MR_r1i1p1f1,rsds,historical,1
AWI_AWI-CM-1-1-MR_r1i1p1f1,rsds,ssp119,0
AWI_AWI-CM-1-1-MR_r1i1p1f1,rsds,ssp126,1
AWI_AWI-CM-1-1-MR_r1i1p1f1,rsds,ssp245,1
AWI_AWI-CM-1-1-MR_r1i1p1f1,rsds,ssp370,1
AWI_AWI-CM-1-1-MR_r1i1p1f1,rsds,ssp585,1
AWI_AWI-CM-1-1-MR_r1i1p1f1,rlds,historical,1
AWI_AWI-CM-1-1-MR_r1i1p1f1,rlds,ssp119,0
AWI_AWI-CM-1-1-MR_r1i1p1f1,rlds,ssp126,1
AWI_AWI-CM-1-1-MR_r1i1p1f1,rlds,ssp245,1
AWI_AWI-CM-1-1-MR_r1i1p1f1,rlds,ssp370,1
AWI_AWI-CM-1-1-MR_r1i1p1f1,rlds,ssp585,1
AWI_AWI-CM-1-1-MR_r1i1p1f1,sst,historical,0
AWI_AWI-CM-1-1-MR_r1i1p1f1,sst,ssp119,0
AWI_AWI-CM-1-1-MR_r1i1p1f1,sst,ssp126,0
AWI_AWI-CM-1-1-MR_r1i1p1f1,sst,ssp245,0
AWI_AWI-CM-1-1-MR_r1i1p1f1,sst,ssp370,0
AWI_AWI-CM-1-1-MR_r1i1p1f1,sst,ssp585,0
AWI_AWI-CM-1-1-MR_r1i1p1f1,psl,historical,1
AWI_AWI-CM-1-1-MR_r1i1p1f1,psl,ssp119,0
AWI_AWI-CM-1-1-MR_r1i1p1f1,psl,ssp126,1
AWI_AWI-CM-1-1-MR_r1i1p1f1,psl,ssp245,1
AWI_AWI-CM-1-1-MR_r1i1p1f1,psl,ssp370,1
AWI_AWI-CM-1-1-MR_r1i1p1f1,psl,ssp585,1
BCC_BCC-CSM2-MR_r1i1p1f1,t,historical,0
BCC_BCC-CSM2-MR_r1i1p1f1,t,ssp119,0
BCC_BCC-CSM2-MR_r1i1p1f1,t,ssp126,0
BCC_BCC-CSM2-MR_r1i1p1f1,t,ssp245,0
BCC_BCC-CSM2-MR_r1i1p1f1,t,ssp370,0
BCC_BCC-CSM2-MR_r1i1p1f1,t,ssp585,0
BCC_BCC-CSM2-MR_r1i1p1f1,tn,historical,0
BCC_BCC-CSM2-MR_r1i1p1f1,tn,ssp119,0
BCC_BCC-CSM2-MR_r1i1p1f1,tn,ssp126,0
BCC_BCC-CSM2-MR_r1i1p1f1,tn,ssp245,0
BCC_BCC-CSM2-MR_r1i1p1f1,tn,ssp370,0
BCC_BCC-CSM2-MR_r1i1p1f1,tn,ssp585,0
BCC_BCC-CSM2-MR_r1i1p1f1,tx,historical,0
BCC_BCC-CSM2-MR_r1i1p1f1,tx,ssp119,0
BCC_BCC-CSM2-MR_r1i1p1f1,tx,ssp126,0
BCC_BCC-CSM2-MR_r1i1p1f1,tx,ssp245,0
BCC_BCC-CSM2-MR_r1i1p1f1,tx,ssp370,0
BCC_BCC-CSM2-MR_r1i1p1f1,tx,ssp585,0
BCC_BCC-CSM2-MR_r1i1p1f1,dtr,historical,0
BCC_BCC-CSM2-MR_r1i1p1f1,dtr,ssp119,0
BCC_BCC-CSM2-MR_r1i1p1f1,dtr,ssp126,0
BCC_BCC-CSM2-MR_r1i1p1f1,dtr,ssp245,0
BCC_BCC-CSM2-MR_r1i1p1f1,dtr,ssp370,0
BCC_BCC-CSM2-MR_r1i1p1f1,dtr,ssp585,0
BCC_BCC-CSM2-MR_r1i1p1f1,hd,historical,0
BCC_BCC-CSM2-MR_r1i1p1f1,hd,ssp119,0
BCC_BCC-CSM2-MR_r1i1p1f1,hd,ssp126,0
BCC_BCC-CSM2-MR_r1i1p1f1,hd,ssp245,0
BCC_BCC-CSM2-MR_r1i1p1f1,hd,ssp370,0
BCC_BCC-CSM2-MR_r1i1p1f1,hd,ssp585,0
BCC_BCC-CSM2-MR_r1i1p1f1,cd,historical,0
BCC_BCC-CSM2-MR_r1i1p1f1,cd,ssp119,0
BCC_BCC-CSM2-MR_r1i1p1f1,cd,ssp126,0
BCC_BCC-CSM2-MR_r1i1p1f1,cd,ssp245,0
BCC_BCC-CSM2-MR_r1i1p1f1,cd,ssp370,0
BCC_BCC-CSM2-MR_r1i1p1f1,cd,ssp585,0
BCC_BCC-CSM2-MR_r1i1p1f1,r,historical,0
BCC_BCC-CSM2-MR_r1i1p1f1,r,ssp119,0
BCC_BCC-CSM2-MR_r1i1p1f1,r,ssp126,0
BCC_BCC-CSM2-MR_r1i1p1f1,r,ssp245,0
BCC_BCC-CSM2-MR_r1i1p1f1,r,ssp370,0
BCC_BCC-CSM2-MR_r1i1p1f1,r,ssp585,0
BCC_BCC-CSM2-MR_r1i1p1f1,spei6,historical,0
BCC_BCC-CSM2-MR_r1i1p1f1,spei6,ssp119,0
BCC_BCC-CSM2-MR_r1i1p1f1,spei6,ssp126,0
BCC_BCC-CSM2-MR_r1i1p1f1,spei6,ssp245,0
BCC_BCC-CSM2-MR_r1i1p1f1,spei6,ssp370,0
BCC_BCC-CSM2-MR_r1i1p1f1,spei6,ssp585,0
BCC_BCC-CSM2-MR_r1i1p1f1,pet,historical,0
BCC_BCC-CSM2-MR_r1i1p1f1,pet,ssp119,0
BCC_BCC-CSM2-MR_r1i1p1f1,pet,ssp126,0
BCC_BCC-CSM2-MR_r1i1p1f1,pet,ssp245,0
BCC_BCC-CSM2-MR_r1i1p1f1,pet,ssp370,0
BCC_BCC-CSM2-MR_r1i1p1f1,pet,ssp585,0
BCC_BCC-CSM2-MR_r1i1p1f1,huss,historical,0
BCC_BCC-CSM2-MR_r1i1p1f1,huss,ssp119,0
BCC_BCC-CSM2-MR_r1i1p1f1,huss,ssp126,0
BCC_BCC-CSM2-MR_r1i1p1f1,huss,ssp245,0
BCC_BCC-CSM2-MR_r1i1p1f1,huss,ssp370,0
BCC_BCC-CSM2-MR_r1i1p1f1,huss,ssp585,0
BCC_BCC-CSM2-MR_r1i1p1f1,evspsbl,historical,1
BCC_BCC-CSM2-MR_r1i1p1f1,evspsbl,ssp119,0
BCC_BCC-CSM2-MR_r1i1p1f1,evspsbl,ssp126,1
BCC_BCC-CSM2-MR_r1i1p1f1,evspsbl,ssp245,1
BCC_BCC-CSM2-MR_r1i1p1f1,evspsbl,ssp370,1
BCC_BCC-CSM2-MR_r1i1p1f1,evspsbl,ssp585,1
BCC_BCC-CSM2-MR_r1i1p1f1,mrsos,historical,1
BCC_BCC-CSM2-MR_r1i1p1f1,mrsos,ssp119,0
BCC_BCC-CSM2-MR_r1i1p1f1,mrsos,ssp126,1
BCC_BCC-CSM2-MR_r1i1p1f1,mrsos,ssp245,1
BCC_BCC-CSM2-MR_r1i1p1f1,mrsos,ssp370,1
BCC_BCC-CSM2-MR_r1i1p1f1,mrsos,ssp585,1
BCC_BCC-CSM2-MR_r1i1p1f1,mrro,historical,1
BCC_BCC-CSM2-MR_r1i1p1f1,mrro,ssp119,0
BCC_BCC-CSM2-MR_r1i1p1f1,mrro,ssp126,1
BCC_BCC-CSM2-MR_r1i1p1f1,mrro,ssp245,1
BCC_BCC-CSM2-MR_r1i1p1f1,mrro,ssp370,1
BCC_BCC-CSM2-MR_r1i1p1f1,mrro,ssp585,1
BCC_BCC-CSM2-MR_r1i1p1f1,prsn,historical,1
BCC_BCC-CSM2-MR_r1i1p1f1,prsn,ssp119,0
BCC_BCC-CSM2-MR_r1i1p1f1,prsn,ssp126,1
BCC_BCC-CSM2-MR_r1i1p1f1,prsn,ssp245,1
BCC_BCC-CSM2-MR_r1i1p1f1,prsn,ssp370,1
BCC_BCC-CSM2-MR_r1i1p1f1,prsn,ssp585,1
BCC_BCC-CSM2-MR_r1i1p1f1,siconc,historical,0
BCC_BCC-CSM2-MR_r1i1p1f1,siconc,ssp119,0
BCC_BCC-CSM2-MR_r1i1p1f1,siconc,ssp126,0
BCC_BCC-CSM2-MR_r1i1p1f1,siconc,ssp245,0
BCC_BCC-CSM2-MR_r1i1p1f1,siconc,ssp370,0
BCC_BCC-CSM2-MR_r1i1p1f1,siconc,ssp585,0
BCC_BCC-CSM2-MR_r1i1p1f1,sfcwind,historical,1
BCC_BCC-CSM2-MR_r1i1p1f1,sfcwind,ssp119,0
BCC_BCC-CSM2-MR_r1i1p1f1,sfcwind,ssp126,1
BCC_BCC-CSM2-MR_r1i1p1f1,sfcwind,ssp245,1
BCC_BCC-CSM2-MR_r1i1p1f1,sfcwind,ssp370,1
BCC_BCC-CSM2-MR_r1i1p1f1,sfcwind,ssp585,1
BCC_BCC-CSM2-MR_r1i1p1f1,clt,historical,1
BCC_BCC-CSM2-MR_r1i1p1f1,clt,ssp119,0
BCC_BCC-CSM2-MR_r1i1p1f1,clt,ssp126,1
BCC_BCC-CSM2-MR_r1i1p1f1,clt,ssp245,1
BCC_BCC-CSM2-MR_r1i1p1f1,clt,ssp370,1
BCC_BCC-CSM2-MR_r1i1p1f1,clt,ssp585,1
BCC_BCC-CSM2-MR_r1i1p1f1,rsds,historical,1
BCC_BCC-CSM2-MR_r1i1p1f1,rsds,ssp119,0
BCC_BCC-CSM2-MR_r1i1p1f1,rsds,ssp126,1
BCC_BCC-CSM2-MR_r1i1p1f1,rsds,ssp245,1
BCC_BCC-CSM2-MR_r1i1p1f1,rsds,ssp370,1
BCC_BCC-CSM2-MR_r1i1p1f1,rsds,ssp585,1
BCC_BCC-CSM2-MR_r1i1p1f1,rlds,historical,1
BCC_BCC-CSM2-MR_r1i1p1f1,rlds,ssp119,0
BCC_BCC-CSM2-MR_r1i1p1f1,rlds,ssp126,1
BCC_BCC-CSM2-MR_r1i1p1f1,rlds,ssp245,1
BCC_BCC-CSM2-MR_r1i1p1f1,rlds,ssp370,1
BCC_BCC-CSM2-MR_r1i1p1f1,rlds,ssp585,1
BCC_BCC-CSM2-MR_r1i1p1f1,sst,historical,0
BCC_BCC-CSM2-MR_r1i1p1f1,sst,ssp119,0
BCC_BCC-CSM2-MR_r1i1p1f1,sst,ssp126,0
BCC_BCC-CSM2-MR_r1i1p1f1,sst,ssp245,0
BCC_BCC-CSM2-MR_r1i1p1f1,sst,ssp370,0
BCC_BCC-CSM2-MR_r1i1p1f1,sst,ssp585,0
BCC_BCC-CSM2-MR_r1i1p1f1,psl,historical,1
BCC_BCC-CSM2-MR_r1i1p1f1,psl,ssp119,0
BCC_BCC-CSM2-MR_r1i1p1f1,psl,ssp126,1
BCC_BCC-CSM2-MR_r1i1p1f1,psl,ssp245,1
BCC_BCC-CSM2-MR_r1i1p1f1,psl,ssp370,1
BCC_BCC-CSM2-MR_r1i1p1f1,psl,ssp585,1
CAMS_CAMS-CSM1-0_r1i1p1f1,t,historical,0
CAMS_CAMS-CSM1-0_r1i1p1f1,t,ssp119,0
CAMS_CAMS-CSM1-0_r1i1p1f1,t,ssp126,0
CAMS_CAMS-CSM1-0_r1i1p1f1,t,ssp245,0
CAMS_CAMS-CSM1-0_r1i1p1f1,t,ssp370,0
CAMS_CAMS-CSM1-0_r1i1p1f1,t,ssp585,0
CAMS_CAMS-CSM1-0_r1i1p1f1,tn,historical,0
CAMS_CAMS-CSM1-0_r1i1p1f1,tn,ssp119,0
CAMS_CAMS-CSM1-0_r1i1p1f1,tn,ssp126,0
CAMS_CAMS-CSM1-0_r1i1p1f1,tn,ssp245,0
CAMS_CAMS-CSM1-0_r1i1p1f1,tn,ssp370,0
CAMS_CAMS-CSM1-0_r1i1p1f1,tn,ssp585,0
CAMS_CAMS-CSM1-0_r1i1p1f1,tx,historical,0
CAMS_CAMS-CSM1-0_r1i1p1f1,tx,ssp119,0
CAMS_CAMS-CSM1-0_r1i1p1f1,tx,ssp126,0
CAMS_CAMS-CSM1-0_r1i1p1f1,tx,ssp245,0
CAMS_CAMS-CSM1-0_r1i1p1f1,tx,ssp370,0
CAMS_CAMS-CSM1-0_r1i1p1f1,tx,ssp585,0
CAMS_CAMS-CSM1-0_r1i1p1f1,dtr,historical,0
CAMS_CAMS-CSM1-0_r1i1p1f1,dtr,ssp119,0
CAMS_CAMS-CSM1-0_r1i1p1f1,dtr,ssp126,0
CAMS_CAMS-CSM1-0_r1i1p1f1,dtr,ssp245,0
CAMS_CAMS-CSM1-0_r1i1p1f1,dtr,ssp370,0
CAMS_CAMS-CSM1-0_r1i1p1f1,dtr,ssp585,0
CAMS_CAMS-CSM1-0_r1i1p1f1,hd,historical,0
CAMS_CAMS-CSM1-0_r1i1p1f1,hd,ssp119,0
CAMS_CAMS-CSM1-0_r1i1p1f1,hd,ssp126,0
CAMS_CAMS-CSM1-0_r1i1p1f1,hd,ssp245,0
CAMS_CAMS-CSM1-0_r1i1p1f1,hd,ssp370,0
CAMS_CAMS-CSM1-0_r1i1p1f1,hd,ssp585,0
CAMS_CAMS-CSM1-0_r1i1p1f1,cd,historical,0
CAMS_CAMS-CSM1-0_r1i1p1f1,cd,ssp119,0
CAMS_CAMS-CSM1-0_r1i1p1f1,cd,ssp126,0
CAMS_CAMS-CSM1-0_r1i1p1f1,cd,ssp245,0
CAMS_CAMS-CSM1-0_r1i1p1f1,cd,ssp370,0
CAMS_CAMS-CSM1-0_r1i1p1f1,cd,ssp585,0
CAMS_CAMS-CSM1-0_r1i1p1f1,r,historical,0
CAMS_CAMS-CSM1-0_r1i1p1f1,r,ssp119,0
CAMS_CAMS-CSM1-0_r1i1p1f1,r,ssp126,0
CAMS_CAMS-CSM1-0_r1i1p1f1,r,ssp245,0
CAMS_CAMS-CSM1-0_r1i1p1f1,r,ssp370,0
CAMS_CAMS-CSM1-0_r1i1p1f1,r,ssp585,0
CAMS_CAMS-CSM1-0_r1i1p1f1,spei6,historical,0
CAMS_CAMS-CSM1-0_r1i1p1f1,spei6,ssp119,0
CAMS_CAMS-CSM1-0_r1i1p1f1,spei6,ssp126,0
CAMS_CAMS-CSM1-0_r1i1p1f1,spei6,ssp245,0
CAMS_CAMS-CSM1-0_r1i1p1f1,spei6,ssp370,0
CAMS_CAMS-CSM1-0_r1i1p1f1,spei6,ssp585,0
CAMS_CAMS-CSM1-0_r1i1p1f1,pet,historical,0
CAMS_CAMS-CSM1-0_r1i1p1f1,pet,ssp119,0
CAMS_CAMS-CSM1-0_r1i1p1f1,pet,ssp126,0
CAMS_CAMS-CSM1-0_r1i1p1f1,pet,ssp245,0
CAMS_CAMS-CSM1-0_r1i1p1f1,pet,ssp370,0
CAMS_CAMS-CSM1-0_r1i1p1f1,pet,ssp585,0
CAMS_CAMS-CSM1-0_r1i1p1f1,huss,historical,0
CAMS_CAMS-CSM1-0_r1i1p1f1,huss,ssp119,0
CAMS_CAMS-CSM1-0_r1i1p1f1,huss,ssp126,0
CAMS_CAMS-CSM1-0_r1i1p1f1,huss,ssp245,0
CAMS_CAMS-CSM1-0_r1i1p1f1,huss,ssp370,0
CAMS_CAMS-CSM1-0_r1i1p1f1,huss,ssp585,0
CAMS_CAMS-CSM1-0_r1i1p1f1,evspsbl,historical,0
CAMS_CAMS-CSM1-0_r1i1p1f1,evspsbl,ssp119,0
CAMS_CAMS-CSM1-0_r1i1p1f1,evspsbl,ssp126,0
CAMS_CAMS-CSM1-0_r1i1p1f1,evspsbl,ssp245,0
CAMS_CAMS-CSM1-0_r1i1p1f1,evspsbl,ssp370,0
CAMS_CAMS-CSM1-0_r1i1p1f1,evspsbl,ssp585,0
CAMS_CAMS-CSM1-0_r1i1p1f1,mrsos,historical,0
CAMS_CAMS-CSM1-0_r1i1p1f1,mrsos,ssp119,0
CAMS_CAMS-CSM1-0_r1i1p1f1,mrsos,ssp126,0
CAMS_CAMS-CSM1-0_r1i1p1f1,mrsos,ssp245,0
CAMS_CAMS-CSM1-0_r1i1p1f1,mrsos,ssp370,0
CAMS_CAMS-CSM1-0_r1i1p1f1,mrsos,ssp585,0
CAMS_CAMS-CSM1-0_r1i1p1f1,mrro,historical,0
CAMS_CAMS-CSM1-0_r1i1p1f1,mrro,ssp119,0
CAMS_CAMS-CSM1-0_r1i1p1f1,mrro,ssp126,0
CAMS_CAMS-CSM1-0_r1i1p1f1,mrro,ssp245,0
CAMS_CAMS-CSM1-0_r1i1p1f1,mrro,ssp370,0
CAMS_CAMS-CSM1-0_r1i1p1f1,mrro,ssp585,0
CAMS_CAMS-CSM1-0_r1i1p1f1,prsn,historical,0
CAMS_CAMS-CSM1-0_r1i1p1f1,prsn,ssp119,0
CAMS_CAMS-CSM1-0_r1i1p1f1,prsn,ssp126,0
CAMS_CAMS-CSM1-0_r1i1p1f1,prsn,ssp245,0
CAMS_CAMS-CSM1-0_r1i1p1f1,prsn,ssp370,0
CAMS_CAMS-CSM1-0_r1i1p1f1,prsn,ssp585,0
CAMS_CAMS-CSM1-0_r1i1p1f1,siconc,historical,1
CAMS_CAMS-CSM1-0_r1i1p1f1,siconc,ssp119,1
CAMS_CAMS-CSM1-0_r1i1p1f1,siconc,ssp126,1
CAMS_CAMS-CSM1-0_r1i1p1f1,siconc,ssp245,1
CAMS_CAMS-CSM1-0_r1i1p1f1,siconc,ssp370,1
CAMS_CAMS-CSM1-0_r1i1p1f1,siconc,ssp585,1
CAMS_CAMS-CSM1-0_r1i1p1f1,sfcwind,historical,0
CAMS_CAMS-CSM1-0_r1i1p1f1,sfcwind,ssp119,0
CAMS_CAMS-CSM1-0_r1i1p1f1,sfcwind,ssp126,0
CAMS_CAMS-CSM1-0_r1i1p1f1,sfcwind,ssp245,0
CAMS_CAMS-CSM1-0_r1i1p1f1,sfcwind,ssp370,0
CAMS_CAMS-CSM1-0_r1i1p1f1,sfcwind,ssp585,0
CAMS_CAMS-CSM1-0_r1i1p1f1,clt,historical,1
CAMS_CAMS-CSM1-0_r1i1p1f1,clt,ssp119,1
CAMS_CAMS-CSM1-0_r1i1p1f1,clt,ssp126,1
CAMS_CAMS-CSM1-0_r1i1p1f1,clt,ssp245,1
CAMS_CAMS-CSM1-0_r1i1p1f1,clt,ssp370,1
CAMS_CAMS-CSM1-0_r1i1p1f1,clt,ssp585,1
CAMS_CAMS-CSM1-0_r1i1p1f1,rsds,historical,1
CAMS_CAMS-CSM1-0_r1i1p1f1,rsds,ssp119,1
CAMS_CAMS-CSM1-0_r1i1p1f1,rsds,ssp126,1
CAMS_CAMS-CSM1-0_r1i1p1f1,rsds,ssp245,1
CAMS_CAMS-CSM1-0_r1i1p1f1,rsds,ssp370,1
CAMS_CAMS-CSM1-0_r1i1p1f1,rsds,ssp585,1
CAMS_CAMS-CSM1-0_r1i1p1f1,rlds,historical,1
CAMS_CAMS-CSM1-0_r1i1p1f1,rlds,ssp119,1
CAMS_CAMS-CSM1-0_r1i1p1f1,rlds,ssp126,1
CAMS_CAMS-CSM1-0_r1i1p1f1,rlds,ssp245,1
CAMS_CAMS-CSM1-0_r1i1p1f1,rlds,ssp370,1
CAMS_CAMS-CSM1-0_r1i1p1f1,rlds,ssp585,1
CAMS_CAMS-CSM1-0_r1i1p1f1,sst,historical,1
CAMS_CAMS-CSM1-0_r1i1p1f1,sst,ssp119,1
CAMS_CAMS-CSM1-0_r1i1p1f1,sst,ssp126,1
CAMS_CAMS-CSM1-0_r1i1p1f1,sst,ssp245,1
CAMS_CAMS-CSM1-0_r1i1p1f1,sst,ssp370,1
CAMS_CAMS-CSM1-0_r1i1p1f1,sst,ssp585,1
CAMS_CAMS-CSM1-0_r1i1p1f1,psl,historical,1
CAMS_CAMS-CSM1-0_r1i1p1f1,psl,ssp119,1
CAMS_CAMS-CSM1-0_r1i1p1f1,psl,ssp126,1
CAMS_CAMS-CSM1-0_r1i1p1f1,psl,ssp245,1
CAMS_CAMS-CSM1-0_r1i1p1f1,psl,ssp370,1
CAMS_CAMS-CSM1-0_r1i1p1f1,psl,ssp585,1
CAS_FGOALS-f3-L_r1i1p1f1,t,historical,0
CAS_FGOALS-f3-L_r1i1p1f1,t,ssp119,0
CAS_FGOALS-f3-L_r1i1p1f1,t,ssp126,0
CAS_FGOALS-f3-L_r1i1p1f1,t,ssp245,0
CAS_FGOALS-f3-L_r1i1p1f1,t,ssp370,0
CAS_FGOALS-f3-L_r1i1p1f1,t,ssp585,0
CAS_FGOALS-f3-L_r1i1p1f1,tn,historical,0
CAS_FGOALS-f3-L_r1i1p1f1,tn,ssp119,0
CAS_FGOALS-f3-L_r1i1p1f1,tn,ssp126,0
CAS_FGOALS-f3-L_r1i1p1f1,tn,ssp245,0
CAS_FGOALS-f3-L_r1i1p1f1,tn,ssp370,0
CAS_FGOALS-f3-L_r1i1p1f1,tn,ssp585,0
CAS_FGOALS-f3-L_r1i1p1f1,tx,historical,0
CAS_FGOALS-f3-L_r1i1p1f1,tx,ssp119,0
CAS_FGOALS-f3-L_r1i1p1f1,tx,ssp126,0
CAS_FGOALS-f3-L_r1i1p1f1,tx,ssp245,0
CAS_FGOALS-f3-L_r1i1p1f1,tx,ssp370,0
CAS_FGOALS-f3-L_r1i1p1f1,tx,ssp585,0
CAS_FGOALS-f3-L_r1i1p1f1,dtr,historical,0
CAS_FGOALS-f3-L_r1i1p1f1,dtr,ssp119,0
CAS_FGOALS-f3-L_r1i1p1f1,dtr,ssp126,0
CAS_FGOALS-f3-L_r1i1p1f1,dtr,ssp245,0
CAS_FGOALS-f3-L_r1i1p1f1,dtr,ssp370,0
CAS_FGOALS-f3-L_r1i1p1f1,dtr,ssp585,0
CAS_FGOALS-f3-L_r1i1p1f1,hd,historical,0
CAS_FGOALS-f3-L_r1i1p1f1,hd,ssp119,0
CAS_FGOALS-f3-L_r1i1p1f1,hd,ssp126,0
CAS_FGOALS-f3-L_r1i1p1f1,hd,ssp245,0
CAS_FGOALS-f3-L_r1i1p1f1,hd,ssp370,0
CAS_FGOALS-f3-L_r1i1p1f1,hd,ssp585,0
CAS_FGOALS-f3-L_r1i1p1f1,cd,historical,0
CAS_FGOALS-f3-L_r1i1p1f1,cd,ssp119,0
CAS_FGOALS-f3-L_r1i1p1f1,cd,ssp126,0
CAS_FGOALS-f3-L_r1i1p1f1,cd,ssp245,0
CAS_FGOALS-f3-L_r1i1p1f1,cd,ssp370,0
CAS_FGOALS-f3-L_r1i1p1f1,cd,ssp585,0
CAS_FGOALS-f3-L_r1i1p1f1,r,historical,0
CAS_FGOALS-f3-L_r1i1p1f1,r,ssp119,0
CAS_FGOALS-f3-L_r1i1p1f1,r,ssp126,0
CAS_FGOALS-f3-L_r1i1p1f1,r,ssp245,0
CAS_FGOALS-f3-L_r1i1p1f1,r,ssp370,0
CAS_FGOALS-f3-L_r1i1p1f1,r,ssp585,0
CAS_FGOALS-f3-L_r1i1p1f1,spei6,historical,0
CAS_FGOALS-f3-L_r1i1p1f1,spei6,ssp119,0
CAS_FGOALS-f3-L_r1i1p1f1,spei6,ssp126,0
CAS_FGOALS-f3-L_r1i1p1f1,spei6,ssp245,0
CAS_FGOALS-f3-L_r1i1p1f1,spei6,ssp370,0
CAS_FGOALS-f3-L_r1i1p1f1,spei6,ssp585,0
CAS_FGOALS-f3-L_r1i1p1f1,pet,historical,0
CAS_FGOALS-f3-L_r1i1p1f1,pet,ssp119,0
CAS_FGOALS-f3-L_r1i1p1f1,pet,ssp126,0
CAS_FGOALS-f3-L_r1i1p1f1,pet,ssp245,0
CAS_FGOALS-f3-L_r1i1p1f1,pet,ssp370,0
CAS_FGOALS-f3-L_r1i1p1f1,pet,ssp585,0
CAS_FGOALS-f3-L_r1i1p1f1,huss,historical,1
CAS_FGOALS-f3-L_r1i1p1f1,huss,ssp119,0
CAS_FGOALS-f3-L_r1i1p1f1,huss,ssp126,1
CAS_FGOALS-f3-L_r1i1p1f1,huss,ssp245,1
CAS_FGOALS-f3-L_r1i1p1f1,huss,ssp370,1
CAS_FGOALS-f3-L_r1i1p1f1,huss,ssp585,1
CAS_FGOALS-f3-L_r1i1p1f1,evspsbl,historical,1
CAS_FGOALS-f3-L_r1i1p1f1,evspsbl,ssp119,0
CAS_FGOALS-f3-L_r1i1p1f1,evspsbl,ssp126,1
CAS_FGOALS-f3-L_r1i1p1f1,evspsbl,ssp245,1
CAS_FGOALS-f3-L_r1i1p1f1,evspsbl,ssp370,1
CAS_FGOALS-f3-L_r1i1p1f1,evspsbl,ssp585,1
CAS_FGOALS-f3-L_r1i1p1f1,mrsos,historical,0
CAS_FGOALS-f3-L_r1i1p1f1,mrsos,ssp119,0
CAS_FGOALS-f3-L_r1i1p1f1,mrsos,ssp126,0
CAS_FGOALS-f3-L_r1i1p1f1,mrsos,ssp245,0
CAS_FGOALS-f3-L_r1i1p1f1,mrsos,ssp370,0
CAS_FGOALS-f3-L_r1i1p1f1,mrsos,ssp585,0
CAS_FGOALS-f3-L_r1i1p1f1,mrro,historical,0
CAS_FGOALS-f3-L_r1i1p1f1,mrro,ssp119,0
CAS_FGOALS-f3-L_r1i1p1f1,mrro,ssp126,0
CAS_FGOALS-f3-L_r1i1p1f1,mrro,ssp245,0
CAS_FGOALS-f3-L_r1i1p1f1,mrro,ssp370,0
CAS_FGOALS-f3-L_r1i1p1f1,mrro,ssp585,0
CAS_FGOALS-f3-L_r1i1p1f1,prsn,historical,1
CAS_FGOALS-f3-L_r1i1p1f1,prsn,ssp119,0
CAS_FGOALS-f3-L_r1i1p1f1,prsn,ssp126,1
CAS_FGOALS-f3-L_r1i1p1f1,prsn,ssp245,1
CAS_FGOALS-f3-L_r1i1p1f1,prsn,ssp370,1
CAS_FGOALS-f3-L_r1i1p1f1,prsn,ssp585,1
CAS_FGOALS-f3-L_r1i1p1f1,siconc,historical,1
CAS_FGOALS-f3-L_r1i1p1f1,siconc,ssp119,0
CAS_FGOALS-f3-L_r1i1p1f1,siconc,ssp126,1
CAS_FGOALS-f3-L_r1i1p1f1,siconc,ssp245,1
CAS_FGOALS-f3-L_r1i1p1f1,siconc,ssp370,1
CAS_FGOALS-f3-L_r1i1p1f1,siconc,ssp585,1
CAS_FGOALS-f3-L_r1i1p1f1,sfcwind,historical,1
CAS_FGOALS-f3-L_r1i1p1f1,sfcwind,ssp119,0
CAS_FGOALS-f3-L_r1i1p1f1,sfcwind,ssp126,1
CAS_FGOALS-f3-L_r1i1p1f1,sfcwind,ssp245,1
CAS_FGOALS-f3-L_r1i1p1f1,sfcwind,ssp370,1
CAS_FGOALS-f3-L_r1i1p1f1,sfcwind,ssp585,1
CAS_FGOALS-f3-L_r1i1p1f1,clt,historical,0
CAS_FGOALS-f3-L_r1i1p1f1,clt,ssp119,0
CAS_FGOALS-f3-L_r1i1p1f1,clt,ssp126,0
CAS_FGOALS-f3-L_r1i1p1f1,clt,ssp245,0
CAS_FGOALS-f3-L_r1i1p1f1,clt,ssp370,0
CAS_FGOALS-f3-L_r1i1p1f1,clt,ssp585,0
CAS_FGOALS-f3-L_r1i1p1f1,rsds,historical,1
CAS_FGOALS-f3-L_r1i1p1f1,rsds,ssp119,0
CAS_FGOALS-f3-L_r1i1p1f1,rsds,ssp126,1
CAS_FGOALS-f3-L_r1i1p1f1,rsds,ssp245,1
CAS_FGOALS-f3-L_r1i1p1f1,rsds,ssp370,1
CAS_FGOALS-f3-L_r1i1p1f1,rsds,ssp585,1
CAS_FGOALS-f3-L_r1i1p1f1,rlds,historical,1
CAS_FGOALS-f3-L_r1i1p1f1,rlds,ssp119,0
CAS_FGOALS-f3-L_r1i1p1f1,rlds,ssp126,1
CAS_FGOALS-f3-L_r1i1p1f1,rlds,ssp245,1
CAS_FGOALS-f3-L_r1i1p1f1,rlds,ssp370,1
CAS_FGOALS-f3-L_r1i1p1f1,rlds,ssp585,1
CAS_FGOALS-f3-L_r1i1p1f1,sst,historical,1
CAS_FGOALS-f3-L_r1i1p1f1,sst,ssp119,0
CAS_FGOALS-f3-L_r1i1p1f1,sst,ssp126,1
CAS_FGOALS-f3-L_r1i1p1f1,sst,ssp245,1
CAS_FGOALS-f3-L_r1i1p1f1,sst,ssp370,1
CAS_FGOALS-f3-L_r1i1p1f1,sst,ssp585,1
CAS_FGOALS-f3-L_r1i1p1f1,psl,historical,1
CAS_FGOALS-f3-L_r1i1p1f1,psl,ssp119,0
CAS_FGOALS-f3-L_r1i1p1f1,psl,ssp126,1
CAS_FGOALS-f3-L_r1i1p1f1,psl,ssp245,1
CAS_FGOALS-f3-L_r1i1p1f1,psl,ssp370,1
CAS_FGOALS-f3-L_r1i1p1f1,psl,ssp585,1
CAS_FGOALS-g3_r1i1p1f1,t,historical,1
CAS_FGOALS-g3_r1i1p1f1,t,ssp119,1
CAS_FGOALS-g3_r1i1p1f1,t,ssp126,1
CAS_FGOALS-g3_r1i1p1f1,t,ssp245,0
CAS_FGOALS-g3_r1i1p1f1,t,ssp370,1
CAS_FGOALS-g3_r1i1p1f1,t,ssp585,0
CAS_FGOALS-g3_r1i1p1f1,tn,historical,1
CAS_FGOALS-g3_r1i1p1f1,tn,ssp119,1
CAS_FGOALS-g3_r1i1p1f1,tn,ssp126,1
CAS_FGOALS-g3_r1i1p1f1,tn,ssp245,0
CAS_FGOALS-g3_r1i1p1f1,tn,ssp370,1
CAS_FGOALS-g3_r1i1p1f1,tn,ssp585,0
CAS_FGOALS-g3_r1i1p1f1,tx,historical,1
CAS_FGOALS-g3_r1i1p1f1,tx,ssp119,1
CAS_FGOALS-g3_r1i1p1f1,tx,ssp126,1
CAS_FGOALS-g3_r1i1p1f1,tx,ssp245,0
CAS_FGOALS-g3_r1i1p1f1,tx,ssp370,1
CAS_FGOALS-g3_r1i1p1f1,tx,ssp585,0
CAS_FGOALS-g3_r1i1p1f1,dtr,historical,1
CAS_FGOALS-g3_r1i1p1f1,dtr,ssp119,1
CAS_FGOALS-g3_r1i1p1f1,dtr,ssp126,1
CAS_FGOALS-g3_r1i1p1f1,dtr,ssp245,0
CAS_FGOALS-g3_r1i1p1f1,dtr,ssp370,1
CAS_FGOALS-g3_r1i1p1f1,dtr,ssp585,0
CAS_FGOALS-g3_r1i1p1f1,hd,historical,1
CAS_FGOALS-g3_r1i1p1f1,hd,ssp119,1
CAS_FGOALS-g3_r1i1p1f1,hd,ssp126,1
CAS_FGOALS-g3_r1i1p1f1,hd,ssp245,0
CAS_FGOALS-g3_r1i1p1f1,hd,ssp370,1
CAS_FGOALS-g3_r1i1p1f1,hd,ssp585,0
CAS_FGOALS-g3_r1i1p1f1,cd,historical,1
CAS_FGOALS-g3_r1i1p1f1,cd,ssp119,1
CAS_FGOALS-g3_r1i1p1f1,cd,ssp126,1
CAS_FGOALS-g3_r1i1p1f1,cd,ssp245,0
CAS_FGOALS-g3_r1i1p1f1,cd,ssp370,1
CAS_FGOALS-g3_r1i1p1f1,cd,ssp585,0
CAS_FGOALS-g3_r1i1p1f1,r,historical,1
CAS_FGOALS-g3_r1i1p1f1,r,ssp119,1
CAS_FGOALS-g3_r1i1p1f1,r,ssp126,1
CAS_FGOALS-g3_r1i1p1f1,r,ssp245,1
CAS_FGOALS-g3_r1i1p1f1,r,ssp370,1
CAS_FGOALS-g3_r1i1p1f1,r,ssp585,1
CAS_FGOALS-g3_r1i1p1f1,spei6,historical,1
CAS_FGOALS-g3_r1i1p1f1,spei6,ssp119,1
CAS_FGOALS-g3_r1i1p1f1,spei6,ssp126,1
CAS_FGOALS-g3_r1i1p1f1,spei6,ssp245,0
CAS_FGOALS-g3_r1i1p1f1,spei6,ssp370,1
CAS_FGOALS-g3_r1i1p1f1,spei6,ssp585,0
CAS_FGOALS-g3_r1i1p1f1,pet,historical,1
CAS_FGOALS-g3_r1i1p1f1,pet,ssp119,1
CAS_FGOALS-g3_r1i1p1f1,pet,ssp126,1
CAS_FGOALS-g3_r1i1p1f1,pet,ssp245,0
CAS_FGOALS-g3_r1i1p1f1,pet,ssp370,1
CAS_FGOALS-g3_r1i1p1f1,pet,ssp585,0
CAS_FGOALS-g3_r1i1p1f1,huss,historical,1
CAS_FGOALS-g3_r1i1p1f1,huss,ssp119,0
CAS_FGOALS-g3_r1i1p1f1,huss,ssp126,1
CAS_FGOALS-g3_r1i1p1f1,huss,ssp245,1
CAS_FGOALS-g3_r1i1p1f1,huss,ssp370,1
CAS_FGOALS-g3_r1i1p1f1,huss,ssp585,1
CAS_FGOALS-g3_r1i1p1f1,evspsbl,historical,1
CAS_FGOALS-g3_r1i1p1f1,evspsbl,ssp119,0
CAS_FGOALS-g3_r1i1p1f1,evspsbl,ssp126,1
CAS_FGOALS-g3_r1i1p1f1,evspsbl,ssp245,1
CAS_FGOALS-g3_r1i1p1f1,evspsbl,ssp370,1
CAS_FGOALS-g3_r1i1p1f1,evspsbl,ssp585,1
CAS_FGOALS-g3_r1i1p1f1,mrsos,historical,0
CAS_FGOALS-g3_r1i1p1f1,mrsos,ssp119,0
CAS_FGOALS-g3_r1i1p1f1,mrsos,ssp126,0
CAS_FGOALS-g3_r1i1p1f1,mrsos,ssp245,0
CAS_FGOALS-g3_r1i1p1f1,mrsos,ssp370,0
CAS_FGOALS-g3_r1i1p1f1,mrsos,ssp585,0
CAS_FGOALS-g3_r1i1p1f1,mrro,historical,0
CAS_FGOALS-g3_r1i1p1f1,mrro,ssp119,0
CAS_FGOALS-g3_r1i1p1f1,mrro,ssp126,0
CAS_FGOALS-g3_r1i1p1f1,mrro,ssp245,0
CAS_FGOALS-g3_r1i1p1f1,mrro,ssp370,0
CAS_FGOALS-g3_r1i1p1f1,mrro,ssp585,0
CAS_FGOALS-g3_r1i1p1f1,prsn,historical,1
CAS_FGOALS-g3_r1i1p1f1,prsn,ssp119,0
CAS_FGOALS-g3_r1i1p1f1,prsn,ssp126,1
CAS_FGOALS-g3_r1i1p1f1,prsn,ssp245,0
CAS_FGOALS-g3_r1i1p1f1,prsn,ssp370,1
CAS_FGOALS-g3_r1i1p1f1,prsn,ssp585,1
CAS_FGOALS-g3_r1i1p1f1,siconc,historical,0
CAS_FGOALS-g3_r1i1p1f1,siconc,ssp119,0
CAS_FGOALS-g3_r1i1p1f1,siconc,ssp126,0
CAS_FGOALS-g3_r1i1p1f1,siconc,ssp245,0
CAS_FGOALS-g3_r1i1p1f1,siconc,ssp370,0
CAS_FGOALS-g3_r1i1p1f1,siconc,ssp585,0
CAS_FGOALS-g3_r1i1p1f1,sfcwind,historical,1
CAS_FGOALS-g3_r1i1p1f1,sfcwind,ssp119,1
CAS_FGOALS-g3_r1i1p1f1,sfcwind,ssp126,1
CAS_FGOALS-g3_r1i1p1f1,sfcwind,ssp245,1
CAS_FGOALS-g3_r1i1p1f1,sfcwind,ssp370,1
CAS_FGOALS-g3_r1i1p1f1,sfcwind,ssp585,1
CAS_FGOALS-g3_r1i1p1f1,clt,historical,1
CAS_FGOALS-g3_r1i1p1f1,clt,ssp119,1
CAS_FGOALS-g3_r1i1p1f1,clt,ssp126,1
CAS_FGOALS-g3_r1i1p1f1,clt,ssp245,1
CAS_FGOALS-g3_r1i1p1f1,clt,ssp370,1
CAS_FGOALS-g3_r1i1p1f1,clt,ssp585,1
CAS_FGOALS-g3_r1i1p1f1,rsds,historical,1
CAS_FGOALS-g3_r1i1p1f1,rsds,ssp119,1
CAS_FGOALS-g3_r1i1p1f1,rsds,ssp126,1
CAS_FGOALS-g3_r1i1p1f1,rsds,ssp245,0
CAS_FGOALS-g3_r1i1p1f1,rsds,ssp370,1
CAS_FGOALS-g3_r1i1p1f1,rsds,ssp585,1
CAS_FGOALS-g3_r1i1p1f1,rlds,historical,1
CAS_FGOALS-g3_r1i1p1f1,rlds,ssp119,1
CAS_FGOALS-g3_r1i1p1f1,rlds,ssp126,1
CAS_FGOALS-g3_r1i1p1f1,rlds,ssp245,0
CAS_FGOALS-g3_r1i1p1f1,rlds,ssp370,1
CAS_FGOALS-g3_r1i1p1f1,rlds,ssp585,1
CAS_FGOALS-g3_r1i1p1f1,sst,historical,1
CAS_FGOALS-g3_r1i1p1f1,sst,ssp119,0
CAS_FGOALS-g3_r1i1p1f1,sst,ssp126,1
CAS_FGOALS-g3_r1i1p1f1,sst,ssp245,1
CAS_FGOALS-g3_r1i1p1f1,sst,ssp370,1
CAS_FGOALS-g3_r1i1p1f1,sst,ssp585,1
CAS_FGOALS-g3_r1i1p1f1,psl,historical,1
CAS_FGOALS-g3_r1i1p1f1,psl,ssp119,0
CAS_FGOALS-g3_r1i1p1f1,psl,ssp126,1
CAS_FGOALS-g3_r1i1p1f1,psl,ssp245,1
CAS_FGOALS-g3_r1i1p1f1,psl,ssp370,1
CAS_FGOALS-g3_r1i1p1f1,psl,ssp585,1
CCCR-IITM_IITM-ESM_r1i1p1f1,t,historical,1
CCCR-IITM_IITM-ESM_r1i1p1f1,t,ssp119,0
CCCR-IITM_IITM-ESM_r1i1p1f1,t,ssp126,1
CCCR-IITM_IITM-ESM_r1i1p1f1,t,ssp245,1
CCCR-IITM_IITM-ESM_r1i1p1f1,t,ssp370,0
CCCR-IITM_IITM-ESM_r1i1p1f1,t,ssp585,1
CCCR-IITM_IITM-ESM_r1i1p1f1,tn,historical,0
CCCR-IITM_IITM-ESM_r1i1p1f1,tn,ssp119,0
CCCR-IITM_IITM-ESM_r1i1p1f1,tn,ssp126,0
CCCR-IITM_IITM-ESM_r1i1p1f1,tn,ssp245,0
CCCR-IITM_IITM-ESM_r1i1p1f1,tn,ssp370,0
CCCR-IITM_IITM-ESM_r1i1p1f1,tn,ssp585,0
CCCR-IITM_IITM-ESM_r1i1p1f1,tx,historical,0
CCCR-IITM_IITM-ESM_r1i1p1f1,tx,ssp119,0
CCCR-IITM_IITM-ESM_r1i1p1f1,tx,ssp126,0
CCCR-IITM_IITM-ESM_r1i1p1f1,tx,ssp245,0
CCCR-IITM_IITM-ESM_r1i1p1f1,tx,ssp370,0
CCCR-IITM_IITM-ESM_r1i1p1f1,tx,ssp585,0
CCCR-IITM_IITM-ESM_r1i1p1f1,dtr,historical,0
CCCR-IITM_IITM-ESM_r1i1p1f1,dtr,ssp119,0
CCCR-IITM_IITM-ESM_r1i1p1f1,dtr,ssp126,0
CCCR-IITM_IITM-ESM_r1i1p1f1,dtr,ssp245,0
CCCR-IITM_IITM-ESM_r1i1p1f1,dtr,ssp370,0
CCCR-IITM_IITM-ESM_r1i1p1f1,dtr,ssp585,0
CCCR-IITM_IITM-ESM_r1i1p1f1,hd,historical,0
CCCR-IITM_IITM-ESM_r1i1p1f1,hd,ssp119,0
CCCR-IITM_IITM-ESM_r1i1p1f1,hd,ssp126,0
CCCR-IITM_IITM-ESM_r1i1p1f1,hd,ssp245,0
CCCR-IITM_IITM-ESM_r1i1p1f1,hd,ssp370,0
CCCR-IITM_IITM-ESM_r1i1p1f1,hd,ssp585,0
CCCR-IITM_IITM-ESM_r1i1p1f1,cd,historical,0
CCCR-IITM_IITM-ESM_r1i1p1f1,cd,ssp119,0
CCCR-IITM_IITM-ESM_r1i1p1f1,cd,ssp126,0
CCCR-IITM_IITM-ESM_r1i1p1f1,cd,ssp245,0
CCCR-IITM_IITM-ESM_r1i1p1f1,cd,ssp370,0
CCCR-IITM_IITM-ESM_r1i1p1f1,cd,ssp585,0
CCCR-IITM_IITM-ESM_r1i1p1f1,r,historical,1
CCCR-IITM_IITM-ESM_r1i1p1f1,r,ssp119,0
CCCR-IITM_IITM-ESM_r1i1p1f1,r,ssp126,1
CCCR-IITM_IITM-ESM_r1i1p1f1,r,ssp245,1
CCCR-IITM_IITM-ESM_r1i1p1f1,r,ssp370,0
CCCR-IITM_IITM-ESM_r1i1p1f1,r,ssp585,1
CCCR-IITM_IITM-ESM_r1i1p1f1,spei6,historical,0
CCCR-IITM_IITM-ESM_r1i1p1f1,spei6,ssp119,0
CCCR-IITM_IITM-ESM_r1i1p1f1,spei6,ssp126,0
CCCR-IITM_IITM-ESM_r1i1p1f1,spei6,ssp245,0
CCCR-IITM_IITM-ESM_r1i1p1f1,spei6,ssp370,0
CCCR-IITM_IITM-ESM_r1i1p1f1,spei6,ssp585,0
CCCR-IITM_IITM-ESM_r1i1p1f1,pet,historical,0
CCCR-IITM_IITM-ESM_r1i1p1f1,pet,ssp119,0
CCCR-IITM_IITM-ESM_r1i1p1f1,pet,ssp126,0
CCCR-IITM_IITM-ESM_r1i1p1f1,pet,ssp245,0
CCCR-IITM_IITM-ESM_r1i1p1f1,pet,ssp370,0
CCCR-IITM_IITM-ESM_r1i1p1f1,pet,ssp585,0
CCCR-IITM_IITM-ESM_r1i1p1f1,huss,historical,1
CCCR-IITM_IITM-ESM_r1i1p1f1,huss,ssp119,0
CCCR-IITM_IITM-ESM_r1i1p1f1,huss,ssp126,1
CCCR-IITM_IITM-ESM_r1i1p1f1,huss,ssp245,1
CCCR-IITM_IITM-ESM_r1i1p1f1,huss,ssp370,0
CCCR-IITM_IITM-ESM_r1i1p1f1,huss,ssp585,1
CCCR-IITM_IITM-ESM_r1i1p1f1,evspsbl,historical,1
CCCR-IITM_IITM-ESM_r1i1p1f1,evspsbl,ssp119,0
CCCR-IITM_IITM-ESM_r1i1p1f1,evspsbl,ssp126,1
CCCR-IITM_IITM-ESM_r1i1p1f1,evspsbl,ssp245,1
CCCR-IITM_IITM-ESM_r1i1p1f1,evspsbl,ssp370,0
CCCR-IITM_IITM-ESM_r1i1p1f1,evspsbl,ssp585,1
CCCR-IITM_IITM-ESM_r1i1p1f1,mrsos,historical,0
CCCR-IITM_IITM-ESM_r1i1p1f1,mrsos,ssp119,0
CCCR-IITM_IITM-ESM_r1i1p1f1,mrsos,ssp126,0
CCCR-IITM_IITM-ESM_r1i1p1f1,mrsos,ssp245,0
CCCR-IITM_IITM-ESM_r1i1p1f1,mrsos,ssp370,0
CCCR-IITM_IITM-ESM_r1i1p1f1,mrsos,ssp585,0
CCCR-IITM_IITM-ESM_r1i1p1f1,mrro,historical,0
CCCR-IITM_IITM-ESM_r1i1p1f1,mrro,ssp119,0
CCCR-IITM_IITM-ESM_r1i1p1f1,mrro,ssp126,0
CCCR-IITM_IITM-ESM_r1i1p1f1,mrro,ssp245,0
CCCR-IITM_IITM-ESM_r1i1p1f1,mrro,ssp370,0
CCCR-IITM_IITM-ESM_r1i1p1f1,mrro,ssp585,0
CCCR-IITM_IITM-ESM_r1i1p1f1,prsn,historical,1
CCCR-IITM_IITM-ESM_r1i1p1f1,prsn,ssp119,0
CCCR-IITM_IITM-ESM_r1i1p1f1,prsn,ssp126,1
CCCR-IITM_IITM-ESM_r1i1p1f1,prsn,ssp245,1
CCCR-IITM_IITM-ESM_r1i1p1f1,prsn,ssp370,0
CCCR-IITM_IITM-ESM_r1i1p1f1,prsn,ssp585,1
CCCR-IITM_IITM-ESM_r1i1p1f1,siconc,historical,0
CCCR-IITM_IITM-ESM_r1i1p1f1,siconc,ssp119,0
CCCR-IITM_IITM-ESM_r1i1p1f1,siconc,ssp126,0
CCCR-IITM_IITM-ESM_r1i1p1f1,siconc,ssp245,0
CCCR-IITM_IITM-ESM_r1i1p1f1,siconc,ssp370,0
CCCR-IITM_IITM-ESM_r1i1p1f1,siconc,ssp585,0
CCCR-IITM_IITM-ESM_r1i1p1f1,sfcwind,historical,1
CCCR-IITM_IITM-ESM_r1i1p1f1,sfcwind,ssp119,0
CCCR-IITM_IITM-ESM_r1i1p1f1,sfcwind,ssp126,1
CCCR-IITM_IITM-ESM_r1i1p1f1,sfcwind,ssp245,1
CCCR-IITM_IITM-ESM_r1i1p1f1,sfcwind,ssp370,0
CCCR-IITM_IITM-ESM_r1i1p1f1,sfcwind,ssp585,1
CCCR-IITM_IITM-ESM_r1i1p1f1,clt,historical,1
CCCR-IITM_IITM-ESM_r1i1p1f1,clt,ssp119,0
CCCR-IITM_IITM-ESM_r1i1p1f1,clt,ssp126,1
CCCR-IITM_IITM-ESM_r1i1p1f1,clt,ssp245,1
CCCR-IITM_IITM-ESM_r1i1p1f1,clt,ssp370,0
CCCR-IITM_IITM-ESM_r1i1p1f1,clt,ssp585,1
CCCR-IITM_IITM-ESM_r1i1p1f1,rsds,historical,1
CCCR-IITM_IITM-ESM_r1i1p1f1,rsds,ssp119,0
CCCR-IITM_IITM-ESM_r1i1p1f1,rsds,ssp126,1
CCCR-IITM_IITM-ESM_r1i1p1f1,rsds,ssp245,1
CCCR-IITM_IITM-ESM_r1i1p1f1,rsds,ssp370,0
CCCR-IITM_IITM-ESM_r1i1p1f1,rsds,ssp585,1
CCCR-IITM_IITM-ESM_r1i1p1f1,rlds,historical,1
CCCR-IITM_IITM-ESM_r1i1p1f1,rlds,ssp119,0
CCCR-IITM_IITM-ESM_r1i1p1f1,rlds,ssp126,1
CCCR-IITM_IITM-ESM_r1i1p1f1,rlds,ssp245,1
CCCR-IITM_IITM-ESM_r1i1p1f1,rlds,ssp370,0
CCCR-IITM_IITM-ESM_r1i1p1f1,rlds,ssp585,1
CCCR-IITM_IITM-ESM_r1i1p1f1,sst,historical,0
CCCR-IITM_IITM-ESM_r1i1p1f1,sst,ssp119,0
CCCR-IITM_IITM-ESM_r1i1p1f1,sst,ssp126,0
CCCR-IITM_IITM-ESM_r1i1p1f1,sst,ssp245,0
CCCR-IITM_IITM-ESM_r1i1p1f1,sst,ssp370,0
CCCR-IITM_IITM-ESM_r1i1p1f1,sst,ssp585,0
CCCR-IITM_IITM-ESM_r1i1p1f1,psl,historical,1
CCCR-IITM_IITM-ESM_r1i1p1f1,psl,ssp119,0
CCCR-IITM_IITM-ESM_r1i1p1f1,psl,ssp126,1
CCCR-IITM_IITM-ESM_r1i1p1f1,psl,ssp245,1
CCCR-IITM_IITM-ESM_r1i1p1f1,psl,ssp370,0
CCCR-IITM_IITM-ESM_r1i1p1f1,psl,ssp585,1
CCCma_CanESM5-CanOE_r1i1p2f1,t,historical,0
CCCma_CanESM5-CanOE_r1i1p2f1,t,ssp119,0
CCCma_CanESM5-CanOE_r1i1p2f1,t,ssp126,0
CCCma_CanESM5-CanOE_r1i1p2f1,t,ssp245,0
CCCma_CanESM5-CanOE_r1i1p2f1,t,ssp370,0
CCCma_CanESM5-CanOE_r1i1p2f1,t,ssp585,0
CCCma_CanESM5-CanOE_r1i1p2f1,tn,historical,0
CCCma_CanESM5-CanOE_r1i1p2f1,tn,ssp119,0
CCCma_CanESM5-CanOE_r1i1p2f1,tn,ssp126,0
CCCma_CanESM5-CanOE_r1i1p2f1,tn,ssp245,0
CCCma_CanESM5-CanOE_r1i1p2f1,tn,ssp370,0
CCCma_CanESM5-CanOE_r1i1p2f1,tn,ssp585,0
CCCma_CanESM5-CanOE_r1i1p2f1,tx,historical,0
CCCma_CanESM5-CanOE_r1i1p2f1,tx,ssp119,0
CCCma_CanESM5-CanOE_r1i1p2f1,tx,ssp126,0
CCCma_CanESM5-CanOE_r1i1p2f1,tx,ssp245,0
CCCma_CanESM5-CanOE_r1i1p2f1,tx,ssp370,0
CCCma_CanESM5-CanOE_r1i1p2f1,tx,ssp585,0
CCCma_CanESM5-CanOE_r1i1p2f1,dtr,historical,0
CCCma_CanESM5-CanOE_r1i1p2f1,dtr,ssp119,0
CCCma_CanESM5-CanOE_r1i1p2f1,dtr,ssp126,0
CCCma_CanESM5-CanOE_r1i1p2f1,dtr,ssp245,0
CCCma_CanESM5-CanOE_r1i1p2f1,dtr,ssp370,0
CCCma_CanESM5-CanOE_r1i1p2f1,dtr,ssp585,0
CCCma_CanESM5-CanOE_r1i1p2f1,hd,historical,0
CCCma_CanESM5-CanOE_r1i1p2f1,hd,ssp119,0
CCCma_CanESM5-CanOE_r1i1p2f1,hd,ssp126,0
CCCma_CanESM5-CanOE_r1i1p2f1,hd,ssp245,0
CCCma_CanESM5-CanOE_r1i1p2f1,hd,ssp370,0
CCCma_CanESM5-CanOE_r1i1p2f1,hd,ssp585,0
CCCma_CanESM5-CanOE_r1i1p2f1,cd,historical,0
CCCma_CanESM5-CanOE_r1i1p2f1,cd,ssp119,0
CCCma_CanESM5-CanOE_r1i1p2f1,cd,ssp126,0
CCCma_CanESM5-CanOE_r1i1p2f1,cd,ssp245,0
CCCma_CanESM5-CanOE_r1i1p2f1,cd,ssp370,0
CCCma_CanESM5-CanOE_r1i1p2f1,cd,ssp585,0
CCCma_CanESM5-CanOE_r1i1p2f1,r,historical,0
CCCma_CanESM5-CanOE_r1i1p2f1,r,ssp119,0
CCCma_CanESM5-CanOE_r1i1p2f1,r,ssp126,0
CCCma_CanESM5-CanOE_r1i1p2f1,r,ssp245,0
CCCma_CanESM5-CanOE_r1i1p2f1,r,ssp370,0
CCCma_CanESM5-CanOE_r1i1p2f1,r,ssp585,0
CCCma_CanESM5-CanOE_r1i1p2f1,spei6,historical,0
CCCma_CanESM5-CanOE_r1i1p2f1,spei6,ssp119,0
CCCma_CanESM5-CanOE_r1i1p2f1,spei6,ssp126,0
CCCma_CanESM5-CanOE_r1i1p2f1,spei6,ssp245,0
CCCma_CanESM5-CanOE_r1i1p2f1,spei6,ssp370,0
CCCma_CanESM5-CanOE_r1i1p2f1,spei6,ssp585,0
CCCma_CanESM5-CanOE_r1i1p2f1,pet,historical,0
CCCma_CanESM5-CanOE_r1i1p2f1,pet,ssp119,0
CCCma_CanESM5-CanOE_r1i1p2f1,pet,ssp126,0
CCCma_CanESM5-CanOE_r1i1p2f1,pet,ssp245,0
CCCma_CanESM5-CanOE_r1i1p2f1,pet,ssp370,0
CCCma_CanESM5-CanOE_r1i1p2f1,pet,ssp585,0
CCCma_CanESM5-CanOE_r1i1p2f1,huss,historical,1
CCCma_CanESM5-CanOE_r1i1p2f1,huss,ssp119,0
CCCma_CanESM5-CanOE_r1i1p2f1,huss,ssp126,1
CCCma_CanESM5-CanOE_r1i1p2f1,huss,ssp245,1
CCCma_CanESM5-CanOE_r1i1p2f1,huss,ssp370,1
CCCma_CanESM5-CanOE_r1i1p2f1,huss,ssp585,1
CCCma_CanESM5-CanOE_r1i1p2f1,evspsbl,historical,1
CCCma_CanESM5-CanOE_r1i1p2f1,evspsbl,ssp119,0
CCCma_CanESM5-CanOE_r1i1p2f1,evspsbl,ssp126,1
CCCma_CanESM5-CanOE_r1i1p2f1,evspsbl,ssp245,1
CCCma_CanESM5-CanOE_r1i1p2f1,evspsbl,ssp370,1
CCCma_CanESM5-CanOE_r1i1p2f1,evspsbl,ssp585,1
CCCma_CanESM5-CanOE_r1i1p2f1,mrsos,historical,1
CCCma_CanESM5-CanOE_r1i1p2f1,mrsos,ssp119,0
CCCma_CanESM5-CanOE_r1i1p2f1,mrsos,ssp126,1
CCCma_CanESM5-CanOE_r1i1p2f1,mrsos,ssp245,1
CCCma_CanESM5-CanOE_r1i1p2f1,mrsos,ssp370,1
CCCma_CanESM5-CanOE_r1i1p2f1,mrsos,ssp585,1
CCCma_CanESM5-CanOE_r1i1p2f1,mrro,historical,1
CCCma_CanESM5-CanOE_r1i1p2f1,mrro,ssp119,0
CCCma_CanESM5-CanOE_r1i1p2f1,mrro,ssp126,1
CCCma_CanESM5-CanOE_r1i1p2f1,mrro,ssp245,1
CCCma_CanESM5-CanOE_r1i1p2f1,mrro,ssp370,1
CCCma_CanESM5-CanOE_r1i1p2f1,mrro,ssp585,1
CCCma_CanESM5-CanOE_r1i1p2f1,prsn,historical,1
CCCma_CanESM5-CanOE_r1i1p2f1,prsn,ssp119,0
CCCma_CanESM5-CanOE_r1i1p2f1,prsn,ssp126,1
CCCma_CanESM5-CanOE_r1i1p2f1,prsn,ssp245,1
CCCma_CanESM5-CanOE_r1i1p2f1,prsn,ssp370,1
CCCma_CanESM5-CanOE_r1i1p2f1,prsn,ssp585,1
CCCma_CanESM5-CanOE_r1i1p2f1,siconc,historical,1
CCCma_CanESM5-CanOE_r1i1p2f1,siconc,ssp119,0
CCCma_CanESM5-CanOE_r1i1p2f1,siconc,ssp126,1
CCCma_CanESM5-CanOE_r1i1p2f1,siconc,ssp245,1
CCCma_CanESM5-CanOE_r1i1p2f1,siconc,ssp370,1
CCCma_CanESM5-CanOE_r1i1p2f1,siconc,ssp585,1
CCCma_CanESM5-CanOE_r1i1p2f1,sfcwind,historical,1
CCCma_CanESM5-CanOE_r1i1p2f1,sfcwind,ssp119,0
CCCma_CanESM5-CanOE_r1i1p2f1,sfcwind,ssp126,1
CCCma_CanESM5-CanOE_r1i1p2f1,sfcwind,ssp245,1
CCCma_CanESM5-CanOE_r1i1p2f1,sfcwind,ssp370,1
CCCma_CanESM5-CanOE_r1i1p2f1,sfcwind,ssp585,1
CCCma_CanESM5-CanOE_r1i1p2f1,clt,historical,1
CCCma_CanESM5-CanOE_r1i1p2f1,clt,ssp119,0
CCCma_CanESM5-CanOE_r1i1p2f1,clt,ssp126,1
CCCma_CanESM5-CanOE_r1i1p2f1,clt,ssp245,1
CCCma_CanESM5-CanOE_r1i1p2f1,clt,ssp370,1
CCCma_CanESM5-CanOE_r1i1p2f1,clt,ssp585,1
CCCma_CanESM5-CanOE_r1i1p2f1,rsds,historical,1
CCCma_CanESM5-CanOE_r1i1p2f1,rsds,ssp119,0
CCCma_CanESM5-CanOE_r1i1p2f1,rsds,ssp126,1
CCCma_CanESM5-CanOE_r1i1p2f1,rsds,ssp245,1
CCCma_CanESM5-CanOE_r1i1p2f1,rsds,ssp370,1
CCCma_CanESM5-CanOE_r1i1p2f1,rsds,ssp585,1
CCCma_CanESM5-CanOE_r1i1p2f1,rlds,historical,1
CCCma_CanESM5-CanOE_r1i1p2f1,rlds,ssp119,0
CCCma_CanESM5-CanOE_r1i1p2f1,rlds,ssp126,1
CCCma_CanESM5-CanOE_r1i1p2f1,rlds,ssp245,1
CCCma_CanESM5-CanOE_r1i1p2f1,rlds,ssp370,1
CCCma_CanESM5-CanOE_r1i1p2f1,rlds,ssp585,1
CCCma_CanESM5-CanOE_r1i1p2f1,sst,historical,1
CCCma_CanESM5-CanOE_r1i1p2f1,sst,ssp119,0
CCCma_CanESM5-CanOE_r1i1p2f1,sst,ssp126,1
CCCma_CanESM5-CanOE_r1i1p2f1,sst,ssp245,1
CCCma_CanESM5-CanOE_r1i1p2f1,sst,ssp370,1
CCCma_CanESM5-CanOE_r1i1p2f1,sst,ssp585,1
CCCma_CanESM5-CanOE_r1i1p2f1,psl,historical,1
CCCma_CanESM5-CanOE_r1i1p2f1,psl,ssp119,0
CCCma_CanESM5-CanOE_r1i1p2f1,psl,ssp126,1
CCCma_CanESM5-CanOE_r1i1p2f1,psl,ssp245,1
CCCma_CanESM5-CanOE_r1i1p2f1,psl,ssp370,1
CCCma_CanESM5-CanOE_r1i1p2f1,psl,ssp585,1
CCCma_CanESM5_r1i1p1f1,t,historical,1
CCCma_CanESM5_r1i1p1f1,t,ssp119,1
CCCma_CanESM5_r1i1p1f1,t,ssp126,0
CCCma_CanESM5_r1i1p1f1,t,ssp245,0
CCCma_CanESM5_r1i1p1f1,t,ssp370,1
CCCma_CanESM5_r1i1p1f1,t,ssp585,1
CCCma_CanESM5_r1i1p1f1,tn,historical,1
CCCma_CanESM5_r1i1p1f1,tn,ssp119,1
CCCma_CanESM5_r1i1p1f1,tn,ssp126,0
CCCma_CanESM5_r1i1p1f1,tn,ssp245,0
CCCma_CanESM5_r1i1p1f1,tn,ssp370,1
CCCma_CanESM5_r1i1p1f1,tn,ssp585,1
CCCma_CanESM5_r1i1p1f1,tx,historical,1
CCCma_CanESM5_r1i1p1f1,tx,ssp119,1
CCCma_CanESM5_r1i1p1f1,tx,ssp126,1
CCCma_CanESM5_r1i1p1f1,tx,ssp245,0
CCCma_CanESM5_r1i1p1f1,tx,ssp370,1
CCCma_CanESM5_r1i1p1f1,tx,ssp585,1
CCCma_CanESM5_r1i1p1f1,dtr,historical,1
CCCma_CanESM5_r1i1p1f1,dtr,ssp119,1
CCCma_CanESM5_r1i1p1f1,dtr,ssp126,0
CCCma_CanESM5_r1i1p1f1,dtr,ssp245,0
CCCma_CanESM5_r1i1p1f1,dtr,ssp370,0
CCCma_CanESM5_r1i1p1f1,dtr,ssp585,1
CCCma_CanESM5_r1i1p1f1,hd,historical,1
CCCma_CanESM5_r1i1p1f1,hd,ssp119,1
CCCma_CanESM5_r1i1p1f1,hd,ssp126,0
CCCma_CanESM5_r1i1p1f1,hd,ssp245,0
CCCma_CanESM5_r1i1p1f1,hd,ssp370,1
CCCma_CanESM5_r1i1p1f1,hd,ssp585,1
CCCma_CanESM5_r1i1p1f1,cd,historical,1
CCCma_CanESM5_r1i1p1f1,cd,ssp119,1
CCCma_CanESM5_r1i1p1f1,cd,ssp126,0
CCCma_CanESM5_r1i1p1f1,cd,ssp245,0
CCCma_CanESM5_r1i1p1f1,cd,ssp370,1
CCCma_CanESM5_r1i1p1f1,cd,ssp585,1
CCCma_CanESM5_r1i1p1f1,r,historical,1
CCCma_CanESM5_r1i1p1f1,r,ssp119,1
CCCma_CanESM5_r1i1p1f1,r,ssp126,1
CCCma_CanESM5_r1i1p1f1,r,ssp245,1
CCCma_CanESM5_r1i1p1f1,r,ssp370,1
CCCma_CanESM5_r1i1p1f1,r,ssp585,1
CCCma_CanESM5_r1i1p1f1,spei6,historical,1
CCCma_CanESM5_r1i1p1f1,spei6,ssp119,1
CCCma_CanESM5_r1i1p1f1,spei6,ssp126,0
CCCma_CanESM5_r1i1p1f1,spei6,ssp245,0
CCCma_CanESM5_r1i1p1f1,spei6,ssp370,1
CCCma_CanESM5_r1i1p1f1,spei6,ssp585,1
CCCma_CanESM5_r1i1p1f1,pet,historical,1
CCCma_CanESM5_r1i1p1f1,pet,ssp119,1
CCCma_CanESM5_r1i1p1f1,pet,ssp126,0
CCCma_CanESM5_r1i1p1f1,pet,ssp245,0
CCCma_CanESM5_r1i1p1f1,pet,ssp370,1
CCCma_CanESM5_r1i1p1f1,pet,ssp585,1
CCCma_CanESM5_r1i1p1f1,huss,historical,1
CCCma_CanESM5_r1i1p1f1,huss,ssp119,1
CCCma_CanESM5_r1i1p1f1,huss,ssp126,1
CCCma_CanESM5_r1i1p1f1,huss,ssp245,1
CCCma_CanESM5_r1i1p1f1,huss,ssp370,0
CCCma_CanESM5_r1i1p1f1,huss,ssp585,0
CCCma_CanESM5_r1i1p1f1,evspsbl,historical,1
CCCma_CanESM5_r1i1p1f1,evspsbl,ssp119,1
CCCma_CanESM5_r1i1p1f1,evspsbl,ssp126,1
CCCma_CanESM5_r1i1p1f1,evspsbl,ssp245,1
CCCma_CanESM5_r1i1p1f1,evspsbl,ssp370,1
CCCma_CanESM5_r1i1p1f1,evspsbl,ssp585,1
CCCma_CanESM5_r1i1p1f1,mrsos,historical,0
CCCma_CanESM5_r1i1p1f1,mrsos,ssp119,0
CCCma_CanESM5_r1i1p1f1,mrsos,ssp126,0
CCCma_CanESM5_r1i1p1f1,mrsos,ssp245,0
CCCma_CanESM5_r1i1p1f1,mrsos,ssp370,0
CCCma_CanESM5_r1i1p1f1,mrsos,ssp585,0
CCCma_CanESM5_r1i1p1f1,mrro,historical,1
CCCma_CanESM5_r1i1p1f1,mrro,ssp119,1
CCCma_CanESM5_r1i1p1f1,mrro,ssp126,1
CCCma_CanESM5_r1i1p1f1,mrro,ssp245,0
CCCma_CanESM5_r1i1p1f1,mrro,ssp370,0
CCCma_CanESM5_r1i1p1f1,mrro,ssp585,0
CCCma_CanESM5_r1i1p1f1,prsn,historical,0
CCCma_CanESM5_r1i1p1f1,prsn,ssp119,0
CCCma_CanESM5_r1i1p1f1,prsn,ssp126,0
CCCma_CanESM5_r1i1p1f1,prsn,ssp245,0
CCCma_CanESM5_r1i1p1f1,prsn,ssp370,0
CCCma_CanESM5_r1i1p1f1,prsn,ssp585,0
CCCma_CanESM5_r1i1p1f1,siconc,historical,1
CCCma_CanESM5_r1i1p1f1,siconc,ssp119,1
CCCma_CanESM5_r1i1p1f1,siconc,ssp126,0
CCCma_CanESM5_r1i1p1f1,siconc,ssp245,0
CCCma_CanESM5_r1i1p1f1,siconc,ssp370,1
CCCma_CanESM5_r1i1p1f1,siconc,ssp585,0
CCCma_CanESM5_r1i1p1f1,sfcwind,historical,0
CCCma_CanESM5_r1i1p1f1,sfcwind,ssp119,0
CCCma_CanESM5_r1i1p1f1,sfcwind,ssp126,0
CCCma_CanESM5_r1i1p1f1,sfcwind,ssp245,0
CCCma_CanESM5_r1i1p1f1,sfcwind,ssp370,0
CCCma_CanESM5_r1i1p1f1,sfcwind,ssp585,0
CCCma_CanESM5_r1i1p1f1,clt,historical,1
CCCma_CanESM5_r1i1p1f1,clt,ssp119,1
CCCma_CanESM5_r1i1p1f1,clt,ssp126,1
CCCma_CanESM5_r1i1p1f1,clt,ssp245,1
CCCma_CanESM5_r1i1p1f1,clt,ssp370,1
CCCma_CanESM5_r1i1p1f1,clt,ssp585,1
CCCma_CanESM5_r1i1p1f1,rsds,historical,1
CCCma_CanESM5_r1i1p1f1,rsds,ssp119,1
CCCma_CanESM5_r1i1p1f1,rsds,ssp126,1
CCCma_CanESM5_r1i1p1f1,rsds,ssp245,1
CCCma_CanESM5_r1i1p1f1,rsds,ssp370,1
CCCma_CanESM5_r1i1p1f1,rsds,ssp585,1
CCCma_CanESM5_r1i1p1f1,rlds,historical,1
CCCma_CanESM5_r1i1p1f1,rlds,ssp119,1
CCCma_CanESM5_r1i1p1f1,rlds,ssp126,1
CCCma_CanESM5_r1i1p1f1,rlds,ssp245,1
CCCma_CanESM5_r1i1p1f1,rlds,ssp370,1
CCCma_CanESM5_r1i1p1f1,rlds,ssp585,0
CCCma_CanESM5_r1i1p1f1,sst,historical,1
CCCma_CanESM5_r1i1p1f1,sst,ssp119,1
CCCma_CanESM5_r1i1p1f1,sst,ssp126,1
CCCma_CanESM5_r1i1p1f1,sst,ssp245,0
CCCma_CanESM5_r1i1p1f1,sst,ssp370,1
CCCma_CanESM5_r1i1p1f1,sst,ssp585,0
CCCma_CanESM5_r1i1p1f1,psl,historical,1
CCCma_CanESM5_r1i1p1f1,psl,ssp119,1
CCCma_CanESM5_r1i1p1f1,psl,ssp126,1
CCCma_CanESM5_r1i1p1f1,psl,ssp245,1
CCCma_CanESM5_r1i1p1f1,psl,ssp370,1
CCCma_CanESM5_r1i1p1f1,psl,ssp585,1
CMCC_CMCC-CM2-SR5_r1i1p1f1,t,historical,1
CMCC_CMCC-CM2-SR5_r1i1p1f1,t,ssp119,0
CMCC_CMCC-CM2-SR5_r1i1p1f1,t,ssp126,0
CMCC_CMCC-CM2-SR5_r1i1p1f1,t,ssp245,1
CMCC_CMCC-CM2-SR5_r1i1p1f1,t,ssp370,1
CMCC_CMCC-CM2-SR5_r1i1p1f1,t,ssp585,1
CMCC_CMCC-CM2-SR5_r1i1p1f1,tn,historical,0
CMCC_CMCC-CM2-SR5_r1i1p1f1,tn,ssp119,0
CMCC_CMCC-CM2-SR5_r1i1p1f1,tn,ssp126,0
CMCC_CMCC-CM2-SR5_r1i1p1f1,tn,ssp245,0
CMCC_CMCC-CM2-SR5_r1i1p1f1,tn,ssp370,0
CMCC_CMCC-CM2-SR5_r1i1p1f1,tn,ssp585,0
CMCC_CMCC-CM2-SR5_r1i1p1f1,tx,historical,0
CMCC_CMCC-CM2-SR5_r1i1p1f1,tx,ssp119,0
CMCC_CMCC-CM2-SR5_r1i1p1f1,tx,ssp126,0
CMCC_CMCC-CM2-SR5_r1i1p1f1,tx,ssp245,0
CMCC_CMCC-CM2-SR5_r1i1p1f1,tx,ssp370,0
CMCC_CMCC-CM2-SR5_r1i1p1f1,tx,ssp585,0
CMCC_CMCC-CM2-SR5_r1i1p1f1,dtr,historical,0
CMCC_CMCC-CM2-SR5_r1i1p1f1,dtr,ssp119,0
CMCC_CMCC-CM2-SR5_r1i1p1f1,dtr,ssp126,0
CMCC_CMCC-CM2-SR5_r1i1p1f1,dtr,ssp245,0
CMCC_CMCC-CM2-SR5_r1i1p1f1,dtr,ssp370,0
CMCC_CMCC-CM2-SR5_r1i1p1f1,dtr,ssp585,0
CMCC_CMCC-CM2-SR5_r1i1p1f1,hd,historical,0
CMCC_CMCC-CM2-SR5_r1i1p1f1,hd,ssp119,0
CMCC_CMCC-CM2-SR5_r1i1p1f1,hd,ssp126,0
CMCC_CMCC-CM2-SR5_r1i1p1f1,hd,ssp245,0
CMCC_CMCC-CM2-SR5_r1i1p1f1,hd,ssp370,0
CMCC_CMCC-CM2-SR5_r1i1p1f1,hd,ssp585,0
CMCC_CMCC-CM2-SR5_r1i1p1f1,cd,historical,0
CMCC_CMCC-CM2-SR5_r1i1p1f1,cd,ssp119,0
CMCC_CMCC-CM2-SR5_r1i1p1f1,cd,ssp126,0
CMCC_CMCC-CM2-SR5_r1i1p1f1,cd,ssp245,0
CMCC_CMCC-CM2-SR5_r1i1p1f1,cd,ssp370,0
CMCC_CMCC-CM2-SR5_r1i1p1f1,cd,ssp585,0
CMCC_CMCC-CM2-SR5_r1i1p1f1,r,historical,1
CMCC_CMCC-CM2-SR5_r1i1p1f1,r,ssp119,0
CMCC_CMCC-CM2-SR5_r1i1p1f1,r,ssp126,0
CMCC_CMCC-CM2-SR5_r1i1p1f1,r,ssp245,1
CMCC_CMCC-CM2-SR5_r1i1p1f1,r,ssp370,1
CMCC_CMCC-CM2-SR5_r1i1p1f1,r,ssp585,1
CMCC_CMCC-CM2-SR5_r1i1p1f1,spei6,historical,0
CMCC_CMCC-CM2-SR5_r1i1p1f1,spei6,ssp119,0
CMCC_CMCC-CM2-SR5_r1i1p1f1,spei6,ssp126,0
CMCC_CMCC-CM2-SR5_r1i1p1f1,spei6,ssp245,0
CMCC_CMCC-CM2-SR5_r1i1p1f1,spei6,ssp370,0
CMCC_CMCC-CM2-SR5_r1i1p1f1,spei6,ssp585,0
CMCC_CMCC-CM2-SR5_r1i1p1f1,pet,historical,0
CMCC_CMCC-CM2-SR5_r1i1p1f1,pet,ssp119,0
CMCC_CMCC-CM2-SR5_r1i1p1f1,pet,ssp126,0
CMCC_CMCC-CM2-SR5_r1i1p1f1,pet,ssp245,0
CMCC_CMCC-CM2-SR5_r1i1p1f1,pet,ssp370,0
CMCC_CMCC-CM2-SR5_r1i1p1f1,pet,ssp585,0
CMCC_CMCC-CM2-SR5_r1i1p1f1,huss,historical,1
CMCC_CMCC-CM2-SR5_r1i1p1f1,huss,ssp119,0
CMCC_CMCC-CM2-SR5_r1i1p1f1,huss,ssp126,1
CMCC_CMCC-CM2-SR5_r1i1p1f1,huss,ssp245,1
CMCC_CMCC-CM2-SR5_r1i1p1f1,huss,ssp370,1
CMCC_CMCC-CM2-SR5_r1i1p1f1,huss,ssp585,1
CMCC_CMCC-CM2-SR5_r1i1p1f1,evspsbl,historical,1
CMCC_CMCC-CM2-SR5_r1i1p1f1,evspsbl,ssp119,0
CMCC_CMCC-CM2-SR5_r1i1p1f1,evspsbl,ssp126,1
CMCC_CMCC-CM2-SR5_r1i1p1f1,evspsbl,ssp245,1
CMCC_CMCC-CM2-SR5_r1i1p1f1,evspsbl,ssp370,1
CMCC_CMCC-CM2-SR5_r1i1p1f1,evspsbl,ssp585,1
CMCC_CMCC-CM2-SR5_r1i1p1f1,mrsos,historical,1
CMCC_CMCC-CM2-SR5_r1i1p1f1,mrsos,ssp119,0
CMCC_CMCC-CM2-SR5_r1i1p1f1,mrsos,ssp126,1
CMCC_CMCC-CM2-SR5_r1i1p1f1,mrsos,ssp245,1
CMCC_CMCC-CM2-SR5_r1i1p1f1,mrsos,ssp370,1
CMCC_CMCC-CM2-SR5_r1i1p1f1,mrsos,ssp585,1
CMCC_CMCC-CM2-SR5_r1i1p1f1,mrro,historical,1
CMCC_CMCC-CM2-SR5_r1i1p1f1,mrro,ssp119,0
CMCC_CMCC-CM2-SR5_r1i1p1f1,mrro,ssp126,1
CMCC_CMCC-CM2-SR5_r1i1p1f1,mrro,ssp245,1
CMCC_CMCC-CM2-SR5_r1i1p1f1,mrro,ssp370,1
CMCC_CMCC-CM2-SR5_r1i1p1f1,mrro,ssp585,1
CMCC_CMCC-CM2-SR5_r1i1p1f1,prsn,historical,1
CMCC_CMCC-CM2-SR5_r1i1p1f1,prsn,ssp119,0
CMCC_CMCC-CM2-SR5_r1i1p1f1,prsn,ssp126,1
CMCC_CMCC-CM2-SR5_r1i1p1f1,prsn,ssp245,1
CMCC_CMCC-CM2-SR5_r1i1p1f1,prsn,ssp370,1
CMCC_CMCC-CM2-SR5_r1i1p1f1,prsn,ssp585,1
CMCC_CMCC-CM2-SR5_r1i1p1f1,siconc,historical,1
CMCC_CMCC-CM2-SR5_r1i1p1f1,siconc,ssp119,0
CMCC_CMCC-CM2-SR5_r1i1p1f1,siconc,ssp126,1
CMCC_CMCC-CM2-SR5_r1i1p1f1,siconc,ssp245,1
CMCC_CMCC-CM2-SR5_r1i1p1f1,siconc,ssp370,1
CMCC_CMCC-CM2-SR5_r1i1p1f1,siconc,ssp585,1
CMCC_CMCC-CM2-SR5_r1i1p1f1,sfcwind,historical,1
CMCC_CMCC-CM2-SR5_r1i1p1f1,sfcwind,ssp119,0
CMCC_CMCC-CM2-SR5_r1i1p1f1,sfcwind,ssp126,1
CMCC_CMCC-CM2-SR5_r1i1p1f1,sfcwind,ssp245,1
CMCC_CMCC-CM2-SR5_r1i1p1f1,sfcwind,ssp370,1
CMCC_CMCC-CM2-SR5_r1i1p1f1,sfcwind,ssp585,1
CMCC_CMCC-CM2-SR5_r1i1p1f1,clt,historical,1
CMCC_CMCC-CM2-SR5_r1i1p1f1,clt,ssp119,0
CMCC_CMCC-CM2-SR5_r1i1p1f1,clt,ssp126,1
CMCC_CMCC-CM2-SR5_r1i1p1f1,clt,ssp245,1
CMCC_CMCC-CM2-SR5_r1i1p1f1,clt,ssp370,1
CMCC_CMCC-CM2-SR5_r1i1p1f1,clt,ssp585,1
CMCC_CMCC-CM2-SR5_r1i1p1f1,rsds,historical,1
CMCC_CMCC-CM2-SR5_r1i1p1f1,rsds,ssp119,0
CMCC_CMCC-CM2-SR5_r1i1p1f1,rsds,ssp126,1
CMCC_CMCC-CM2-SR5_r1i1p1f1,rsds,ssp245,1
CMCC_CMCC-CM2-SR5_r1i1p1f1,rsds,ssp370,1
CMCC_CMCC-CM2-SR5_r1i1p1f1,rsds,ssp585,1
CMCC_CMCC-CM2-SR5_r1i1p1f1,rlds,historical,1
CMCC_CMCC-CM2-SR5_r1i1p1f1,rlds,ssp119,0
CMCC_CMCC-CM2-SR5_r1i1p1f1,rlds,ssp126,1
CMCC_CMCC-CM2-SR5_r1i1p1f1,rlds,ssp245,1
CMCC_CMCC-CM2-SR5_r1i1p1f1,rlds,ssp370,1
CMCC_CMCC-CM2-SR5_r1i1p1f1,rlds,ssp585,1
CMCC_CMCC-CM2-SR5_r1i1p1f1,sst,historical,1
CMCC_CMCC-CM2-SR5_r1i1p1f1,sst,ssp119,0
CMCC_CMCC-CM2-SR5_r1i1p1f1,sst,ssp126,1
CMCC_CMCC-CM2-SR5_r1i1p1f1,sst,ssp245,1
CMCC_CMCC-CM2-SR5_r1i1p1f1,sst,ssp370,1
CMCC_CMCC-CM2-SR5_r1i1p1f1,sst,ssp585,1
CMCC_CMCC-CM2-SR5_r1i1p1f1,psl,historical,1
CMCC_CMCC-CM2-SR5_r1i1p1f1,psl,ssp119,0
CMCC_CMCC-CM2-SR5_r1i1p1f1,psl,ssp126,1
CMCC_CMCC-CM2-SR5_r1i1p1f1,psl,ssp245,1
CMCC_CMCC-CM2-SR5_r1i1p1f1,psl,ssp370,1
CMCC_CMCC-CM2-SR5_r1i1p1f1,psl,ssp585,1
CMCC_CMCC-ESM2_r1i1p1f1,t,historical,1
CMCC_CMCC-ESM2_r1i1p1f1,t,ssp119,0
CMCC_CMCC-ESM2_r1i1p1f1,t,ssp126,1
CMCC_CMCC-ESM2_r1i1p1f1,t,ssp245,1
CMCC_CMCC-ESM2_r1i1p1f1,t,ssp370,0
CMCC_CMCC-ESM2_r1i1p1f1,t,ssp585,1
CMCC_CMCC-ESM2_r1i1p1f1,tn,historical,1
CMCC_CMCC-ESM2_r1i1p1f1,tn,ssp119,0
CMCC_CMCC-ESM2_r1i1p1f1,tn,ssp126,1
CMCC_CMCC-ESM2_r1i1p1f1,tn,ssp245,1
CMCC_CMCC-ESM2_r1i1p1f1,tn,ssp370,0
CMCC_CMCC-ESM2_r1i1p1f1,tn,ssp585,1
CMCC_CMCC-ESM2_r1i1p1f1,tx,historical,1
CMCC_CMCC-ESM2_r1i1p1f1,tx,ssp119,0
CMCC_CMCC-ESM2_r1i1p1f1,tx,ssp126,1
CMCC_CMCC-ESM2_r1i1p1f1,tx,ssp245,1
CMCC_CMCC-ESM2_r1i1p1f1,tx,ssp370,0
CMCC_CMCC-ESM2_r1i1p1f1,tx,ssp585,1
CMCC_CMCC-ESM2_r1i1p1f1,dtr,historical,1
CMCC_CMCC-ESM2_r1i1p1f1,dtr,ssp119,0
CMCC_CMCC-ESM2_r1i1p1f1,dtr,ssp126,1
CMCC_CMCC-ESM2_r1i1p1f1,dtr,ssp245,1
CMCC_CMCC-ESM2_r1i1p1f1,dtr,ssp370,0
CMCC_CMCC-ESM2_r1i1p1f1,dtr,ssp585,1
CMCC_CMCC-ESM2_r1i1p1f1,hd,historical,1
CMCC_CMCC-ESM2_r1i1p1f1,hd,ssp119,0
CMCC_CMCC-ESM2_r1i1p1f1,hd,ssp126,1
CMCC_CMCC-ESM2_r1i1p1f1,hd,ssp245,1
CMCC_CMCC-ESM2_r1i1p1f1,hd,ssp370,0
CMCC_CMCC-ESM2_r1i1p1f1,hd,ssp585,1
CMCC_CMCC-ESM2_r1i1p1f1,cd,historical,1
CMCC_CMCC-ESM2_r1i1p1f1,cd,ssp119,0
CMCC_CMCC-ESM2_r1i1p1f1,cd,ssp126,1
CMCC_CMCC-ESM2_r1i1p1f1,cd,ssp245,1
CMCC_CMCC-ESM2_r1i1p1f1,cd,ssp370,0
CMCC_CMCC-ESM2_r1i1p1f1,cd,ssp585,1
CMCC_CMCC-ESM2_r1i1p1f1,r,historical,1
CMCC_CMCC-ESM2_r1i1p1f1,r,ssp119,0
CMCC_CMCC-ESM2_r1i1p1f1,r,ssp126,1
CMCC_CMCC-ESM2_r1i1p1f1,r,ssp245,1
CMCC_CMCC-ESM2_r1i1p1f1,r,ssp370,0
CMCC_CMCC-ESM2_r1i1p1f1,r,ssp585,1
CMCC_CMCC-ESM2_r1i1p1f1,spei6,historical,1
CMCC_CMCC-ESM2_r1i1p1f1,spei6,ssp119,0
CMCC_CMCC-ESM2_r1i1p1f1,spei6,ssp126,1
CMCC_CMCC-ESM2_r1i1p1f1,spei6,ssp245,1
CMCC_CMCC-ESM2_r1i1p1f1,spei6,ssp370,0
CMCC_CMCC-ESM2_r1i1p1f1,spei6,ssp585,1
CMCC_CMCC-ESM2_r1i1p1f1,pet,historical,1
CMCC_CMCC-ESM2_r1i1p1f1,pet,ssp119,0
CMCC_CMCC-ESM2_r1i1p1f1,pet,ssp126,1
CMCC_CMCC-ESM2_r1i1p1f1,pet,ssp245,1
CMCC_CMCC-ESM2_r1i1p1f1,pet,ssp370,0
CMCC_CMCC-ESM2_r1i1p1f1,pet,ssp585,1
CMCC_CMCC-ESM2_r1i1p1f1,huss,historical,1
CMCC_CMCC-ESM2_r1i1p1f1,huss,ssp119,0
CMCC_CMCC-ESM2_r1i1p1f1,huss,ssp126,1
CMCC_CMCC-ESM2_r1i1p1f1,huss,ssp245,1
CMCC_CMCC-ESM2_r1i1p1f1,huss,ssp370,0
CMCC_CMCC-ESM2_r1i1p1f1,huss,ssp585,1
CMCC_CMCC-ESM2_r1i1p1f1,evspsbl,historical,1
CMCC_CMCC-ESM2_r1i1p1f1,evspsbl,ssp119,0
CMCC_CMCC-ESM2_r1i1p1f1,evspsbl,ssp126,1
CMCC_CMCC-ESM2_r1i1p1f1,evspsbl,ssp245,1
CMCC_CMCC-ESM2_r1i1p1f1,evspsbl,ssp370,0
CMCC_CMCC-ESM2_r1i1p1f1,evspsbl,ssp585,1
CMCC_CMCC-ESM2_r1i1p1f1,mrsos,historical,1
CMCC_CMCC-ESM2_r1i1p1f1,mrsos,ssp119,0
CMCC_CMCC-ESM2_r1i1p1f1,mrsos,ssp126,1
CMCC_CMCC-ESM2_r1i1p1f1,mrsos,ssp245,1
CMCC_CMCC-ESM2_r1i1p1f1,mrsos,ssp370,0
CMCC_CMCC-ESM2_r1i1p1f1,mrsos,ssp585,1
CMCC_CMCC-ESM2_r1i1p1f1,mrro,historical,1
CMCC_CMCC-ESM2_r1i1p1f1,mrro,ssp119,0
CMCC_CMCC-ESM2_r1i1p1f1,mrro,ssp126,1
CMCC_CMCC-ESM2_r1i1p1f1,mrro,ssp245,1
CMCC_CMCC-ESM2_r1i1p1f1,mrro,ssp370,0
CMCC_CMCC-ESM2_r1i1p1f1,mrro,ssp585,1
CMCC_CMCC-ESM2_r1i1p1f1,prsn,historical,1
CMCC_CMCC-ESM2_r1i1p1f1,prsn,ssp119,0
CMCC_CMCC-ESM2_r1i1p1f1,prsn,ssp126,1
CMCC_CMCC-ESM2_r1i1p1f1,prsn,ssp245,1
CMCC_CMCC-ESM2_r1i1p1f1,prsn,ssp370,0
CMCC_CMCC-ESM2_r1i1p1f1,prsn,ssp585,1
CMCC_CMCC-ESM2_r1i1p1f1,siconc,historical,1
CMCC_CMCC-ESM2_r1i1p1f1,siconc,ssp119,0
CMCC_CMCC-ESM2_r1i1p1f1,siconc,ssp126,1
CMCC_CMCC-ESM2_r1i1p1f1,siconc,ssp245,1
CMCC_CMCC-ESM2_r1i1p1f1,siconc,ssp370,0
CMCC_CMCC-ESM2_r1i1p1f1,siconc,ssp585,1
CMCC_CMCC-ESM2_r1i1p1f1,sfcwind,historical,1
CMCC_CMCC-ESM2_r1i1p1f1,sfcwind,ssp119,0
CMCC_CMCC-ESM2_r1i1p1f1,sfcwind,ssp126,1
CMCC_CMCC-ESM2_r1i1p1f1,sfcwind,ssp245,1
CMCC_CMCC-ESM2_r1i1p1f1,sfcwind,ssp370,0
CMCC_CMCC-ESM2_r1i1p1f1,sfcwind,ssp585,1
CMCC_CMCC-ESM2_r1i1p1f1,clt,historical,1
CMCC_CMCC-ESM2_r1i1p1f1,clt,ssp119,0
CMCC_CMCC-ESM2_r1i1p1f1,clt,ssp126,1
CMCC_CMCC-ESM2_r1i1p1f1,clt,ssp245,1
CMCC_CMCC-ESM2_r1i1p1f1,clt,ssp370,0
CMCC_CMCC-ESM2_r1i1p1f1,clt,ssp585,1
CMCC_CMCC-ESM2_r1i1p1f1,rsds,historical,1
CMCC_CMCC-ESM2_r1i1p1f1,rsds,ssp119,0
CMCC_CMCC-ESM2_r1i1p1f1,rsds,ssp126,1
CMCC_CMCC-ESM2_r1i1p1f1,rsds,ssp245,1
CMCC_CMCC-ESM2_r1i1p1f1,rsds,ssp370,0
CMCC_CMCC-ESM2_r1i1p1f1,rsds,ssp585,1
CMCC_CMCC-ESM2_r1i1p1f1,rlds,historical,1
CMCC_CMCC-ESM2_r1i1p1f1,rlds,ssp119,0
CMCC_CMCC-ESM2_r1i1p1f1,rlds,ssp126,1
CMCC_CMCC-ESM2_r1i1p1f1,rlds,ssp245,1
CMCC_CMCC-ESM2_r1i1p1f1,rlds,ssp370,0
CMCC_CMCC-ESM2_r1i1p1f1,rlds,ssp585,1
CMCC_CMCC-ESM2_r1i1p1f1,sst,historical,1
CMCC_CMCC-ESM2_r1i1p1f1,sst,ssp119,0
CMCC_CMCC-ESM2_r1i1p1f1,sst,ssp126,1
CMCC_CMCC-ESM2_r1i1p1f1,sst,ssp245,1
CMCC_CMCC-ESM2_r1i1p1f1,sst,ssp370,0
CMCC_CMCC-ESM2_r1i1p1f1,sst,ssp585,1
CMCC_CMCC-ESM2_r1i1p1f1,psl,historical,1
CMCC_CMCC-ESM2_r1i1p1f1,psl,ssp119,0
CMCC_CMCC-ESM2_r1i1p1f1,psl,ssp126,1
CMCC_CMCC-ESM2_r1i1p1f1,psl,ssp245,1
CMCC_CMCC-ESM2_r1i1p1f1,psl,ssp370,0
CMCC_CMCC-ESM2_r1i1p1f1,psl,ssp585,1
CNRM-CERFACS_CNRM-CM6-1-HR_r1i1p1f2,t,historical,1
CNRM-CERFACS_CNRM-CM6-1-HR_r1i1p1f2,t,ssp119,0
CNRM-CERFACS_CNRM-CM6-1-HR_r1i1p1f2,t,ssp126,1
CNRM-CERFACS_CNRM-CM6-1-HR_r1i1p1f2,t,ssp245,1
CNRM-CERFACS_CNRM-CM6-1-HR_r1i1p1f2,t,ssp370,1
CNRM-CERFACS_CNRM-CM6-1-HR_r1i1p1f2,t,ssp585,1
CNRM-CERFACS_CNRM-CM6-1-HR_r1i1p1f2,tn,historical,1
CNRM-CERFACS_CNRM-CM6-1-HR_r1i1p1f2,tn,ssp119,0
CNRM-CERFACS_CNRM-CM6-1-HR_r1i1p1f2,tn,ssp126,1
CNRM-CERFACS_CNRM-CM6-1-HR_r1i1p1f2,tn,ssp245,0
CNRM-CERFACS_CNRM-CM6-1-HR_r1i1p1f2,tn,ssp370,0
CNRM-CERFACS_CNRM-CM6-1-HR_r1i1p1f2,tn,ssp585,1
CNRM-CERFACS_CNRM-CM6-1-HR_r1i1p1f2,tx,historical,1
CNRM-CERFACS_CNRM-CM6-1-HR_r1i1p1f2,tx,ssp119,0
CNRM-CERFACS_CNRM-CM6-1-HR_r1i1p1f2,tx,ssp126,1
CNRM-CERFACS_CNRM-CM6-1-HR_r1i1p1f2,tx,ssp245,0
CNRM-CERFACS_CNRM-CM6-1-HR_r1i1p1f2,tx,ssp370,0
CNRM-CERFACS_CNRM-CM6-1-HR_r1i1p1f2,tx,ssp585,1
CNRM-CERFACS_CNRM-CM6-1-HR_r1i1p1f2,dtr,historical,1
CNRM-CERFACS_CNRM-CM6-1-HR_r1i1p1f2,dtr,ssp119,0
CNRM-CERFACS_CNRM-CM6-1-HR_r1i1p1f2,dtr,ssp126,1
CNRM-CERFACS_CNRM-CM6-1-HR_r1i1p1f2,dtr,ssp245,0
CNRM-CERFACS_CNRM-CM6-1-HR_r1i1p1f2,dtr,ssp370,0
CNRM-CERFACS_CNRM-CM6-1-HR_r1i1p1f2,dtr,ssp585,1
CNRM-CERFACS_CNRM-CM6-1-HR_r1i1p1f2,hd,historical,1
CNRM-CERFACS_CNRM-CM6-1-HR_r1i1p1f2,hd,ssp119,0
CNRM-CERFACS_CNRM-CM6-1-HR_r1i1p1f2,hd,ssp126,1
CNRM-CERFACS_CNRM-CM6-1-HR_r1i1p1f2,hd,ssp245,0
CNRM-CERFACS_CNRM-CM6-1-HR_r1i1p1f2,hd,ssp370,0
CNRM-CERFACS_CNRM-CM6-1-HR_r1i1p1f2,hd,ssp585,1
CNRM-CERFACS_CNRM-CM6-1-HR_r1i1p1f2,cd,historical,1
CNRM-CERFACS_CNRM-CM6-1-HR_r1i1p1f2,cd,ssp119,0
CNRM-CERFACS_CNRM-CM6-1-HR_r1i1p1f2,cd,ssp126,1
CNRM-CERFACS_CNRM-CM6-1-HR_r1i1p1f2,cd,ssp245,0
CNRM-CERFACS_CNRM-CM6-1-HR_r1i1p1f2,cd,ssp370,0
CNRM-CERFACS_CNRM-CM6-1-HR_r1i1p1f2,cd,ssp585,1
CNRM-CERFACS_CNRM-CM6-1-HR_r1i1p1f2,r,historical,1
CNRM-CERFACS_CNRM-CM6-1-HR_r1i1p1f2,r,ssp119,0
CNRM-CERFACS_CNRM-CM6-1-HR_r1i1p1f2,r,ssp126,1
CNRM-CERFACS_CNRM-CM6-1-HR_r1i1p1f2,r,ssp245,0
CNRM-CERFACS_CNRM-CM6-1-HR_r1i1p1f2,r,ssp370,0
CNRM-CERFACS_CNRM-CM6-1-HR_r1i1p1f2,r,ssp585,1
CNRM-CERFACS_CNRM-CM6-1-HR_r1i1p1f2,spei6,historical,1
CNRM-CERFACS_CNRM-CM6-1-HR_r1i1p1f2,spei6,ssp119,0
CNRM-CERFACS_CNRM-CM6-1-HR_r1i1p1f2,spei6,ssp126,1
CNRM-CERFACS_CNRM-CM6-1-HR_r1i1p1f2,spei6,ssp245,0
CNRM-CERFACS_CNRM-CM6-1-HR_r1i1p1f2,spei6,ssp370,0
CNRM-CERFACS_CNRM-CM6-1-HR_r1i1p1f2,spei6,ssp585,1
CNRM-CERFACS_CNRM-CM6-1-HR_r1i1p1f2,pet,historical,1
CNRM-CERFACS_CNRM-CM6-1-HR_r1i1p1f2,pet,ssp119,0
CNRM-CERFACS_CNRM-CM6-1-HR_r1i1p1f2,pet,ssp126,1
CNRM-CERFACS_CNRM-CM6-1-HR_r1i1p1f2,pet,ssp245,0
CNRM-CERFACS_CNRM-CM6-1-HR_r1i1p1f2,pet,ssp370,0
CNRM-CERFACS_CNRM-CM6-1-HR_r1i1p1f2,pet,ssp585,1
CNRM-CERFACS_CNRM-CM6-1-HR_r1i1p1f2,huss,historical,1
CNRM-CERFACS_CNRM-CM6-1-HR_r1i1p1f2,huss,ssp119,0
CNRM-CERFACS_CNRM-CM6-1-HR_r1i1p1f2,huss,ssp126,1
CNRM-CERFACS_CNRM-CM6-1-HR_r1i1p1f2,huss,ssp245,1
CNRM-CERFACS_CNRM-CM6-1-HR_r1i1p1f2,huss,ssp370,1
CNRM-CERFACS_CNRM-CM6-1-HR_r1i1p1f2,huss,ssp585,1
CNRM-CERFACS_CNRM-CM6-1-HR_r1i1p1f2,evspsbl,historical,1
CNRM-CERFACS_CNRM-CM6-1-HR_r1i1p1f2,evspsbl,ssp119,0
CNRM-CERFACS_CNRM-CM6-1-HR_r1i1p1f2,evspsbl,ssp126,1
CNRM-CERFACS_CNRM-CM6-1-HR_r1i1p1f2,evspsbl,ssp245,1
CNRM-CERFACS_CNRM-CM6-1-HR_r1i1p1f2,evspsbl,ssp370,1
CNRM-CERFACS_CNRM-CM6-1-HR_r1i1p1f2,evspsbl,ssp585,1
CNRM-CERFACS_CNRM-CM6-1-HR_r1i1p1f2,mrsos,historical,1
CNRM-CERFACS_CNRM-CM6-1-HR_r1i1p1f2,mrsos,ssp119,0
CNRM-CERFACS_CNRM-CM6-1-HR_r1i1p1f2,mrsos,ssp126,1
CNRM-CERFACS_CNRM-CM6-1-HR_r1i1p1f2,mrsos,ssp245,1
CNRM-CERFACS_CNRM-CM6-1-HR_r1i1p1f2,mrsos,ssp370,1
CNRM-CERFACS_CNRM-CM6-1-HR_r1i1p1f2,mrsos,ssp585,1
CNRM-CERFACS_CNRM-CM6-1-HR_r1i1p1f2,mrro,historical,1
CNRM-CERFACS_CNRM-CM6-1-HR_r1i1p1f2,mrro,ssp119,0
CNRM-CERFACS_CNRM-CM6-1-HR_r1i1p1f2,mrro,ssp126,1
CNRM-CERFACS_CNRM-CM6-1-HR_r1i1p1f2,mrro,ssp245,1
CNRM-CERFACS_CNRM-CM6-1-HR_r1i1p1f2,mrro,ssp370,1
CNRM-CERFACS_CNRM-CM6-1-HR_r1i1p1f2,mrro,ssp585,1
CNRM-CERFACS_CNRM-CM6-1-HR_r1i1p1f2,prsn,historical,1
CNRM-CERFACS_CNRM-CM6-1-HR_r1i1p1f2,prsn,ssp119,0
CNRM-CERFACS_CNRM-CM6-1-HR_r1i1p1f2,prsn,ssp126,1
CNRM-CERFACS_CNRM-CM6-1-HR_r1i1p1f2,prsn,ssp245,1
CNRM-CERFACS_CNRM-CM6-1-HR_r1i1p1f2,prsn,ssp370,1
CNRM-CERFACS_CNRM-CM6-1-HR_r1i1p1f2,prsn,ssp585,1
CNRM-CERFACS_CNRM-CM6-1-HR_r1i1p1f2,siconc,historical,1
CNRM-CERFACS_CNRM-CM6-1-HR_r1i1p1f2,siconc,ssp119,0
CNRM-CERFACS_CNRM-CM6-1-HR_r1i1p1f2,siconc,ssp126,1
CNRM-CERFACS_CNRM-CM6-1-HR_r1i1p1f2,siconc,ssp245,1
CNRM-CERFACS_CNRM-CM6-1-HR_r1i1p1f2,siconc,ssp370,1
CNRM-CERFACS_CNRM-CM6-1-HR_r1i1p1f2,siconc,ssp585,1
CNRM-CERFACS_CNRM-CM6-1-HR_r1i1p1f2,sfcwind,historical,1
CNRM-CERFACS_CNRM-CM6-1-HR_r1i1p1f2,sfcwind,ssp119,0
CNRM-CERFACS_CNRM-CM6-1-HR_r1i1p1f2,sfcwind,ssp126,1
CNRM-CERFACS_CNRM-CM6-1-HR_r1i1p1f2,sfcwind,ssp245,1
CNRM-CERFACS_CNRM-CM6-1-HR_r1i1p1f2,sfcwind,ssp370,1
CNRM-CERFACS_CNRM-CM6-1-HR_r1i1p1f2,sfcwind,ssp585,1
CNRM-CERFACS_CNRM-CM6-1-HR_r1i1p1f2,clt,historical,1
CNRM-CERFACS_CNRM-CM6-1-HR_r1i1p1f2,clt,ssp119,0
CNRM-CERFACS_CNRM-CM6-1-HR_r1i1p1f2,clt,ssp126,1
CNRM-CERFACS_CNRM-CM6-1-HR_r1i1p1f2,clt,ssp245,1
CNRM-CERFACS_CNRM-CM6-1-HR_r1i1p1f2,clt,ssp370,1
CNRM-CERFACS_CNRM-CM6-1-HR_r1i1p1f2,clt,ssp585,1
CNRM-CERFACS_CNRM-CM6-1-HR_r1i1p1f2,rsds,historical,1
CNRM-CERFACS_CNRM-CM6-1-HR_r1i1p1f2,rsds,ssp119,0
CNRM-CERFACS_CNRM-CM6-1-HR_r1i1p1f2,rsds,ssp126,1
CNRM-CERFACS_CNRM-CM6-1-HR_r1i1p1f2,rsds,ssp245,1
CNRM-CERFACS_CNRM-CM6-1-HR_r1i1p1f2,rsds,ssp370,1
CNRM-CERFACS_CNRM-CM6-1-HR_r1i1p1f2,rsds,ssp585,1
CNRM-CERFACS_CNRM-CM6-1-HR_r1i1p1f2,rlds,historical,1
CNRM-CERFACS_CNRM-CM6-1-HR_r1i1p1f2,rlds,ssp119,0
CNRM-CERFACS_CNRM-CM6-1-HR_r1i1p1f2,rlds,ssp126,1
CNRM-CERFACS_CNRM-CM6-1-HR_r1i1p1f2,rlds,ssp245,1
CNRM-CERFACS_CNRM-CM6-1-HR_r1i1p1f2,rlds,ssp370,1
CNRM-CERFACS_CNRM-CM6-1-HR_r1i1p1f2,rlds,ssp585,1
CNRM-CERFACS_CNRM-CM6-1-HR_r1i1p1f2,sst,historical,1
CNRM-CERFACS_CNRM-CM6-1-HR_r1i1p1f2,sst,ssp119,0
CNRM-CERFACS_CNRM-CM6-1-HR_r1i1p1f2,sst,ssp126,1
CNRM-CERFACS_CNRM-CM6-1-HR_r1i1p1f2,sst,ssp245,1
CNRM-CERFACS_CNRM-CM6-1-HR_r1i1p1f2,sst,ssp370,1
CNRM-CERFACS_CNRM-CM6-1-HR_r1i1p1f2,sst,ssp585,1
CNRM-CERFACS_CNRM-CM6-1-HR_r1i1p1f2,psl,historical,1
CNRM-CERFACS_CNRM-CM6-1-HR_r1i1p1f2,psl,ssp119,0
CNRM-CERFACS_CNRM-CM6-1-HR_r1i1p1f2,psl,ssp126,1
CNRM-CERFACS_CNRM-CM6-1-HR_r1i1p1f2,psl,ssp245,1
CNRM-CERFACS_CNRM-CM6-1-HR_r1i1p1f2,psl,ssp370,1
CNRM-CERFACS_CNRM-CM6-1-HR_r1i1p1f2,psl,ssp585,1
CNRM-CERFACS_CNRM-CM6-1_r1i1p1f2,t,historical,1
CNRM-CERFACS_CNRM-CM6-1_r1i1p1f2,t,ssp119,0
CNRM-CERFACS_CNRM-CM6-1_r1i1p1f2,t,ssp126,1
CNRM-CERFACS_CNRM-CM6-1_r1i1p1f2,t,ssp245,1
CNRM-CERFACS_CNRM-CM6-1_r1i1p1f2,t,ssp370,1
CNRM-CERFACS_CNRM-CM6-1_r1i1p1f2,t,ssp585,1
CNRM-CERFACS_CNRM-CM6-1_r1i1p1f2,tn,historical,1
CNRM-CERFACS_CNRM-CM6-1_r1i1p1f2,tn,ssp119,0
CNRM-CERFACS_CNRM-CM6-1_r1i1p1f2,tn,ssp126,1
CNRM-CERFACS_CNRM-CM6-1_r1i1p1f2,tn,ssp245,1
CNRM-CERFACS_CNRM-CM6-1_r1i1p1f2,tn,ssp370,1
CNRM-CERFACS_CNRM-CM6-1_r1i1p1f2,tn,ssp585,1
CNRM-CERFACS_CNRM-CM6-1_r1i1p1f2,tx,historical,1
CNRM-CERFACS_CNRM-CM6-1_r1i1p1f2,tx,ssp119,0
CNRM-CERFACS_CNRM-CM6-1_r1i1p1f2,tx,ssp126,1
CNRM-CERFACS_CNRM-CM6-1_r1i1p1f2,tx,ssp245,1
CNRM-CERFACS_CNRM-CM6-1_r1i1p1f2,tx,ssp370,1
CNRM-CERFACS_CNRM-CM6-1_r1i1p1f2,tx,ssp585,1
CNRM-CERFACS_CNRM-CM6-1_r1i1p1f2,dtr,historical,1
CNRM-CERFACS_CNRM-CM6-1_r1i1p1f2,dtr,ssp119,0
CNRM-CERFACS_CNRM-CM6-1_r1i1p1f2,dtr,ssp126,1
CNRM-CERFACS_CNRM-CM6-1_r1i1p1f2,dtr,ssp245,1
CNRM-CERFACS_CNRM-CM6-1_r1i1p1f2,dtr,ssp370,1
CNRM-CERFACS_CNRM-CM6-1_r1i1p1f2,dtr,ssp585,1
CNRM-CERFACS_CNRM-CM6-1_r1i1p1f2,hd,historical,1
CNRM-CERFACS_CNRM-CM6-1_r1i1p1f2,hd,ssp119,0
CNRM-CERFACS_CNRM-CM6-1_r1i1p1f2,hd,ssp126,1
CNRM-CERFACS_CNRM-CM6-1_r1i1p1f2,hd,ssp245,1
CNRM-CERFACS_CNRM-CM6-1_r1i1p1f2,hd,ssp370,1
CNRM-CERFACS_CNRM-CM6-1_r1i1p1f2,hd,ssp585,1
CNRM-CERFACS_CNRM-CM6-1_r1i1p1f2,cd,historical,1
CNRM-CERFACS_CNRM-CM6-1_r1i1p1f2,cd,ssp119,0
CNRM-CERFACS_CNRM-CM6-1_r1i1p1f2,cd,ssp126,1
CNRM-CERFACS_CNRM-CM6-1_r1i1p1f2,cd,ssp245,1
CNRM-CERFACS_CNRM-CM6-1_r1i1p1f2,cd,ssp370,1
CNRM-CERFACS_CNRM-CM6-1_r1i1p1f2,cd,ssp585,1
CNRM-CERFACS_CNRM-CM6-1_r1i1p1f2,r,historical,1
CNRM-CERFACS_CNRM-CM6-1_r1i1p1f2,r,ssp119,0
CNRM-CERFACS_CNRM-CM6-1_r1i1p1f2,r,ssp126,1
CNRM-CERFACS_CNRM-CM6-1_r1i1p1f2,r,ssp245,1
CNRM-CERFACS_CNRM-CM6-1_r1i1p1f2,r,ssp370,1
CNRM-CERFACS_CNRM-CM6-1_r1i1p1f2,r,ssp585,1
CNRM-CERFACS_CNRM-CM6-1_r1i1p1f2,spei6,historical,1
CNRM-CERFACS_CNRM-CM6-1_r1i1p1f2,spei6,ssp119,0
CNRM-CERFACS_CNRM-CM6-1_r1i1p1f2,spei6,ssp126,1
CNRM-CERFACS_CNRM-CM6-1_r1i1p1f2,spei6,ssp245,1
CNRM-CERFACS_CNRM-CM6-1_r1i1p1f2,spei6,ssp370,1
CNRM-CERFACS_CNRM-CM6-1_r1i1p1f2,spei6,ssp585,1
CNRM-CERFACS_CNRM-CM6-1_r1i1p1f2,pet,historical,1
CNRM-CERFACS_CNRM-CM6-1_r1i1p1f2,pet,ssp119,0
CNRM-CERFACS_CNRM-CM6-1_r1i1p1f2,pet,ssp126,1
CNRM-CERFACS_CNRM-CM6-1_r1i1p1f2,pet,ssp245,1
CNRM-CERFACS_CNRM-CM6-1_r1i1p1f2,pet,ssp370,1
CNRM-CERFACS_CNRM-CM6-1_r1i1p1f2,pet,ssp585,1
CNRM-CERFACS_CNRM-CM6-1_r1i1p1f2,huss,historical,1
CNRM-CERFACS_CNRM-CM6-1_r1i1p1f2,huss,ssp119,0
CNRM-CERFACS_CNRM-CM6-1_r1i1p1f2,huss,ssp126,1
CNRM-CERFACS_CNRM-CM6-1_r1i1p1f2,huss,ssp245,1
CNRM-CERFACS_CNRM-CM6-1_r1i1p1f2,huss,ssp370,1
CNRM-CERFACS_CNRM-CM6-1_r1i1p1f2,huss,ssp585,1
CNRM-CERFACS_CNRM-CM6-1_r1i1p1f2,evspsbl,historical,0
CNRM-CERFACS_CNRM-CM6-1_r1i1p1f2,evspsbl,ssp119,0
CNRM-CERFACS_CNRM-CM6-1_r1i1p1f2,evspsbl,ssp126,0
CNRM-CERFACS_CNRM-CM6-1_r1i1p1f2,evspsbl,ssp245,0
CNRM-CERFACS_CNRM-CM6-1_r1i1p1f2,evspsbl,ssp370,0
CNRM-CERFACS_CNRM-CM6-1_r1i1p1f2,evspsbl,ssp585,0
CNRM-CERFACS_CNRM-CM6-1_r1i1p1f2,mrsos,historical,0
CNRM-CERFACS_CNRM-CM6-1_r1i1p1f2,mrsos,ssp119,0
CNRM-CERFACS_CNRM-CM6-1_r1i1p1f2,mrsos,ssp126,0
CNRM-CERFACS_CNRM-CM6-1_r1i1p1f2,mrsos,ssp245,0
CNRM-CERFACS_CNRM-CM6-1_r1i1p1f2,mrsos,ssp370,0
CNRM-CERFACS_CNRM-CM6-1_r1i1p1f2,mrsos,ssp585,0
CNRM-CERFACS_CNRM-CM6-1_r1i1p1f2,mrro,historical,1
CNRM-CERFACS_CNRM-CM6-1_r1i1p1f2,mrro,ssp119,0
CNRM-CERFACS_CNRM-CM6-1_r1i1p1f2,mrro,ssp126,1
CNRM-CERFACS_CNRM-CM6-1_r1i1p1f2,mrro,ssp245,1
CNRM-CERFACS_CNRM-CM6-1_r1i1p1f2,mrro,ssp370,1
CNRM-CERFACS_CNRM-CM6-1_r1i1p1f2,mrro,ssp585,1
CNRM-CERFACS_CNRM-CM6-1_r1i1p1f2,prsn,historical,1
CNRM-CERFACS_CNRM-CM6-1_r1i1p1f2,prsn,ssp119,0
CNRM-CERFACS_CNRM-CM6-1_r1i1p1f2,prsn,ssp126,1
CNRM-CERFACS_CNRM-CM6-1_r1i1p1f2,prsn,ssp245,1
CNRM-CERFACS_CNRM-CM6-1_r1i1p1f2,prsn,ssp370,1
CNRM-CERFACS_CNRM-CM6-1_r1i1p1f2,prsn,ssp585,1
CNRM-CERFACS_CNRM-CM6-1_r1i1p1f2,siconc,historical,1
CNRM-CERFACS_CNRM-CM6-1_r1i1p1f2,siconc,ssp119,0
CNRM-CERFACS_CNRM-CM6-1_r1i1p1f2,siconc,ssp126,1
CNRM-CERFACS_CNRM-CM6-1_r1i1p1f2,siconc,ssp245,1
CNRM-CERFACS_CNRM-CM6-1_r1i1p1f2,siconc,ssp370,1
CNRM-CERFACS_CNRM-CM6-1_r1i1p1f2,siconc,ssp585,1
CNRM-CERFACS_CNRM-CM6-1_r1i1p1f2,sfcwind,historical,1
CNRM-CERFACS_CNRM-CM6-1_r1i1p1f2,sfcwind,ssp119,0
CNRM-CERFACS_CNRM-CM6-1_r1i1p1f2,sfcwind,ssp126,1
CNRM-CERFACS_CNRM-CM6-1_r1i1p1f2,sfcwind,ssp245,1
CNRM-CERFACS_CNRM-CM6-1_r1i1p1f2,sfcwind,ssp370,1
CNRM-CERFACS_CNRM-CM6-1_r1i1p1f2,sfcwind,ssp585,1
CNRM-CERFACS_CNRM-CM6-1_r1i1p1f2,clt,historical,1
CNRM-CERFACS_CNRM-CM6-1_r1i1p1f2,clt,ssp119,0
CNRM-CERFACS_CNRM-CM6-1_r1i1p1f2,clt,ssp126,1
CNRM-CERFACS_CNRM-CM6-1_r1i1p1f2,clt,ssp245,1
CNRM-CERFACS_CNRM-CM6-1_r1i1p1f2,clt,ssp370,1
CNRM-CERFACS_CNRM-CM6-1_r1i1p1f2,clt,ssp585,1
CNRM-CERFACS_CNRM-CM6-1_r1i1p1f2,rsds,historical,1
CNRM-CERFACS_CNRM-CM6-1_r1i1p1f2,rsds,ssp119,0
CNRM-CERFACS_CNRM-CM6-1_r1i1p1f2,rsds,ssp126,1
CNRM-CERFACS_CNRM-CM6-1_r1i1p1f2,rsds,ssp245,1
CNRM-CERFACS_CNRM-CM6-1_r1i1p1f2,rsds,ssp370,1
CNRM-CERFACS_CNRM-CM6-1_r1i1p1f2,rsds,ssp585,1
CNRM-CERFACS_CNRM-CM6-1_r1i1p1f2,rlds,historical,1
CNRM-CERFACS_CNRM-CM6-1_r1i1p1f2,rlds,ssp119,0
CNRM-CERFACS_CNRM-CM6-1_r1i1p1f2,rlds,ssp126,1
CNRM-CERFACS_CNRM-CM6-1_r1i1p1f2,rlds,ssp245,1
CNRM-CERFACS_CNRM-CM6-1_r1i1p1f2,rlds,ssp370,1
CNRM-CERFACS_CNRM-CM6-1_r1i1p1f2,rlds,ssp585,1
CNRM-CERFACS_CNRM-CM6-1_r1i1p1f2,sst,historical,1
CNRM-CERFACS_CNRM-CM6-1_r1i1p1f2,sst,ssp119,0
CNRM-CERFACS_CNRM-CM6-1_r1i1p1f2,sst,ssp126,1
CNRM-CERFACS_CNRM-CM6-1_r1i1p1f2,sst,ssp245,1
CNRM-CERFACS_CNRM-CM6-1_r1i1p1f2,sst,ssp370,0
CNRM-CERFACS_CNRM-CM6-1_r1i1p1f2,sst,ssp585,1
CNRM-CERFACS_CNRM-CM6-1_r1i1p1f2,psl,historical,0
CNRM-CERFACS_CNRM-CM6-1_r1i1p1f2,psl,ssp119,0
CNRM-CERFACS_CNRM-CM6-1_r1i1p1f2,psl,ssp126,0
CNRM-CERFACS_CNRM-CM6-1_r1i1p1f2,psl,ssp245,0
CNRM-CERFACS_CNRM-CM6-1_r1i1p1f2,psl,ssp370,0
CNRM-CERFACS_CNRM-CM6-1_r1i1p1f2,psl,ssp585,0
CNRM-CERFACS_CNRM-ESM2-1_r1i1p1f2,t,historical,1
CNRM-CERFACS_CNRM-ESM2-1_r1i1p1f2,t,ssp119,1
CNRM-CERFACS_CNRM-ESM2-1_r1i1p1f2,t,ssp126,1
CNRM-CERFACS_CNRM-ESM2-1_r1i1p1f2,t,ssp245,1
CNRM-CERFACS_CNRM-ESM2-1_r1i1p1f2,t,ssp370,1
CNRM-CERFACS_CNRM-ESM2-1_r1i1p1f2,t,ssp585,1
CNRM-CERFACS_CNRM-ESM2-1_r1i1p1f2,tn,historical,1
CNRM-CERFACS_CNRM-ESM2-1_r1i1p1f2,tn,ssp119,1
CNRM-CERFACS_CNRM-ESM2-1_r1i1p1f2,tn,ssp126,1
CNRM-CERFACS_CNRM-ESM2-1_r1i1p1f2,tn,ssp245,1
CNRM-CERFACS_CNRM-ESM2-1_r1i1p1f2,tn,ssp370,1
CNRM-CERFACS_CNRM-ESM2-1_r1i1p1f2,tn,ssp585,1
CNRM-CERFACS_CNRM-ESM2-1_r1i1p1f2,tx,historical,1
CNRM-CERFACS_CNRM-ESM2-1_r1i1p1f2,tx,ssp119,1
CNRM-CERFACS_CNRM-ESM2-1_r1i1p1f2,tx,ssp126,1
CNRM-CERFACS_CNRM-ESM2-1_r1i1p1f2,tx,ssp245,1
CNRM-CERFACS_CNRM-ESM2-1_r1i1p1f2,tx,ssp370,1
CNRM-CERFACS_CNRM-ESM2-1_r1i1p1f2,tx,ssp585,1
CNRM-CERFACS_CNRM-ESM2-1_r1i1p1f2,dtr,historical,1
CNRM-CERFACS_CNRM-ESM2-1_r1i1p1f2,dtr,ssp119,1
CNRM-CERFACS_CNRM-ESM2-1_r1i1p1f2,dtr,ssp126,1
CNRM-CERFACS_CNRM-ESM2-1_r1i1p1f2,dtr,ssp245,1
CNRM-CERFACS_CNRM-ESM2-1_r1i1p1f2,dtr,ssp370,1
CNRM-CERFACS_CNRM-ESM2-1_r1i1p1f2,dtr,ssp585,1
CNRM-CERFACS_CNRM-ESM2-1_r1i1p1f2,hd,historical,1
CNRM-CERFACS_CNRM-ESM2-1_r1i1p1f2,hd,ssp119,1
CNRM-CERFACS_CNRM-ESM2-1_r1i1p1f2,hd,ssp126,1
CNRM-CERFACS_CNRM-ESM2-1_r1i1p1f2,hd,ssp245,1
CNRM-CERFACS_CNRM-ESM2-1_r1i1p1f2,hd,ssp370,1
CNRM-CERFACS_CNRM-ESM2-1_r1i1p1f2,hd,ssp585,1
CNRM-CERFACS_CNRM-ESM2-1_r1i1p1f2,cd,historical,1
CNRM-CERFACS_CNRM-ESM2-1_r1i1p1f2,cd,ssp119,1
CNRM-CERFACS_CNRM-ESM2-1_r1i1p1f2,cd,ssp126,1
CNRM-CERFACS_CNRM-ESM2-1_r1i1p1f2,cd,ssp245,1
CNRM-CERFACS_CNRM-ESM2-1_r1i1p1f2,cd,ssp370,1
CNRM-CERFACS_CNRM-ESM2-1_r1i1p1f2,cd,ssp585,1
CNRM-CERFACS_CNRM-ESM2-1_r1i1p1f2,r,historical,1
CNRM-CERFACS_CNRM-ESM2-1_r1i1p1f2,r,ssp119,1
CNRM-CERFACS_CNRM-ESM2-1_r1i1p1f2,r,ssp126,1
CNRM-CERFACS_CNRM-ESM2-1_r1i1p1f2,r,ssp245,1
CNRM-CERFACS_CNRM-ESM2-1_r1i1p1f2,r,ssp370,1
CNRM-CERFACS_CNRM-ESM2-1_r1i1p1f2,r,ssp585,1
CNRM-CERFACS_CNRM-ESM2-1_r1i1p1f2,spei6,historical,1
CNRM-CERFACS_CNRM-ESM2-1_r1i1p1f2,spei6,ssp119,1
CNRM-CERFACS_CNRM-ESM2-1_r1i1p1f2,spei6,ssp126,1
CNRM-CERFACS_CNRM-ESM2-1_r1i1p1f2,spei6,ssp245,1
CNRM-CERFACS_CNRM-ESM2-1_r1i1p1f2,spei6,ssp370,1
CNRM-CERFACS_CNRM-ESM2-1_r1i1p1f2,spei6,ssp585,1
CNRM-CERFACS_CNRM-ESM2-1_r1i1p1f2,pet,historical,1
CNRM-CERFACS_CNRM-ESM2-1_r1i1p1f2,pet,ssp119,1
CNRM-CERFACS_CNRM-ESM2-1_r1i1p1f2,pet,ssp126,1
CNRM-CERFACS_CNRM-ESM2-1_r1i1p1f2,pet,ssp245,1
CNRM-CERFACS_CNRM-ESM2-1_r1i1p1f2,pet,ssp370,1
CNRM-CERFACS_CNRM-ESM2-1_r1i1p1f2,pet,ssp585,1
CNRM-CERFACS_CNRM-ESM2-1_r1i1p1f2,huss,historical,1
CNRM-CERFACS_CNRM-ESM2-1_r1i1p1f2,huss,ssp119,1
CNRM-CERFACS_CNRM-ESM2-1_r1i1p1f2,huss,ssp126,1
CNRM-CERFACS_CNRM-ESM2-1_r1i1p1f2,huss,ssp245,1
CNRM-CERFACS_CNRM-ESM2-1_r1i1p1f2,huss,ssp370,1
CNRM-CERFACS_CNRM-ESM2-1_r1i1p1f2,huss,ssp585,1
CNRM-CERFACS_CNRM-ESM2-1_r1i1p1f2,evspsbl,historical,1
CNRM-CERFACS_CNRM-ESM2-1_r1i1p1f2,evspsbl,ssp119,1
CNRM-CERFACS_CNRM-ESM2-1_r1i1p1f2,evspsbl,ssp126,1
CNRM-CERFACS_CNRM-ESM2-1_r1i1p1f2,evspsbl,ssp245,1
CNRM-CERFACS_CNRM-ESM2-1_r1i1p1f2,evspsbl,ssp370,1
CNRM-CERFACS_CNRM-ESM2-1_r1i1p1f2,evspsbl,ssp585,1
CNRM-CERFACS_CNRM-ESM2-1_r1i1p1f2,mrsos,historical,1
CNRM-CERFACS_CNRM-ESM2-1_r1i1p1f2,mrsos,ssp119,1
CNRM-CERFACS_CNRM-ESM2-1_r1i1p1f2,mrsos,ssp126,1
CNRM-CERFACS_CNRM-ESM2-1_r1i1p1f2,mrsos,ssp245,1
CNRM-CERFACS_CNRM-ESM2-1_r1i1p1f2,mrsos,ssp370,1
CNRM-CERFACS_CNRM-ESM2-1_r1i1p1f2,mrsos,ssp585,1
CNRM-CERFACS_CNRM-ESM2-1_r1i1p1f2,mrro,historical,1
CNRM-CERFACS_CNRM-ESM2-1_r1i1p1f2,mrro,ssp119,1
CNRM-CERFACS_CNRM-ESM2-1_r1i1p1f2,mrro,ssp126,1
CNRM-CERFACS_CNRM-ESM2-1_r1i1p1f2,mrro,ssp245,1
CNRM-CERFACS_CNRM-ESM2-1_r1i1p1f2,mrro,ssp370,1
CNRM-CERFACS_CNRM-ESM2-1_r1i1p1f2,mrro,ssp585,1
CNRM-CERFACS_CNRM-ESM2-1_r1i1p1f2,prsn,historical,1
CNRM-CERFACS_CNRM-ESM2-1_r1i1p1f2,prsn,ssp119,1
CNRM-CERFACS_CNRM-ESM2-1_r1i1p1f2,prsn,ssp126,1
CNRM-CERFACS_CNRM-ESM2-1_r1i1p1f2,prsn,ssp245,1
CNRM-CERFACS_CNRM-ESM2-1_r1i1p1f2,prsn,ssp370,1
CNRM-CERFACS_CNRM-ESM2-1_r1i1p1f2,prsn,ssp585,1
CNRM-CERFACS_CNRM-ESM2-1_r1i1p1f2,siconc,historical,1
CNRM-CERFACS_CNRM-ESM2-1_r1i1p1f2,siconc,ssp119,0
CNRM-CERFACS_CNRM-ESM2-1_r1i1p1f2,siconc,ssp126,0
CNRM-CERFACS_CNRM-ESM2-1_r1i1p1f2,siconc,ssp245,1
CNRM-CERFACS_CNRM-ESM2-1_r1i1p1f2,siconc,ssp370,0
CNRM-CERFACS_CNRM-ESM2-1_r1i1p1f2,siconc,ssp585,0
CNRM-CERFACS_CNRM-ESM2-1_r1i1p1f2,sfcwind,historical,1
CNRM-CERFACS_CNRM-ESM2-1_r1i1p1f2,sfcwind,ssp119,1
CNRM-CERFACS_CNRM-ESM2-1_r1i1p1f2,sfcwind,ssp126,1
CNRM-CERFACS_CNRM-ESM2-1_r1i1p1f2,sfcwind,ssp245,1
CNRM-CERFACS_CNRM-ESM2-1_r1i1p1f2,sfcwind,ssp370,1
CNRM-CERFACS_CNRM-ESM2-1_r1i1p1f2,sfcwind,ssp585,1
CNRM-CERFACS_CNRM-ESM2-1_r1i1p1f2,clt,historical,1
CNRM-CERFACS_CNRM-ESM2-1_r1i1p1f2,clt,ssp119,1
CNRM-CERFACS_CNRM-ESM2-1_r1i1p1f2,clt,ssp126,1
CNRM-CERFACS_CNRM-ESM2-1_r1i1p1f2,clt,ssp245,1
CNRM-CERFACS_CNRM-ESM2-1_r1i1p1f2,clt,ssp370,1
CNRM-CERFACS_CNRM-ESM2-1_r1i1p1f2,clt,ssp585,1
CNRM-CERFACS_CNRM-ESM2-1_r1i1p1f2,rsds,historical,1
CNRM-CERFACS_CNRM-ESM2-1_r1i1p1f2,rsds,ssp119,1
CNRM-CERFACS_CNRM-ESM2-1_r1i1p1f2,rsds,ssp126,1
CNRM-CERFACS_CNRM-ESM2-1_r1i1p1f2,rsds,ssp245,1
CNRM-CERFACS_CNRM-ESM2-1_r1i1p1f2,rsds,ssp370,1
CNRM-CERFACS_CNRM-ESM2-1_r1i1p1f2,rsds,ssp585,1
CNRM-CERFACS_CNRM-ESM2-1_r1i1p1f2,rlds,historical,1
CNRM-CERFACS_CNRM-ESM2-1_r1i1p1f2,rlds,ssp119,1
CNRM-CERFACS_CNRM-ESM2-1_r1i1p1f2,rlds,ssp126,1
CNRM-CERFACS_CNRM-ESM2-1_r1i1p1f2,rlds,ssp245,1
CNRM-CERFACS_CNRM-ESM2-1_r1i1p1f2,rlds,ssp370,1
CNRM-CERFACS_CNRM-ESM2-1_r1i1p1f2,rlds,ssp585,1
CNRM-CERFACS_CNRM-ESM2-1_r1i1p1f2,sst,historical,1
CNRM-CERFACS_CNRM-ESM2-1_r1i1p1f2,sst,ssp119,1
CNRM-CERFACS_CNRM-ESM2-1_r1i1p1f2,sst,ssp126,1
CNRM-CERFACS_CNRM-ESM2-1_r1i1p1f2,sst,ssp245,1
CNRM-CERFACS_CNRM-ESM2-1_r1i1p1f2,sst,ssp370,1
CNRM-CERFACS_CNRM-ESM2-1_r1i1p1f2,sst,ssp585,1
CNRM-CERFACS_CNRM-ESM2-1_r1i1p1f2,psl,historical,1
CNRM-CERFACS_CNRM-ESM2-1_r1i1p1f2,psl,ssp119,1
CNRM-CERFACS_CNRM-ESM2-1_r1i1p1f2,psl,ssp126,1
CNRM-CERFACS_CNRM-ESM2-1_r1i1p1f2,psl,ssp245,1
CNRM-CERFACS_CNRM-ESM2-1_r1i1p1f2,psl,ssp370,1
CNRM-CERFACS_CNRM-ESM2-1_r1i1p1f2,psl,ssp585,1
CSIRO-ARCCSS_ACCESS-CM2_r1i1p1f1,t,historical,1
CSIRO-ARCCSS_ACCESS-CM2_r1i1p1f1,t,ssp119,0
CSIRO-ARCCSS_ACCESS-CM2_r1i1p1f1,t,ssp126,1
CSIRO-ARCCSS_ACCESS-CM2_r1i1p1f1,t,ssp245,1
CSIRO-ARCCSS_ACCESS-CM2_r1i1p1f1,t,ssp370,1
CSIRO-ARCCSS_ACCESS-CM2_r1i1p1f1,t,ssp585,1
CSIRO-ARCCSS_ACCESS-CM2_r1i1p1f1,tn,historical,1
CSIRO-ARCCSS_ACCESS-CM2_r1i1p1f1,tn,ssp119,0
CSIRO-ARCCSS_ACCESS-CM2_r1i1p1f1,tn,ssp126,1
CSIRO-ARCCSS_ACCESS-CM2_r1i1p1f1,tn,ssp245,1
CSIRO-ARCCSS_ACCESS-CM2_r1i1p1f1,tn,ssp370,1
CSIRO-ARCCSS_ACCESS-CM2_r1i1p1f1,tn,ssp585,1
CSIRO-ARCCSS_ACCESS-CM2_r1i1p1f1,tx,historical,1
CSIRO-ARCCSS_ACCESS-CM2_r1i1p1f1,tx,ssp119,0
CSIRO-ARCCSS_ACCESS-CM2_r1i1p1f1,tx,ssp126,1
CSIRO-ARCCSS_ACCESS-CM2_r1i1p1f1,tx,ssp245,1
CSIRO-ARCCSS_ACCESS-CM2_r1i1p1f1,tx,ssp370,1
CSIRO-ARCCSS_ACCESS-CM2_r1i1p1f1,tx,ssp585,1
CSIRO-ARCCSS_ACCESS-CM2_r1i1p1f1,dtr,historical,1
CSIRO-ARCCSS_ACCESS-CM2_r1i1p1f1,dtr,ssp119,0
CSIRO-ARCCSS_ACCESS-CM2_r1i1p1f1,dtr,ssp126,1
CSIRO-ARCCSS_ACCESS-CM2_r1i1p1f1,dtr,ssp245,1
CSIRO-ARCCSS_ACCESS-CM2_r1i1p1f1,dtr,ssp370,1
CSIRO-ARCCSS_ACCESS-CM2_r1i1p1f1,dtr,ssp585,1
CSIRO-ARCCSS_ACCESS-CM2_r1i1p1f1,hd,historical,1
CSIRO-ARCCSS_ACCESS-CM2_r1i1p1f1,hd,ssp119,0
CSIRO-ARCCSS_ACCESS-CM2_r1i1p1f1,hd,ssp126,1
CSIRO-ARCCSS_ACCESS-CM2_r1i1p1f1,hd,ssp245,1
CSIRO-ARCCSS_ACCESS-CM2_r1i1p1f1,hd,ssp370,1
CSIRO-ARCCSS_ACCESS-CM2_r1i1p1f1,hd,ssp585,1
CSIRO-ARCCSS_ACCESS-CM2_r1i1p1f1,cd,historical,1
CSIRO-ARCCSS_ACCESS-CM2_r1i1p1f1,cd,ssp119,0
CSIRO-ARCCSS_ACCESS-CM2_r1i1p1f1,cd,ssp126,1
CSIRO-ARCCSS_ACCESS-CM2_r1i1p1f1,cd,ssp245,1
CSIRO-ARCCSS_ACCESS-CM2_r1i1p1f1,cd,ssp370,1
CSIRO-ARCCSS_ACCESS-CM2_r1i1p1f1,cd,ssp585,1
CSIRO-ARCCSS_ACCESS-CM2_r1i1p1f1,r,historical,1
CSIRO-ARCCSS_ACCESS-CM2_r1i1p1f1,r,ssp119,0
CSIRO-ARCCSS_ACCESS-CM2_r1i1p1f1,r,ssp126,1
CSIRO-ARCCSS_ACCESS-CM2_r1i1p1f1,r,ssp245,1
CSIRO-ARCCSS_ACCESS-CM2_r1i1p1f1,r,ssp370,1
CSIRO-ARCCSS_ACCESS-CM2_r1i1p1f1,r,ssp585,1
CSIRO-ARCCSS_ACCESS-CM2_r1i1p1f1,spei6,historical,1
CSIRO-ARCCSS_ACCESS-CM2_r1i1p1f1,spei6,ssp119,0
CSIRO-ARCCSS_ACCESS-CM2_r1i1p1f1,spei6,ssp126,1
CSIRO-ARCCSS_ACCESS-CM2_r1i1p1f1,spei6,ssp245,1
CSIRO-ARCCSS_ACCESS-CM2_r1i1p1f1,spei6,ssp370,1
CSIRO-ARCCSS_ACCESS-CM2_r1i1p1f1,spei6,ssp585,1
CSIRO-ARCCSS_ACCESS-CM2_r1i1p1f1,pet,historical,1
CSIRO-ARCCSS_ACCESS-CM2_r1i1p1f1,pet,ssp119,0
CSIRO-ARCCSS_ACCESS-CM2_r1i1p1f1,pet,ssp126,1
CSIRO-ARCCSS_ACCESS-CM2_r1i1p1f1,pet,ssp245,1
CSIRO-ARCCSS_ACCESS-CM2_r1i1p1f1,pet,ssp370,1
CSIRO-ARCCSS_ACCESS-CM2_r1i1p1f1,pet,ssp585,1
CSIRO-ARCCSS_ACCESS-CM2_r1i1p1f1,huss,historical,1
CSIRO-ARCCSS_ACCESS-CM2_r1i1p1f1,huss,ssp119,0
CSIRO-ARCCSS_ACCESS-CM2_r1i1p1f1,huss,ssp126,1
CSIRO-ARCCSS_ACCESS-CM2_r1i1p1f1,huss,ssp245,1
CSIRO-ARCCSS_ACCESS-CM2_r1i1p1f1,huss,ssp370,1
CSIRO-ARCCSS_ACCESS-CM2_r1i1p1f1,huss,ssp585,1
CSIRO-ARCCSS_ACCESS-CM2_r1i1p1f1,evspsbl,historical,1
CSIRO-ARCCSS_ACCESS-CM2_r1i1p1f1,evspsbl,ssp119,0
CSIRO-ARCCSS_ACCESS-CM2_r1i1p1f1,evspsbl,ssp126,1
CSIRO-ARCCSS_ACCESS-CM2_r1i1p1f1,evspsbl,ssp245,1
CSIRO-ARCCSS_ACCESS-CM2_r1i1p1f1,evspsbl,ssp370,1
CSIRO-ARCCSS_ACCESS-CM2_r1i1p1f1,evspsbl,ssp585,1
CSIRO-ARCCSS_ACCESS-CM2_r1i1p1f1,mrsos,historical,1
CSIRO-ARCCSS_ACCESS-CM2_r1i1p1f1,mrsos,ssp119,0
CSIRO-ARCCSS_ACCESS-CM2_r1i1p1f1,mrsos,ssp126,1
CSIRO-ARCCSS_ACCESS-CM2_r1i1p1f1,mrsos,ssp245,1
CSIRO-ARCCSS_ACCESS-CM2_r1i1p1f1,mrsos,ssp370,1
CSIRO-ARCCSS_ACCESS-CM2_r1i1p1f1,mrsos,ssp585,1
CSIRO-ARCCSS_ACCESS-CM2_r1i1p1f1,mrro,historical,1
CSIRO-ARCCSS_ACCESS-CM2_r1i1p1f1,mrro,ssp119,0
CSIRO-ARCCSS_ACCESS-CM2_r1i1p1f1,mrro,ssp126,1
CSIRO-ARCCSS_ACCESS-CM2_r1i1p1f1,mrro,ssp245,1
CSIRO-ARCCSS_ACCESS-CM2_r1i1p1f1,mrro,ssp370,1
CSIRO-ARCCSS_ACCESS-CM2_r1i1p1f1,mrro,ssp585,1
CSIRO-ARCCSS_ACCESS-CM2_r1i1p1f1,prsn,historical,1
CSIRO-ARCCSS_ACCESS-CM2_r1i1p1f1,prsn,ssp119,0
CSIRO-ARCCSS_ACCESS-CM2_r1i1p1f1,prsn,ssp126,1
CSIRO-ARCCSS_ACCESS-CM2_r1i1p1f1,prsn,ssp245,1
CSIRO-ARCCSS_ACCESS-CM2_r1i1p1f1,prsn,ssp370,1
CSIRO-ARCCSS_ACCESS-CM2_r1i1p1f1,prsn,ssp585,1
CSIRO-ARCCSS_ACCESS-CM2_r1i1p1f1,siconc,historical,1
CSIRO-ARCCSS_ACCESS-CM2_r1i1p1f1,siconc,ssp119,0
CSIRO-ARCCSS_ACCESS-CM2_r1i1p1f1,siconc,ssp126,1
CSIRO-ARCCSS_ACCESS-CM2_r1i1p1f1,siconc,ssp245,1
CSIRO-ARCCSS_ACCESS-CM2_r1i1p1f1,siconc,ssp370,1
CSIRO-ARCCSS_ACCESS-CM2_r1i1p1f1,siconc,ssp585,1
CSIRO-ARCCSS_ACCESS-CM2_r1i1p1f1,sfcwind,historical,1
CSIRO-ARCCSS_ACCESS-CM2_r1i1p1f1,sfcwind,ssp119,0
CSIRO-ARCCSS_ACCESS-CM2_r1i1p1f1,sfcwind,ssp126,1
CSIRO-ARCCSS_ACCESS-CM2_r1i1p1f1,sfcwind,ssp245,1
CSIRO-ARCCSS_ACCESS-CM2_r1i1p1f1,sfcwind,ssp370,1
CSIRO-ARCCSS_ACCESS-CM2_r1i1p1f1,sfcwind,ssp585,1
CSIRO-ARCCSS_ACCESS-CM2_r1i1p1f1,clt,historical,1
CSIRO-ARCCSS_ACCESS-CM2_r1i1p1f1,clt,ssp119,0
CSIRO-ARCCSS_ACCESS-CM2_r1i1p1f1,clt,ssp126,1
CSIRO-ARCCSS_ACCESS-CM2_r1i1p1f1,clt,ssp245,1
CSIRO-ARCCSS_ACCESS-CM2_r1i1p1f1,clt,ssp370,1
CSIRO-ARCCSS_ACCESS-CM2_r1i1p1f1,clt,ssp585,1
CSIRO-ARCCSS_ACCESS-CM2_r1i1p1f1,rsds,historical,1
CSIRO-ARCCSS_ACCESS-CM2_r1i1p1f1,rsds,ssp119,0
CSIRO-ARCCSS_ACCESS-CM2_r1i1p1f1,rsds,ssp126,1
CSIRO-ARCCSS_ACCESS-CM2_r1i1p1f1,rsds,ssp245,1
CSIRO-ARCCSS_ACCESS-CM2_r1i1p1f1,rsds,ssp370,1
CSIRO-ARCCSS_ACCESS-CM2_r1i1p1f1,rsds,ssp585,1
CSIRO-ARCCSS_ACCESS-CM2_r1i1p1f1,rlds,historical,1
CSIRO-ARCCSS_ACCESS-CM2_r1i1p1f1,rlds,ssp119,0
CSIRO-ARCCSS_ACCESS-CM2_r1i1p1f1,rlds,ssp126,1
CSIRO-ARCCSS_ACCESS-CM2_r1i1p1f1,rlds,ssp245,1
CSIRO-ARCCSS_ACCESS-CM2_r1i1p1f1,rlds,ssp370,1
CSIRO-ARCCSS_ACCESS-CM2_r1i1p1f1,rlds,ssp585,1
CSIRO-ARCCSS_ACCESS-CM2_r1i1p1f1,sst,historical,1
CSIRO-ARCCSS_ACCESS-CM2_r1i1p1f1,sst,ssp119,0
CSIRO-ARCCSS_ACCESS-CM2_r1i1p1f1,sst,ssp126,1
CSIRO-ARCCSS_ACCESS-CM2_r1i1p1f1,sst,ssp245,1
CSIRO-ARCCSS_ACCESS-CM2_r1i1p1f1,sst,ssp370,1
CSIRO-ARCCSS_ACCESS-CM2_r1i1p1f1,sst,ssp585,1
CSIRO-ARCCSS_ACCESS-CM2_r1i1p1f1,psl,historical,1
CSIRO-ARCCSS_ACCESS-CM2_r1i1p1f1,psl,ssp119,0
CSIRO-ARCCSS_ACCESS-CM2_r1i1p1f1,psl,ssp126,1
CSIRO-ARCCSS_ACCESS-CM2_r1i1p1f1,psl,ssp245,1
CSIRO-ARCCSS_ACCESS-CM2_r1i1p1f1,psl,ssp370,1
CSIRO-ARCCSS_ACCESS-CM2_r1i1p1f1,psl,ssp585,1
E3SM-Project_E3SM-1-1_r1i1p1f1,t,historical,0
E3SM-Project_E3SM-1-1_r1i1p1f1,t,ssp119,0
E3SM-Project_E3SM-1-1_r1i1p1f1,t,ssp126,0
E3SM-Project_E3SM-1-1_r1i1p1f1,t,ssp245,0
E3SM-Project_E3SM-1-1_r1i1p1f1,t,ssp370,0
E3SM-Project_E3SM-1-1_r1i1p1f1,t,ssp585,0
E3SM-Project_E3SM-1-1_r1i1p1f1,tn,historical,0
E3SM-Project_E3SM-1-1_r1i1p1f1,tn,ssp119,0
E3SM-Project_E3SM-1-1_r1i1p1f1,tn,ssp126,0
E3SM-Project_E3SM-1-1_r1i1p1f1,tn,ssp245,0
E3SM-Project_E3SM-1-1_r1i1p1f1,tn,ssp370,0
E3SM-Project_E3SM-1-1_r1i1p1f1,tn,ssp585,0
E3SM-Project_E3SM-1-1_r1i1p1f1,tx,historical,0
E3SM-Project_E3SM-1-1_r1i1p1f1,tx,ssp119,0
E3SM-Project_E3SM-1-1_r1i1p1f1,tx,ssp126,0
E3SM-Project_E3SM-1-1_r1i1p1f1,tx,ssp245,0
E3SM-Project_E3SM-1-1_r1i1p1f1,tx,ssp370,0
E3SM-Project_E3SM-1-1_r1i1p1f1,tx,ssp585,0
E3SM-Project_E3SM-1-1_r1i1p1f1,dtr,historical,0
E3SM-Project_E3SM-1-1_r1i1p1f1,dtr,ssp119,0
E3SM-Project_E3SM-1-1_r1i1p1f1,dtr,ssp126,0
E3SM-Project_E3SM-1-1_r1i1p1f1,dtr,ssp245,0
E3SM-Project_E3SM-1-1_r1i1p1f1,dtr,ssp370,0
E3SM-Project_E3SM-1-1_r1i1p1f1,dtr,ssp585,0
E3SM-Project_E3SM-1-1_r1i1p1f1,hd,historical,0
E3SM-Project_E3SM-1-1_r1i1p1f1,hd,ssp119,0
E3SM-Project_E3SM-1-1_r1i1p1f1,hd,ssp126,0
E3SM-Project_E3SM-1-1_r1i1p1f1,hd,ssp245,0
E3SM-Project_E3SM-1-1_r1i1p1f1,hd,ssp370,0
E3SM-Project_E3SM-1-1_r1i1p1f1,hd,ssp585,0
E3SM-Project_E3SM-1-1_r1i1p1f1,cd,historical,0
E3SM-Project_E3SM-1-1_r1i1p1f1,cd,ssp119,0
E3SM-Project_E3SM-1-1_r1i1p1f1,cd,ssp126,0
E3SM-Project_E3SM-1-1_r1i1p1f1,cd,ssp245,0
E3SM-Project_E3SM-1-1_r1i1p1f1,cd,ssp370,0
E3SM-Project_E3SM-1-1_r1i1p1f1,cd,ssp585,0
E3SM-Project_E3SM-1-1_r1i1p1f1,r,historical,0
E3SM-Project_E3SM-1-1_r1i1p1f1,r,ssp119,0
E3SM-Project_E3SM-1-1_r1i1p1f1,r,ssp126,0
E3SM-Project_E3SM-1-1_r1i1p1f1,r,ssp245,0
E3SM-Project_E3SM-1-1_r1i1p1f1,r,ssp370,0
E3SM-Project_E3SM-1-1_r1i1p1f1,r,ssp585,0
E3SM-Project_E3SM-1-1_r1i1p1f1,spei6,historical,0
E3SM-Project_E3SM-1-1_r1i1p1f1,spei6,ssp119,0
E3SM-Project_E3SM-1-1_r1i1p1f1,spei6,ssp126,0
E3SM-Project_E3SM-1-1_r1i1p1f1,spei6,ssp245,0
E3SM-Project_E3SM-1-1_r1i1p1f1,spei6,ssp370,0
E3SM-Project_E3SM-1-1_r1i1p1f1,spei6,ssp585,0
E3SM-Project_E3SM-1-1_r1i1p1f1,pet,historical,0
E3SM-Project_E3SM-1-1_r1i1p1f1,pet,ssp119,0
E3SM-Project_E3SM-1-1_r1i1p1f1,pet,ssp126,0
E3SM-Project_E3SM-1-1_r1i1p1f1,pet,ssp245,0
E3SM-Project_E3SM-1-1_r1i1p1f1,pet,ssp370,0
E3SM-Project_E3SM-1-1_r1i1p1f1,pet,ssp585,0
E3SM-Project_E3SM-1-1_r1i1p1f1,huss,historical,1
E3SM-Project_E3SM-1-1_r1i1p1f1,huss,ssp119,0
E3SM-Project_E3SM-1-1_r1i1p1f1,huss,ssp126,0
E3SM-Project_E3SM-1-1_r1i1p1f1,huss,ssp245,0
E3SM-Project_E3SM-1-1_r1i1p1f1,huss,ssp370,0
E3SM-Project_E3SM-1-1_r1i1p1f1,huss,ssp585,1
E3SM-Project_E3SM-1-1_r1i1p1f1,evspsbl,historical,1
E3SM-Project_E3SM-1-1_r1i1p1f1,evspsbl,ssp119,0
E3SM-Project_E3SM-1-1_r1i1p1f1,evspsbl,ssp126,0
E3SM-Project_E3SM-1-1_r1i1p1f1,evspsbl,ssp245,0
E3SM-Project_E3SM-1-1_r1i1p1f1,evspsbl,ssp370,0
E3SM-Project_E3SM-1-1_r1i1p1f1,evspsbl,ssp585,1
E3SM-Project_E3SM-1-1_r1i1p1f1,mrsos,historical,1
E3SM-Project_E3SM-1-1_r1i1p1f1,mrsos,ssp119,0
E3SM-Project_E3SM-1-1_r1i1p1f1,mrsos,ssp126,0
E3SM-Project_E3SM-1-1_r1i1p1f1,mrsos,ssp245,0
E3SM-Project_E3SM-1-1_r1i1p1f1,mrsos,ssp370,0
E3SM-Project_E3SM-1-1_r1i1p1f1,mrsos,ssp585,1
E3SM-Project_E3SM-1-1_r1i1p1f1,mrro,historical,0
E3SM-Project_E3SM-1-1_r1i1p1f1,mrro,ssp119,0
E3SM-Project_E3SM-1-1_r1i1p1f1,mrro,ssp126,0
E3SM-Project_E3SM-1-1_r1i1p1f1,mrro,ssp245,0
E3SM-Project_E3SM-1-1_r1i1p1f1,mrro,ssp370,0
E3SM-Project_E3SM-1-1_r1i1p1f1,mrro,ssp585,0
E3SM-Project_E3SM-1-1_r1i1p1f1,prsn,historical,1
E3SM-Project_E3SM-1-1_r1i1p1f1,prsn,ssp119,0
E3SM-Project_E3SM-1-1_r1i1p1f1,prsn,ssp126,0
E3SM-Project_E3SM-1-1_r1i1p1f1,prsn,ssp245,0
E3SM-Project_E3SM-1-1_r1i1p1f1,prsn,ssp370,0
E3SM-Project_E3SM-1-1_r1i1p1f1,prsn,ssp585,1
E3SM-Project_E3SM-1-1_r1i1p1f1,siconc,historical,1
E3SM-Project_E3SM-1-1_r1i1p1f1,siconc,ssp119,0
E3SM-Project_E3SM-1-1_r1i1p1f1,siconc,ssp126,0
E3SM-Project_E3SM-1-1_r1i1p1f1,siconc,ssp245,0
E3SM-Project_E3SM-1-1_r1i1p1f1,siconc,ssp370,0
E3SM-Project_E3SM-1-1_r1i1p1f1,siconc,ssp585,1
E3SM-Project_E3SM-1-1_r1i1p1f1,sfcwind,historical,1
E3SM-Project_E3SM-1-1_r1i1p1f1,sfcwind,ssp119,0
E3SM-Project_E3SM-1-1_r1i1p1f1,sfcwind,ssp126,0
E3SM-Project_E3SM-1-1_r1i1p1f1,sfcwind,ssp245,0
E3SM-Project_E3SM-1-1_r1i1p1f1,sfcwind,ssp370,0
E3SM-Project_E3SM-1-1_r1i1p1f1,sfcwind,ssp585,1
E3SM-Project_E3SM-1-1_r1i1p1f1,clt,historical,1
E3SM-Project_E3SM-1-1_r1i1p1f1,clt,ssp119,0
E3SM-Project_E3SM-1-1_r1i1p1f1,clt,ssp126,0
E3SM-Project_E3SM-1-1_r1i1p1f1,clt,ssp245,0
E3SM-Project_E3SM-1-1_r1i1p1f1,clt,ssp370,0
E3SM-Project_E3SM-1-1_r1i1p1f1,clt,ssp585,1
E3SM-Project_E3SM-1-1_r1i1p1f1,rsds,historical,1
E3SM-Project_E3SM-1-1_r1i1p1f1,rsds,ssp119,0
E3SM-Project_E3SM-1-1_r1i1p1f1,rsds,ssp126,0
E3SM-Project_E3SM-1-1_r1i1p1f1,rsds,ssp245,0
E3SM-Project_E3SM-1-1_r1i1p1f1,rsds,ssp370,0
E3SM-Project_E3SM-1-1_r1i1p1f1,rsds,ssp585,1
E3SM-Project_E3SM-1-1_r1i1p1f1,rlds,historical,1
E3SM-Project_E3SM-1-1_r1i1p1f1,rlds,ssp119,0
E3SM-Project_E3SM-1-1_r1i1p1f1,rlds,ssp126,0
E3SM-Project_E3SM-1-1_r1i1p1f1,rlds,ssp245,0
E3SM-Project_E3SM-1-1_r1i1p1f1,rlds,ssp370,0
E3SM-Project_E3SM-1-1_r1i1p1f1,rlds,ssp585,1
E3SM-Project_E3SM-1-1_r1i1p1f1,sst,historical,0
E3SM-Project_E3SM-1-1_r1i1p1f1,sst,ssp119,0
E3SM-Project_E3SM-1-1_r1i1p1f1,sst,ssp126,0
E3SM-Project_E3SM-1-1_r1i1p1f1,sst,ssp245,0
E3SM-Project_E3SM-1-1_r1i1p1f1,sst,ssp370,0
E3SM-Project_E3SM-1-1_r1i1p1f1,sst,ssp585,0
E3SM-Project_E3SM-1-1_r1i1p1f1,psl,historical,1
E3SM-Project_E3SM-1-1_r1i1p1f1,psl,ssp119,0
E3SM-Project_E3SM-1-1_r1i1p1f1,psl,ssp126,0
E3SM-Project_E3SM-1-1_r1i1p1f1,psl,ssp245,0
E3SM-Project_E3SM-1-1_r1i1p1f1,psl,ssp370,0
E3SM-Project_E3SM-1-1_r1i1p1f1,psl,ssp585,1
EC-Earth-Consortium_EC-Earth3-AerChem_r1i1p1f1,t,historical,1
EC-Earth-Consortium_EC-Earth3-AerChem_r1i1p1f1,t,ssp119,0
EC-Earth-Consortium_EC-Earth3-AerChem_r1i1p1f1,t,ssp126,0
EC-Earth-Consortium_EC-Earth3-AerChem_r1i1p1f1,t,ssp245,0
EC-Earth-Consortium_EC-Earth3-AerChem_r1i1p1f1,t,ssp370,1
EC-Earth-Consortium_EC-Earth3-AerChem_r1i1p1f1,t,ssp585,0
EC-Earth-Consortium_EC-Earth3-AerChem_r1i1p1f1,tn,historical,1
EC-Earth-Consortium_EC-Earth3-AerChem_r1i1p1f1,tn,ssp119,0
EC-Earth-Consortium_EC-Earth3-AerChem_r1i1p1f1,tn,ssp126,0
EC-Earth-Consortium_EC-Earth3-AerChem_r1i1p1f1,tn,ssp245,0
EC-Earth-Consortium_EC-Earth3-AerChem_r1i1p1f1,tn,ssp370,1
EC-Earth-Consortium_EC-Earth3-AerChem_r1i1p1f1,tn,ssp585,0
EC-Earth-Consortium_EC-Earth3-AerChem_r1i1p1f1,tx,historical,1
EC-Earth-Consortium_EC-Earth3-AerChem_r1i1p1f1,tx,ssp119,0
EC-Earth-Consortium_EC-Earth3-AerChem_r1i1p1f1,tx,ssp126,0
EC-Earth-Consortium_EC-Earth3-AerChem_r1i1p1f1,tx,ssp245,0
EC-Earth-Consortium_EC-Earth3-AerChem_r1i1p1f1,tx,ssp370,1
EC-Earth-Consortium_EC-Earth3-AerChem_r1i1p1f1,tx,ssp585,0
EC-Earth-Consortium_EC-Earth3-AerChem_r1i1p1f1,dtr,historical,1
EC-Earth-Consortium_EC-Earth3-AerChem_r1i1p1f1,dtr,ssp119,0
EC-Earth-Consortium_EC-Earth3-AerChem_r1i1p1f1,dtr,ssp126,0
EC-Earth-Consortium_EC-Earth3-AerChem_r1i1p1f1,dtr,ssp245,0
EC-Earth-Consortium_EC-Earth3-AerChem_r1i1p1f1,dtr,ssp370,1
EC-Earth-Consortium_EC-Earth3-AerChem_r1i1p1f1,dtr,ssp585,0
EC-Earth-Consortium_EC-Earth3-AerChem_r1i1p1f1,hd,historical,1
EC-Earth-Consortium_EC-Earth3-AerChem_r1i1p1f1,hd,ssp119,0
EC-Earth-Consortium_EC-Earth3-AerChem_r1i1p1f1,hd,ssp126,0
EC-Earth-Consortium_EC-Earth3-AerChem_r1i1p1f1,hd,ssp245,0
EC-Earth-Consortium_EC-Earth3-AerChem_r1i1p1f1,hd,ssp370,1
EC-Earth-Consortium_EC-Earth3-AerChem_r1i1p1f1,hd,ssp585,0
EC-Earth-Consortium_EC-Earth3-AerChem_r1i1p1f1,cd,historical,1
EC-Earth-Consortium_EC-Earth3-AerChem_r1i1p1f1,cd,ssp119,0
EC-Earth-Consortium_EC-Earth3-AerChem_r1i1p1f1,cd,ssp126,0
EC-Earth-Consortium_EC-Earth3-AerChem_r1i1p1f1,cd,ssp245,0
EC-Earth-Consortium_EC-Earth3-AerChem_r1i1p1f1,cd,ssp370,1
EC-Earth-Consortium_EC-Earth3-AerChem_r1i1p1f1,cd,ssp585,0
EC-Earth-Consortium_EC-Earth3-AerChem_r1i1p1f1,r,historical,1
EC-Earth-Consortium_EC-Earth3-AerChem_r1i1p1f1,r,ssp119,0
EC-Earth-Consortium_EC-Earth3-AerChem_r1i1p1f1,r,ssp126,0
EC-Earth-Consortium_EC-Earth3-AerChem_r1i1p1f1,r,ssp245,0
EC-Earth-Consortium_EC-Earth3-AerChem_r1i1p1f1,r,ssp370,1
EC-Earth-Consortium_EC-Earth3-AerChem_r1i1p1f1,r,ssp585,0
EC-Earth-Consortium_EC-Earth3-AerChem_r1i1p1f1,spei6,historical,1
EC-Earth-Consortium_EC-Earth3-AerChem_r1i1p1f1,spei6,ssp119,0
EC-Earth-Consortium_EC-Earth3-AerChem_r1i1p1f1,spei6,ssp126,0
EC-Earth-Consortium_EC-Earth3-AerChem_r1i1p1f1,spei6,ssp245,0
EC-Earth-Consortium_EC-Earth3-AerChem_r1i1p1f1,spei6,ssp370,1
EC-Earth-Consortium_EC-Earth3-AerChem_r1i1p1f1,spei6,ssp585,0
EC-Earth-Consortium_EC-Earth3-AerChem_r1i1p1f1,pet,historical,1
EC-Earth-Consortium_EC-Earth3-AerChem_r1i1p1f1,pet,ssp119,0
EC-Earth-Consortium_EC-Earth3-AerChem_r1i1p1f1,pet,ssp126,0
EC-Earth-Consortium_EC-Earth3-AerChem_r1i1p1f1,pet,ssp245,0
EC-Earth-Consortium_EC-Earth3-AerChem_r1i1p1f1,pet,ssp370,1
EC-Earth-Consortium_EC-Earth3-AerChem_r1i1p1f1,pet,ssp585,0
EC-Earth-Consortium_EC-Earth3-AerChem_r1i1p1f1,huss,historical,1
EC-Earth-Consortium_EC-Earth3-AerChem_r1i1p1f1,huss,ssp119,0
EC-Earth-Consortium_EC-Earth3-AerChem_r1i1p1f1,huss,ssp126,0
EC-Earth-Consortium_EC-Earth3-AerChem_r1i1p1f1,huss,ssp245,0
EC-Earth-Consortium_EC-Earth3-AerChem_r1i1p1f1,huss,ssp370,1
EC-Earth-Consortium_EC-Earth3-AerChem_r1i1p1f1,huss,ssp585,0
EC-Earth-Consortium_EC-Earth3-AerChem_r1i1p1f1,evspsbl,historical,1
EC-Earth-Consortium_EC-Earth3-AerChem_r1i1p1f1,evspsbl,ssp119,0
EC-Earth-Consortium_EC-Earth3-AerChem_r1i1p1f1,evspsbl,ssp126,0
EC-Earth-Consortium_EC-Earth3-AerChem_r1i1p1f1,evspsbl,ssp245,0
EC-Earth-Consortium_EC-Earth3-AerChem_r1i1p1f1,evspsbl,ssp370,1
EC-Earth-Consortium_EC-Earth3-AerChem_r1i1p1f1,evspsbl,ssp585,0
EC-Earth-Consortium_EC-Earth3-AerChem_r1i1p1f1,mrsos,historical,1
EC-Earth-Consortium_EC-Earth3-AerChem_r1i1p1f1,mrsos,ssp119,0
EC-Earth-Consortium_EC-Earth3-AerChem_r1i1p1f1,mrsos,ssp126,0
EC-Earth-Consortium_EC-Earth3-AerChem_r1i1p1f1,mrsos,ssp245,0
EC-Earth-Consortium_EC-Earth3-AerChem_r1i1p1f1,mrsos,ssp370,1
EC-Earth-Consortium_EC-Earth3-AerChem_r1i1p1f1,mrsos,ssp585,0
EC-Earth-Consortium_EC-Earth3-AerChem_r1i1p1f1,mrro,historical,1
EC-Earth-Consortium_EC-Earth3-AerChem_r1i1p1f1,mrro,ssp119,0
EC-Earth-Consortium_EC-Earth3-AerChem_r1i1p1f1,mrro,ssp126,0
EC-Earth-Consortium_EC-Earth3-AerChem_r1i1p1f1,mrro,ssp245,0
EC-Earth-Consortium_EC-Earth3-AerChem_r1i1p1f1,mrro,ssp370,1
EC-Earth-Consortium_EC-Earth3-AerChem_r1i1p1f1,mrro,ssp585,0
EC-Earth-Consortium_EC-Earth3-AerChem_r1i1p1f1,prsn,historical,1
EC-Earth-Consortium_EC-Earth3-AerChem_r1i1p1f1,prsn,ssp119,0
EC-Earth-Consortium_EC-Earth3-AerChem_r1i1p1f1,prsn,ssp126,0
EC-Earth-Consortium_EC-Earth3-AerChem_r1i1p1f1,prsn,ssp245,0
EC-Earth-Consortium_EC-Earth3-AerChem_r1i1p1f1,prsn,ssp370,1
EC-Earth-Consortium_EC-Earth3-AerChem_r1i1p1f1,prsn,ssp585,0
EC-Earth-Consortium_EC-Earth3-AerChem_r1i1p1f1,siconc,historical,0
EC-Earth-Consortium_EC-Earth3-AerChem_r1i1p1f1,siconc,ssp119,0
EC-Earth-Consortium_EC-Earth3-AerChem_r1i1p1f1,siconc,ssp126,0
EC-Earth-Consortium_EC-Earth3-AerChem_r1i1p1f1,siconc,ssp245,0
EC-Earth-Consortium_EC-Earth3-AerChem_r1i1p1f1,siconc,ssp370,0
EC-Earth-Consortium_EC-Earth3-AerChem_r1i1p1f1,siconc,ssp585,0
EC-Earth-Consortium_EC-Earth3-AerChem_r1i1p1f1,sfcwind,historical,0
EC-Earth-Consortium_EC-Earth3-AerChem_r1i1p1f1,sfcwind,ssp119,0
EC-Earth-Consortium_EC-Earth3-AerChem_r1i1p1f1,sfcwind,ssp126,0
EC-Earth-Consortium_EC-Earth3-AerChem_r1i1p1f1,sfcwind,ssp245,0
EC-Earth-Consortium_EC-Earth3-AerChem_r1i1p1f1,sfcwind,ssp370,0
EC-Earth-Consortium_EC-Earth3-AerChem_r1i1p1f1,sfcwind,ssp585,0
EC-Earth-Consortium_EC-Earth3-AerChem_r1i1p1f1,clt,historical,1
EC-Earth-Consortium_EC-Earth3-AerChem_r1i1p1f1,clt,ssp119,0
EC-Earth-Consortium_EC-Earth3-AerChem_r1i1p1f1,clt,ssp126,0
EC-Earth-Consortium_EC-Earth3-AerChem_r1i1p1f1,clt,ssp245,0
EC-Earth-Consortium_EC-Earth3-AerChem_r1i1p1f1,clt,ssp370,1
EC-Earth-Consortium_EC-Earth3-AerChem_r1i1p1f1,clt,ssp585,0
EC-Earth-Consortium_EC-Earth3-AerChem_r1i1p1f1,rsds,historical,1
EC-Earth-Consortium_EC-Earth3-AerChem_r1i1p1f1,rsds,ssp119,0
EC-Earth-Consortium_EC-Earth3-AerChem_r1i1p1f1,rsds,ssp126,0
EC-Earth-Consortium_EC-Earth3-AerChem_r1i1p1f1,rsds,ssp245,0
EC-Earth-Consortium_EC-Earth3-AerChem_r1i1p1f1,rsds,ssp370,1
EC-Earth-Consortium_EC-Earth3-AerChem_r1i1p1f1,rsds,ssp585,0
EC-Earth-Consortium_EC-Earth3-AerChem_r1i1p1f1,rlds,historical,1
EC-Earth-Consortium_EC-Earth3-AerChem_r1i1p1f1,rlds,ssp119,0
EC-Earth-Consortium_EC-Earth3-AerChem_r1i1p1f1,rlds,ssp126,0
EC-Earth-Consortium_EC-Earth3-AerChem_r1i1p1f1,rlds,ssp245,0
EC-Earth-Consortium_EC-Earth3-AerChem_r1i1p1f1,rlds,ssp370,1
EC-Earth-Consortium_EC-Earth3-AerChem_r1i1p1f1,rlds,ssp585,0
EC-Earth-Consortium_EC-Earth3-AerChem_r1i1p1f1,sst,historical,0
EC-Earth-Consortium_EC-Earth3-AerChem_r1i1p1f1,sst,ssp119,0
EC-Earth-Consortium_EC-Earth3-AerChem_r1i1p1f1,sst,ssp126,0
EC-Earth-Consortium_EC-Earth3-AerChem_r1i1p1f1,sst,ssp245,0
EC-Earth-Consortium_EC-Earth3-AerChem_r1i1p1f1,sst,ssp370,0
EC-Earth-Consortium_EC-Earth3-AerChem_r1i1p1f1,sst,ssp585,0
EC-Earth-Consortium_EC-Earth3-AerChem_r1i1p1f1,psl,historical,1
EC-Earth-Consortium_EC-Earth3-AerChem_r1i1p1f1,psl,ssp119,0
EC-Earth-Consortium_EC-Earth3-AerChem_r1i1p1f1,psl,ssp126,0
EC-Earth-Consortium_EC-Earth3-AerChem_r1i1p1f1,psl,ssp245,0
EC-Earth-Consortium_EC-Earth3-AerChem_r1i1p1f1,psl,ssp370,1
EC-Earth-Consortium_EC-Earth3-AerChem_r1i1p1f1,psl,ssp585,0
EC-Earth-Consortium_EC-Earth3-CC_r1i1p1f1,t,historical,1
EC-Earth-Consortium_EC-Earth3-CC_r1i1p1f1,t,ssp119,0
EC-Earth-Consortium_EC-Earth3-CC_r1i1p1f1,t,ssp126,0
EC-Earth-Consortium_EC-Earth3-CC_r1i1p1f1,t,ssp245,1
EC-Earth-Consortium_EC-Earth3-CC_r1i1p1f1,t,ssp370,0
EC-Earth-Consortium_EC-Earth3-CC_r1i1p1f1,t,ssp585,1
EC-Earth-Consortium_EC-Earth3-CC_r1i1p1f1,tn,historical,1
EC-Earth-Consortium_EC-Earth3-CC_r1i1p1f1,tn,ssp119,0
EC-Earth-Consortium_EC-Earth3-CC_r1i1p1f1,tn,ssp126,0
EC-Earth-Consortium_EC-Earth3-CC_r1i1p1f1,tn,ssp245,1
EC-Earth-Consortium_EC-Earth3-CC_r1i1p1f1,tn,ssp370,0
EC-Earth-Consortium_EC-Earth3-CC_r1i1p1f1,tn,ssp585,1
EC-Earth-Consortium_EC-Earth3-CC_r1i1p1f1,tx,historical,1
EC-Earth-Consortium_EC-Earth3-CC_r1i1p1f1,tx,ssp119,0
EC-Earth-Consortium_EC-Earth3-CC_r1i1p1f1,tx,ssp126,0
EC-Earth-Consortium_EC-Earth3-CC_r1i1p1f1,tx,ssp245,1
EC-Earth-Consortium_EC-Earth3-CC_r1i1p1f1,tx,ssp370,0
EC-Earth-Consortium_EC-Earth3-CC_r1i1p1f1,tx,ssp585,1
EC-Earth-Consortium_EC-Earth3-CC_r1i1p1f1,dtr,historical,1
EC-Earth-Consortium_EC-Earth3-CC_r1i1p1f1,dtr,ssp119,0
EC-Earth-Consortium_EC-Earth3-CC_r1i1p1f1,dtr,ssp126,0
EC-Earth-Consortium_EC-Earth3-CC_r1i1p1f1,dtr,ssp245,1
EC-Earth-Consortium_EC-Earth3-CC_r1i1p1f1,dtr,ssp370,0
EC-Earth-Consortium_EC-Earth3-CC_r1i1p1f1,dtr,ssp585,1
EC-Earth-Consortium_EC-Earth3-CC_r1i1p1f1,hd,historical,1
EC-Earth-Consortium_EC-Earth3-CC_r1i1p1f1,hd,ssp119,0
EC-Earth-Consortium_EC-Earth3-CC_r1i1p1f1,hd,ssp126,0
EC-Earth-Consortium_EC-Earth3-CC_r1i1p1f1,hd,ssp245,1
EC-Earth-Consortium_EC-Earth3-CC_r1i1p1f1,hd,ssp370,0
EC-Earth-Consortium_EC-Earth3-CC_r1i1p1f1,hd,ssp585,1
EC-Earth-Consortium_EC-Earth3-CC_r1i1p1f1,cd,historical,1
EC-Earth-Consortium_EC-Earth3-CC_r1i1p1f1,cd,ssp119,0
EC-Earth-Consortium_EC-Earth3-CC_r1i1p1f1,cd,ssp126,0
EC-Earth-Consortium_EC-Earth3-CC_r1i1p1f1,cd,ssp245,1
EC-Earth-Consortium_EC-Earth3-CC_r1i1p1f1,cd,ssp370,0
EC-Earth-Consortium_EC-Earth3-CC_r1i1p1f1,cd,ssp585,1
EC-Earth-Consortium_EC-Earth3-CC_r1i1p1f1,r,historical,1
EC-Earth-Consortium_EC-Earth3-CC_r1i1p1f1,r,ssp119,0
EC-Earth-Consortium_EC-Earth3-CC_r1i1p1f1,r,ssp126,0
EC-Earth-Consortium_EC-Earth3-CC_r1i1p1f1,r,ssp245,1
EC-Earth-Consortium_EC-Earth3-CC_r1i1p1f1,r,ssp370,0
EC-Earth-Consortium_EC-Earth3-CC_r1i1p1f1,r,ssp585,1
EC-Earth-Consortium_EC-Earth3-CC_r1i1p1f1,spei6,historical,1
EC-Earth-Consortium_EC-Earth3-CC_r1i1p1f1,spei6,ssp119,0
EC-Earth-Consortium_EC-Earth3-CC_r1i1p1f1,spei6,ssp126,0
EC-Earth-Consortium_EC-Earth3-CC_r1i1p1f1,spei6,ssp245,1
EC-Earth-Consortium_EC-Earth3-CC_r1i1p1f1,spei6,ssp370,0
EC-Earth-Consortium_EC-Earth3-CC_r1i1p1f1,spei6,ssp585,1
EC-Earth-Consortium_EC-Earth3-CC_r1i1p1f1,pet,historical,1
EC-Earth-Consortium_EC-Earth3-CC_r1i1p1f1,pet,ssp119,0
EC-Earth-Consortium_EC-Earth3-CC_r1i1p1f1,pet,ssp126,0
EC-Earth-Consortium_EC-Earth3-CC_r1i1p1f1,pet,ssp245,1
EC-Earth-Consortium_EC-Earth3-CC_r1i1p1f1,pet,ssp370,0
EC-Earth-Consortium_EC-Earth3-CC_r1i1p1f1,pet,ssp585,1
EC-Earth-Consortium_EC-Earth3-CC_r1i1p1f1,huss,historical,1
EC-Earth-Consortium_EC-Earth3-CC_r1i1p1f1,huss,ssp119,0
EC-Earth-Consortium_EC-Earth3-CC_r1i1p1f1,huss,ssp126,0
EC-Earth-Consortium_EC-Earth3-CC_r1i1p1f1,huss,ssp245,1
EC-Earth-Consortium_EC-Earth3-CC_r1i1p1f1,huss,ssp370,0
EC-Earth-Consortium_EC-Earth3-CC_r1i1p1f1,huss,ssp585,1
EC-Earth-Consortium_EC-Earth3-CC_r1i1p1f1,evspsbl,historical,1
EC-Earth-Consortium_EC-Earth3-CC_r1i1p1f1,evspsbl,ssp119,0
EC-Earth-Consortium_EC-Earth3-CC_r1i1p1f1,evspsbl,ssp126,0
EC-Earth-Consortium_EC-Earth3-CC_r1i1p1f1,evspsbl,ssp245,1
EC-Earth-Consortium_EC-Earth3-CC_r1i1p1f1,evspsbl,ssp370,0
EC-Earth-Consortium_EC-Earth3-CC_r1i1p1f1,evspsbl,ssp585,1
EC-Earth-Consortium_EC-Earth3-CC_r1i1p1f1,mrsos,historical,0
EC-Earth-Consortium_EC-Earth3-CC_r1i1p1f1,mrsos,ssp119,0
EC-Earth-Consortium_EC-Earth3-CC_r1i1p1f1,mrsos,ssp126,0
EC-Earth-Consortium_EC-Earth3-CC_r1i1p1f1,mrsos,ssp245,0
EC-Earth-Consortium_EC-Earth3-CC_r1i1p1f1,mrsos,ssp370,0
EC-Earth-Consortium_EC-Earth3-CC_r1i1p1f1,mrsos,ssp585,0
EC-Earth-Consortium_EC-Earth3-CC_r1i1p1f1,mrro,historical,0
EC-Earth-Consortium_EC-Earth3-CC_r1i1p1f1,mrro,ssp119,0
EC-Earth-Consortium_EC-Earth3-CC_r1i1p1f1,mrro,ssp126,0
EC-Earth-Consortium_EC-Earth3-CC_r1i1p1f1,mrro,ssp245,0
EC-Earth-Consortium_EC-Earth3-CC_r1i1p1f1,mrro,ssp370,0
EC-Earth-Consortium_EC-Earth3-CC_r1i1p1f1,mrro,ssp585,0
EC-Earth-Consortium_EC-Earth3-CC_r1i1p1f1,prsn,historical,1
EC-Earth-Consortium_EC-Earth3-CC_r1i1p1f1,prsn,ssp119,0
EC-Earth-Consortium_EC-Earth3-CC_r1i1p1f1,prsn,ssp126,0
EC-Earth-Consortium_EC-Earth3-CC_r1i1p1f1,prsn,ssp245,1
EC-Earth-Consortium_EC-Earth3-CC_r1i1p1f1,prsn,ssp370,0
EC-Earth-Consortium_EC-Earth3-CC_r1i1p1f1,prsn,ssp585,1
EC-Earth-Consortium_EC-Earth3-CC_r1i1p1f1,siconc,historical,0
EC-Earth-Consortium_EC-Earth3-CC_r1i1p1f1,siconc,ssp119,0
EC-Earth-Consortium_EC-Earth3-CC_r1i1p1f1,siconc,ssp126,0
EC-Earth-Consortium_EC-Earth3-CC_r1i1p1f1,siconc,ssp245,0
EC-Earth-Consortium_EC-Earth3-CC_r1i1p1f1,siconc,ssp370,0
EC-Earth-Consortium_EC-Earth3-CC_r1i1p1f1,siconc,ssp585,0
EC-Earth-Consortium_EC-Earth3-CC_r1i1p1f1,sfcwind,historical,1
EC-Earth-Consortium_EC-Earth3-CC_r1i1p1f1,sfcwind,ssp119,0
EC-Earth-Consortium_EC-Earth3-CC_r1i1p1f1,sfcwind,ssp126,0
EC-Earth-Consortium_EC-Earth3-CC_r1i1p1f1,sfcwind,ssp245,1
EC-Earth-Consortium_EC-Earth3-CC_r1i1p1f1,sfcwind,ssp370,0
EC-Earth-Consortium_EC-Earth3-CC_r1i1p1f1,sfcwind,ssp585,1
EC-Earth-Consortium_EC-Earth3-CC_r1i1p1f1,clt,historical,1
EC-Earth-Consortium_EC-Earth3-CC_r1i1p1f1,clt,ssp119,0
EC-Earth-Consortium_EC-Earth3-CC_r1i1p1f1,clt,ssp126,0
EC-Earth-Consortium_EC-Earth3-CC_r1i1p1f1,clt,ssp245,1
EC-Earth-Consortium_EC-Earth3-CC_r1i1p1f1,clt,ssp370,0
EC-Earth-Consortium_EC-Earth3-CC_r1i1p1f1,clt,ssp585,1
EC-Earth-Consortium_EC-Earth3-CC_r1i1p1f1,rsds,historical,1
EC-Earth-Consortium_EC-Earth3-CC_r1i1p1f1,rsds,ssp119,0
EC-Earth-Consortium_EC-Earth3-CC_r1i1p1f1,rsds,ssp126,0
EC-Earth-Consortium_EC-Earth3-CC_r1i1p1f1,rsds,ssp245,1
EC-Earth-Consortium_EC-Earth3-CC_r1i1p1f1,rsds,ssp370,0
EC-Earth-Consortium_EC-Earth3-CC_r1i1p1f1,rsds,ssp585,1
EC-Earth-Consortium_EC-Earth3-CC_r1i1p1f1,rlds,historical,0
EC-Earth-Consortium_EC-Earth3-CC_r1i1p1f1,rlds,ssp119,0
EC-Earth-Consortium_EC-Earth3-CC_r1i1p1f1,rlds,ssp126,0
EC-Earth-Consortium_EC-Earth3-CC_r1i1p1f1,rlds,ssp245,0
EC-Earth-Consortium_EC-Earth3-CC_r1i1p1f1,rlds,ssp370,0
EC-Earth-Consortium_EC-Earth3-CC_r1i1p1f1,rlds,ssp585,0
EC-Earth-Consortium_EC-Earth3-CC_r1i1p1f1,sst,historical,0
EC-Earth-Consortium_EC-Earth3-CC_r1i1p1f1,sst,ssp119,0
EC-Earth-Consortium_EC-Earth3-CC_r1i1p1f1,sst,ssp126,0
EC-Earth-Consortium_EC-Earth3-CC_r1i1p1f1,sst,ssp245,0
EC-Earth-Consortium_EC-Earth3-CC_r1i1p1f1,sst,ssp370,0
EC-Earth-Consortium_EC-Earth3-CC_r1i1p1f1,sst,ssp585,0
EC-Earth-Consortium_EC-Earth3-CC_r1i1p1f1,psl,historical,1
EC-Earth-Consortium_EC-Earth3-CC_r1i1p1f1,psl,ssp119,0
EC-Earth-Consortium_EC-Earth3-CC_r1i1p1f1,psl,ssp126,0
EC-Earth-Consortium_EC-Earth3-CC_r1i1p1f1,psl,ssp245,1
EC-Earth-Consortium_EC-Earth3-CC_r1i1p1f1,psl,ssp370,0
EC-Earth-Consortium_EC-Earth3-CC_r1i1p1f1,psl,ssp585,1
EC-Earth-Consortium_EC-Earth3-Veg-LR_r1i1p1f1,t,historical,0
EC-Earth-Consortium_EC-Earth3-Veg-LR_r1i1p1f1,t,ssp119,0
EC-Earth-Consortium_EC-Earth3-Veg-LR_r1i1p1f1,t,ssp126,0
EC-Earth-Consortium_EC-Earth3-Veg-LR_r1i1p1f1,t,ssp245,0
EC-Earth-Consortium_EC-Earth3-Veg-LR_r1i1p1f1,t,ssp370,0
EC-Earth-Consortium_EC-Earth3-Veg-LR_r1i1p1f1,t,ssp585,0
EC-Earth-Consortium_EC-Earth3-Veg-LR_r1i1p1f1,tn,historical,1
EC-Earth-Consortium_EC-Earth3-Veg-LR_r1i1p1f1,tn,ssp119,1
EC-Earth-Consortium_EC-Earth3-Veg-LR_r1i1p1f1,tn,ssp126,0
EC-Earth-Consortium_EC-Earth3-Veg-LR_r1i1p1f1,tn,ssp245,1
EC-Earth-Consortium_EC-Earth3-Veg-LR_r1i1p1f1,tn,ssp370,1
EC-Earth-Consortium_EC-Earth3-Veg-LR_r1i1p1f1,tn,ssp585,1
EC-Earth-Consortium_EC-Earth3-Veg-LR_r1i1p1f1,tx,historical,1
EC-Earth-Consortium_EC-Earth3-Veg-LR_r1i1p1f1,tx,ssp119,1
EC-Earth-Consortium_EC-Earth3-Veg-LR_r1i1p1f1,tx,ssp126,1
EC-Earth-Consortium_EC-Earth3-Veg-LR_r1i1p1f1,tx,ssp245,1
EC-Earth-Consortium_EC-Earth3-Veg-LR_r1i1p1f1,tx,ssp370,1
EC-Earth-Consortium_EC-Earth3-Veg-LR_r1i1p1f1,tx,ssp585,1
EC-Earth-Consortium_EC-Earth3-Veg-LR_r1i1p1f1,dtr,historical,1
EC-Earth-Consortium_EC-Earth3-Veg-LR_r1i1p1f1,dtr,ssp119,1
EC-Earth-Consortium_EC-Earth3-Veg-LR_r1i1p1f1,dtr,ssp126,0
EC-Earth-Consortium_EC-Earth3-Veg-LR_r1i1p1f1,dtr,ssp245,1
EC-Earth-Consortium_EC-Earth3-Veg-LR_r1i1p1f1,dtr,ssp370,1
EC-Earth-Consortium_EC-Earth3-Veg-LR_r1i1p1f1,dtr,ssp585,1
EC-Earth-Consortium_EC-Earth3-Veg-LR_r1i1p1f1,hd,historical,0
EC-Earth-Consortium_EC-Earth3-Veg-LR_r1i1p1f1,hd,ssp119,0
EC-Earth-Consortium_EC-Earth3-Veg-LR_r1i1p1f1,hd,ssp126,0
EC-Earth-Consortium_EC-Earth3-Veg-LR_r1i1p1f1,hd,ssp245,0
EC-Earth-Consortium_EC-Earth3-Veg-LR_r1i1p1f1,hd,ssp370,0
EC-Earth-Consortium_EC-Earth3-Veg-LR_r1i1p1f1,hd,ssp585,0
EC-Earth-Consortium_EC-Earth3-Veg-LR_r1i1p1f1,cd,historical,0
EC-Earth-Consortium_EC-Earth3-Veg-LR_r1i1p1f1,cd,ssp119,0
EC-Earth-Consortium_EC-Earth3-Veg-LR_r1i1p1f1,cd,ssp126,0
EC-Earth-Consortium_EC-Earth3-Veg-LR_r1i1p1f1,cd,ssp245,0
EC-Earth-Consortium_EC-Earth3-Veg-LR_r1i1p1f1,cd,ssp370,0
EC-Earth-Consortium_EC-Earth3-Veg-LR_r1i1p1f1,cd,ssp585,0
EC-Earth-Consortium_EC-Earth3-Veg-LR_r1i1p1f1,r,historical,1
EC-Earth-Consortium_EC-Earth3-Veg-LR_r1i1p1f1,r,ssp119,1
EC-Earth-Consortium_EC-Earth3-Veg-LR_r1i1p1f1,r,ssp126,1
EC-Earth-Consortium_EC-Earth3-Veg-LR_r1i1p1f1,r,ssp245,1
EC-Earth-Consortium_EC-Earth3-Veg-LR_r1i1p1f1,r,ssp370,1
EC-Earth-Consortium_EC-Earth3-Veg-LR_r1i1p1f1,r,ssp585,1
EC-Earth-Consortium_EC-Earth3-Veg-LR_r1i1p1f1,spei6,historical,1
EC-Earth-Consortium_EC-Earth3-Veg-LR_r1i1p1f1,spei6,ssp119,1
EC-Earth-Consortium_EC-Earth3-Veg-LR_r1i1p1f1,spei6,ssp126,0
EC-Earth-Consortium_EC-Earth3-Veg-LR_r1i1p1f1,spei6,ssp245,1
EC-Earth-Consortium_EC-Earth3-Veg-LR_r1i1p1f1,spei6,ssp370,1
EC-Earth-Consortium_EC-Earth3-Veg-LR_r1i1p1f1,spei6,ssp585,1
EC-Earth-Consortium_EC-Earth3-Veg-LR_r1i1p1f1,pet,historical,1
EC-Earth-Consortium_EC-Earth3-Veg-LR_r1i1p1f1,pet,ssp119,1
EC-Earth-Consortium_EC-Earth3-Veg-LR_r1i1p1f1,pet,ssp126,0
EC-Earth-Consortium_EC-Earth3-Veg-LR_r1i1p1f1,pet,ssp245,1
EC-Earth-Consortium_EC-Earth3-Veg-LR_r1i1p1f1,pet,ssp370,1
EC-Earth-Consortium_EC-Earth3-Veg-LR_r1i1p1f1,pet,ssp585,1
EC-Earth-Consortium_EC-Earth3-Veg-LR_r1i1p1f1,huss,historical,1
EC-Earth-Consortium_EC-Earth3-Veg-LR_r1i1p1f1,huss,ssp119,1
EC-Earth-Consortium_EC-Earth3-Veg-LR_r1i1p1f1,huss,ssp126,1
EC-Earth-Consortium_EC-Earth3-Veg-LR_r1i1p1f1,huss,ssp245,1
EC-Earth-Consortium_EC-Earth3-Veg-LR_r1i1p1f1,huss,ssp370,1
EC-Earth-Consortium_EC-Earth3-Veg-LR_r1i1p1f1,huss,ssp585,1
EC-Earth-Consortium_EC-Earth3-Veg-LR_r1i1p1f1,evspsbl,historical,1
EC-Earth-Consortium_EC-Earth3-Veg-LR_r1i1p1f1,evspsbl,ssp119,1
EC-Earth-Consortium_EC-Earth3-Veg-LR_r1i1p1f1,evspsbl,ssp126,1
EC-Earth-Consortium_EC-Earth3-Veg-LR_r1i1p1f1,evspsbl,ssp245,1
EC-Earth-Consortium_EC-Earth3-Veg-LR_r1i1p1f1,evspsbl,ssp370,1
EC-Earth-Consortium_EC-Earth3-Veg-LR_r1i1p1f1,evspsbl,ssp585,1
EC-Earth-Consortium_EC-Earth3-Veg-LR_r1i1p1f1,mrsos,historical,1
EC-Earth-Consortium_EC-Earth3-Veg-LR_r1i1p1f1,mrsos,ssp119,1
EC-Earth-Consortium_EC-Earth3-Veg-LR_r1i1p1f1,mrsos,ssp126,1
EC-Earth-Consortium_EC-Earth3-Veg-LR_r1i1p1f1,mrsos,ssp245,1
EC-Earth-Consortium_EC-Earth3-Veg-LR_r1i1p1f1,mrsos,ssp370,1
EC-Earth-Consortium_EC-Earth3-Veg-LR_r1i1p1f1,mrsos,ssp585,1
EC-Earth-Consortium_EC-Earth3-Veg-LR_r1i1p1f1,mrro,historical,1
EC-Earth-Consortium_EC-Earth3-Veg-LR_r1i1p1f1,mrro,ssp119,1
EC-Earth-Consortium_EC-Earth3-Veg-LR_r1i1p1f1,mrro,ssp126,1
EC-Earth-Consortium_EC-Earth3-Veg-LR_r1i1p1f1,mrro,ssp245,1
EC-Earth-Consortium_EC-Earth3-Veg-LR_r1i1p1f1,mrro,ssp370,1
EC-Earth-Consortium_EC-Earth3-Veg-LR_r1i1p1f1,mrro,ssp585,1
EC-Earth-Consortium_EC-Earth3-Veg-LR_r1i1p1f1,prsn,historical,1
EC-Earth-Consortium_EC-Earth3-Veg-LR_r1i1p1f1,prsn,ssp119,1
EC-Earth-Consortium_EC-Earth3-Veg-LR_r1i1p1f1,prsn,ssp126,1
EC-Earth-Consortium_EC-Earth3-Veg-LR_r1i1p1f1,prsn,ssp245,1
EC-Earth-Consortium_EC-Earth3-Veg-LR_r1i1p1f1,prsn,ssp370,1
EC-Earth-Consortium_EC-Earth3-Veg-LR_r1i1p1f1,prsn,ssp585,1
EC-Earth-Consortium_EC-Earth3-Veg-LR_r1i1p1f1,siconc,historical,0
EC-Earth-Consortium_EC-Earth3-Veg-LR_r1i1p1f1,siconc,ssp119,0
EC-Earth-Consortium_EC-Earth3-Veg-LR_r1i1p1f1,siconc,ssp126,0
EC-Earth-Consortium_EC-Earth3-Veg-LR_r1i1p1f1,siconc,ssp245,0
EC-Earth-Consortium_EC-Earth3-Veg-LR_r1i1p1f1,siconc,ssp370,0
EC-Earth-Consortium_EC-Earth3-Veg-LR_r1i1p1f1,siconc,ssp585,0
EC-Earth-Consortium_EC-Earth3-Veg-LR_r1i1p1f1,sfcwind,historical,1
EC-Earth-Consortium_EC-Earth3-Veg-LR_r1i1p1f1,sfcwind,ssp119,1
EC-Earth-Consortium_EC-Earth3-Veg-LR_r1i1p1f1,sfcwind,ssp126,1
EC-Earth-Consortium_EC-Earth3-Veg-LR_r1i1p1f1,sfcwind,ssp245,1
EC-Earth-Consortium_EC-Earth3-Veg-LR_r1i1p1f1,sfcwind,ssp370,1
EC-Earth-Consortium_EC-Earth3-Veg-LR_r1i1p1f1,sfcwind,ssp585,1
EC-Earth-Consortium_EC-Earth3-Veg-LR_r1i1p1f1,clt,historical,1
EC-Earth-Consortium_EC-Earth3-Veg-LR_r1i1p1f1,clt,ssp119,1
EC-Earth-Consortium_EC-Earth3-Veg-LR_r1i1p1f1,clt,ssp126,1
EC-Earth-Consortium_EC-Earth3-Veg-LR_r1i1p1f1,clt,ssp245,1
EC-Earth-Consortium_EC-Earth3-Veg-LR_r1i1p1f1,clt,ssp370,1
EC-Earth-Consortium_EC-Earth3-Veg-LR_r1i1p1f1,clt,ssp585,1
EC-Earth-Consortium_EC-Earth3-Veg-LR_r1i1p1f1,rsds,historical,1
EC-Earth-Consortium_EC-Earth3-Veg-LR_r1i1p1f1,rsds,ssp119,1
EC-Earth-Consortium_EC-Earth3-Veg-LR_r1i1p1f1,rsds,ssp126,1
EC-Earth-Consortium_EC-Earth3-Veg-LR_r1i1p1f1,rsds,ssp245,1
EC-Earth-Consortium_EC-Earth3-Veg-LR_r1i1p1f1,rsds,ssp370,1
EC-Earth-Consortium_EC-Earth3-Veg-LR_r1i1p1f1,rsds,ssp585,1
EC-Earth-Consortium_EC-Earth3-Veg-LR_r1i1p1f1,rlds,historical,0
EC-Earth-Consortium_EC-Earth3-Veg-LR_r1i1p1f1,rlds,ssp119,0
EC-Earth-Consortium_EC-Earth3-Veg-LR_r1i1p1f1,rlds,ssp126,0
EC-Earth-Consortium_EC-Earth3-Veg-LR_r1i1p1f1,rlds,ssp245,0
EC-Earth-Consortium_EC-Earth3-Veg-LR_r1i1p1f1,rlds,ssp370,0
EC-Earth-Consortium_EC-Earth3-Veg-LR_r1i1p1f1,rlds,ssp585,0
EC-Earth-Consortium_EC-Earth3-Veg-LR_r1i1p1f1,sst,historical,0
EC-Earth-Consortium_EC-Earth3-Veg-LR_r1i1p1f1,sst,ssp119,0
EC-Earth-Consortium_EC-Earth3-Veg-LR_r1i1p1f1,sst,ssp126,0
EC-Earth-Consortium_EC-Earth3-Veg-LR_r1i1p1f1,sst,ssp245,0
EC-Earth-Consortium_EC-Earth3-Veg-LR_r1i1p1f1,sst,ssp370,0
EC-Earth-Consortium_EC-Earth3-Veg-LR_r1i1p1f1,sst,ssp585,0
EC-Earth-Consortium_EC-Earth3-Veg-LR_r1i1p1f1,psl,historical,1
EC-Earth-Consortium_EC-Earth3-Veg-LR_r1i1p1f1,psl,ssp119,1
EC-Earth-Consortium_EC-Earth3-Veg-LR_r1i1p1f1,psl,ssp126,1
EC-Earth-Consortium_EC-Earth3-Veg-LR_r1i1p1f1,psl,ssp245,1
EC-Earth-Consortium_EC-Earth3-Veg-LR_r1i1p1f1,psl,ssp370,1
EC-Earth-Consortium_EC-Earth3-Veg-LR_r1i1p1f1,psl,ssp585,1
FIO-QLNM_FIO-ESM-2-0_r1i1p1f1,t,historical,0
FIO-QLNM_FIO-ESM-2-0_r1i1p1f1,t,ssp119,0
FIO-QLNM_FIO-ESM-2-0_r1i1p1f1,t,ssp126,0
FIO-QLNM_FIO-ESM-2-0_r1i1p1f1,t,ssp245,0
FIO-QLNM_FIO-ESM-2-0_r1i1p1f1,t,ssp370,0
FIO-QLNM_FIO-ESM-2-0_r1i1p1f1,t,ssp585,0
FIO-QLNM_FIO-ESM-2-0_r1i1p1f1,tn,historical,0
FIO-QLNM_FIO-ESM-2-0_r1i1p1f1,tn,ssp119,0
FIO-QLNM_FIO-ESM-2-0_r1i1p1f1,tn,ssp126,0
FIO-QLNM_FIO-ESM-2-0_r1i1p1f1,tn,ssp245,0
FIO-QLNM_FIO-ESM-2-0_r1i1p1f1,tn,ssp370,0
FIO-QLNM_FIO-ESM-2-0_r1i1p1f1,tn,ssp585,0
FIO-QLNM_FIO-ESM-2-0_r1i1p1f1,tx,historical,0
FIO-QLNM_FIO-ESM-2-0_r1i1p1f1,tx,ssp119,0
FIO-QLNM_FIO-ESM-2-0_r1i1p1f1,tx,ssp126,0
FIO-QLNM_FIO-ESM-2-0_r1i1p1f1,tx,ssp245,0
FIO-QLNM_FIO-ESM-2-0_r1i1p1f1,tx,ssp370,0
FIO-QLNM_FIO-ESM-2-0_r1i1p1f1,tx,ssp585,0
FIO-QLNM_FIO-ESM-2-0_r1i1p1f1,dtr,historical,0
FIO-QLNM_FIO-ESM-2-0_r1i1p1f1,dtr,ssp119,0
FIO-QLNM_FIO-ESM-2-0_r1i1p1f1,dtr,ssp126,0
FIO-QLNM_FIO-ESM-2-0_r1i1p1f1,dtr,ssp245,0
FIO-QLNM_FIO-ESM-2-0_r1i1p1f1,dtr,ssp370,0
FIO-QLNM_FIO-ESM-2-0_r1i1p1f1,dtr,ssp585,0
FIO-QLNM_FIO-ESM-2-0_r1i1p1f1,hd,historical,0
FIO-QLNM_FIO-ESM-2-0_r1i1p1f1,hd,ssp119,0
FIO-QLNM_FIO-ESM-2-0_r1i1p1f1,hd,ssp126,0
FIO-QLNM_FIO-ESM-2-0_r1i1p1f1,hd,ssp245,0
FIO-QLNM_FIO-ESM-2-0_r1i1p1f1,hd,ssp370,0
FIO-QLNM_FIO-ESM-2-0_r1i1p1f1,hd,ssp585,0
FIO-QLNM_FIO-ESM-2-0_r1i1p1f1,cd,historical,0
FIO-QLNM_FIO-ESM-2-0_r1i1p1f1,cd,ssp119,0
FIO-QLNM_FIO-ESM-2-0_r1i1p1f1,cd,ssp126,0
FIO-QLNM_FIO-ESM-2-0_r1i1p1f1,cd,ssp245,0
FIO-QLNM_FIO-ESM-2-0_r1i1p1f1,cd,ssp370,0
FIO-QLNM_FIO-ESM-2-0_r1i1p1f1,cd,ssp585,0
FIO-QLNM_FIO-ESM-2-0_r1i1p1f1,r,historical,0
FIO-QLNM_FIO-ESM-2-0_r1i1p1f1,r,ssp119,0
FIO-QLNM_FIO-ESM-2-0_r1i1p1f1,r,ssp126,0
FIO-QLNM_FIO-ESM-2-0_r1i1p1f1,r,ssp245,0
FIO-QLNM_FIO-ESM-2-0_r1i1p1f1,r,ssp370,0
FIO-QLNM_FIO-ESM-2-0_r1i1p1f1,r,ssp585,0
FIO-QLNM_FIO-ESM-2-0_r1i1p1f1,spei6,historical,0
FIO-QLNM_FIO-ESM-2-0_r1i1p1f1,spei6,ssp119,0
FIO-QLNM_FIO-ESM-2-0_r1i1p1f1,spei6,ssp126,0
FIO-QLNM_FIO-ESM-2-0_r1i1p1f1,spei6,ssp245,0
FIO-QLNM_FIO-ESM-2-0_r1i1p1f1,spei6,ssp370,0
FIO-QLNM_FIO-ESM-2-0_r1i1p1f1,spei6,ssp585,0
FIO-QLNM_FIO-ESM-2-0_r1i1p1f1,pet,historical,0
FIO-QLNM_FIO-ESM-2-0_r1i1p1f1,pet,ssp119,0
FIO-QLNM_FIO-ESM-2-0_r1i1p1f1,pet,ssp126,0
FIO-QLNM_FIO-ESM-2-0_r1i1p1f1,pet,ssp245,0
FIO-QLNM_FIO-ESM-2-0_r1i1p1f1,pet,ssp370,0
FIO-QLNM_FIO-ESM-2-0_r1i1p1f1,pet,ssp585,0
FIO-QLNM_FIO-ESM-2-0_r1i1p1f1,huss,historical,1
FIO-QLNM_FIO-ESM-2-0_r1i1p1f1,huss,ssp119,0
FIO-QLNM_FIO-ESM-2-0_r1i1p1f1,huss,ssp126,1
FIO-QLNM_FIO-ESM-2-0_r1i1p1f1,huss,ssp245,1
FIO-QLNM_FIO-ESM-2-0_r1i1p1f1,huss,ssp370,0
FIO-QLNM_FIO-ESM-2-0_r1i1p1f1,huss,ssp585,1
FIO-QLNM_FIO-ESM-2-0_r1i1p1f1,evspsbl,historical,1
FIO-QLNM_FIO-ESM-2-0_r1i1p1f1,evspsbl,ssp119,0
FIO-QLNM_FIO-ESM-2-0_r1i1p1f1,evspsbl,ssp126,1
FIO-QLNM_FIO-ESM-2-0_r1i1p1f1,evspsbl,ssp245,1
FIO-QLNM_FIO-ESM-2-0_r1i1p1f1,evspsbl,ssp370,0
FIO-QLNM_FIO-ESM-2-0_r1i1p1f1,evspsbl,ssp585,1
FIO-QLNM_FIO-ESM-2-0_r1i1p1f1,mrsos,historical,0
FIO-QLNM_FIO-ESM-2-0_r1i1p1f1,mrsos,ssp119,0
FIO-QLNM_FIO-ESM-2-0_r1i1p1f1,mrsos,ssp126,0
FIO-QLNM_FIO-ESM-2-0_r1i1p1f1,mrsos,ssp245,0
FIO-QLNM_FIO-ESM-2-0_r1i1p1f1,mrsos,ssp370,0
FIO-QLNM_FIO-ESM-2-0_r1i1p1f1,mrsos,ssp585,0
FIO-QLNM_FIO-ESM-2-0_r1i1p1f1,mrro,historical,0
FIO-QLNM_FIO-ESM-2-0_r1i1p1f1,mrro,ssp119,0
FIO-QLNM_FIO-ESM-2-0_r1i1p1f1,mrro,ssp126,0
FIO-QLNM_FIO-ESM-2-0_r1i1p1f1,mrro,ssp245,0
FIO-QLNM_FIO-ESM-2-0_r1i1p1f1,mrro,ssp370,0
FIO-QLNM_FIO-ESM-2-0_r1i1p1f1,mrro,ssp585,0
FIO-QLNM_FIO-ESM-2-0_r1i1p1f1,prsn,historical,1
FIO-QLNM_FIO-ESM-2-0_r1i1p1f1,prsn,ssp119,0
FIO-QLNM_FIO-ESM-2-0_r1i1p1f1,prsn,ssp126,1
FIO-QLNM_FIO-ESM-2-0_r1i1p1f1,prsn,ssp245,1
FIO-QLNM_FIO-ESM-2-0_r1i1p1f1,prsn,ssp370,0
FIO-QLNM_FIO-ESM-2-0_r1i1p1f1,prsn,ssp585,1
FIO-QLNM_FIO-ESM-2-0_r1i1p1f1,siconc,historical,1
FIO-QLNM_FIO-ESM-2-0_r1i1p1f1,siconc,ssp119,0
FIO-QLNM_FIO-ESM-2-0_r1i1p1f1,siconc,ssp126,1
FIO-QLNM_FIO-ESM-2-0_r1i1p1f1,siconc,ssp245,1
FIO-QLNM_FIO-ESM-2-0_r1i1p1f1,siconc,ssp370,0
FIO-QLNM_FIO-ESM-2-0_r1i1p1f1,siconc,ssp585,1
FIO-QLNM_FIO-ESM-2-0_r1i1p1f1,sfcwind,historical,1
FIO-QLNM_FIO-ESM-2-0_r1i1p1f1,sfcwind,ssp119,0
FIO-QLNM_FIO-ESM-2-0_r1i1p1f1,sfcwind,ssp126,1
FIO-QLNM_FIO-ESM-2-0_r1i1p1f1,sfcwind,ssp245,1
FIO-QLNM_FIO-ESM-2-0_r1i1p1f1,sfcwind,ssp370,0
FIO-QLNM_FIO-ESM-2-0_r1i1p1f1,sfcwind,ssp585,1
FIO-QLNM_FIO-ESM-2-0_r1i1p1f1,clt,historical,0
FIO-QLNM_FIO-ESM-2-0_r1i1p1f1,clt,ssp119,0
FIO-QLNM_FIO-ESM-2-0_r1i1p1f1,clt,ssp126,0
FIO-QLNM_FIO-ESM-2-0_r1i1p1f1,clt,ssp245,0
FIO-QLNM_FIO-ESM-2-0_r1i1p1f1,clt,ssp370,0
FIO-QLNM_FIO-ESM-2-0_r1i1p1f1,clt,ssp585,0
FIO-QLNM_FIO-ESM-2-0_r1i1p1f1,rsds,historical,1
FIO-QLNM_FIO-ESM-2-0_r1i1p1f1,rsds,ssp119,0
FIO-QLNM_FIO-ESM-2-0_r1i1p1f1,rsds,ssp126,1
FIO-QLNM_FIO-ESM-2-0_r1i1p1f1,rsds,ssp245,1
FIO-QLNM_FIO-ESM-2-0_r1i1p1f1,rsds,ssp370,0
FIO-QLNM_FIO-ESM-2-0_r1i1p1f1,rsds,ssp585,1
FIO-QLNM_FIO-ESM-2-0_r1i1p1f1,rlds,historical,1
FIO-QLNM_FIO-ESM-2-0_r1i1p1f1,rlds,ssp119,0
FIO-QLNM_FIO-ESM-2-0_r1i1p1f1,rlds,ssp126,1
FIO-QLNM_FIO-ESM-2-0_r1i1p1f1,rlds,ssp245,1
FIO-QLNM_FIO-ESM-2-0_r1i1p1f1,rlds,ssp370,0
FIO-QLNM_FIO-ESM-2-0_r1i1p1f1,rlds,ssp585,1
FIO-QLNM_FIO-ESM-2-0_r1i1p1f1,sst,historical,1
FIO-QLNM_FIO-ESM-2-0_r1i1p1f1,sst,ssp119,0
FIO-QLNM_FIO-ESM-2-0_r1i1p1f1,sst,ssp126,1
FIO-QLNM_FIO-ESM-2-0_r1i1p1f1,sst,ssp245,1
FIO-QLNM_FIO-ESM-2-0_r1i1p1f1,sst,ssp370,0
FIO-QLNM_FIO-ESM-2-0_r1i1p1f1,sst,ssp585,1
FIO-QLNM_FIO-ESM-2-0_r1i1p1f1,psl,historical,1
FIO-QLNM_FIO-ESM-2-0_r1i1p1f1,psl,ssp119,0
FIO-QLNM_FIO-ESM-2-0_r1i1p1f1,psl,ssp126,1
FIO-QLNM_FIO-ESM-2-0_r1i1p1f1,psl,ssp245,1
FIO-QLNM_FIO-ESM-2-0_r1i1p1f1,psl,ssp370,0
FIO-QLNM_FIO-ESM-2-0_r1i1p1f1,psl,ssp585,1
INM_INM-CM4-8_r1i1p1f1,t,historical,1
INM_INM-CM4-8_r1i1p1f1,t,ssp119,0
INM_INM-CM4-8_r1i1p1f1,t,ssp126,1
INM_INM-CM4-8_r1i1p1f1,t,ssp245,1
INM_INM-CM4-8_r1i1p1f1,t,ssp370,1
INM_INM-CM4-8_r1i1p1f1,t,ssp585,1
INM_INM-CM4-8_r1i1p1f1,tn,historical,1
INM_INM-CM4-8_r1i1p1f1,tn,ssp119,0
INM_INM-CM4-8_r1i1p1f1,tn,ssp126,1
INM_INM-CM4-8_r1i1p1f1,tn,ssp245,1
INM_INM-CM4-8_r1i1p1f1,tn,ssp370,1
INM_INM-CM4-8_r1i1p1f1,tn,ssp585,1
INM_INM-CM4-8_r1i1p1f1,tx,historical,1
INM_INM-CM4-8_r1i1p1f1,tx,ssp119,0
INM_INM-CM4-8_r1i1p1f1,tx,ssp126,1
INM_INM-CM4-8_r1i1p1f1,tx,ssp245,1
INM_INM-CM4-8_r1i1p1f1,tx,ssp370,1
INM_INM-CM4-8_r1i1p1f1,tx,ssp585,1
INM_INM-CM4-8_r1i1p1f1,dtr,historical,1
INM_INM-CM4-8_r1i1p1f1,dtr,ssp119,0
INM_INM-CM4-8_r1i1p1f1,dtr,ssp126,1
INM_INM-CM4-8_r1i1p1f1,dtr,ssp245,1
INM_INM-CM4-8_r1i1p1f1,dtr,ssp370,1
INM_INM-CM4-8_r1i1p1f1,dtr,ssp585,1
INM_INM-CM4-8_r1i1p1f1,hd,historical,1
INM_INM-CM4-8_r1i1p1f1,hd,ssp119,0
INM_INM-CM4-8_r1i1p1f1,hd,ssp126,1
INM_INM-CM4-8_r1i1p1f1,hd,ssp245,1
INM_INM-CM4-8_r1i1p1f1,hd,ssp370,1
INM_INM-CM4-8_r1i1p1f1,hd,ssp585,1
INM_INM-CM4-8_r1i1p1f1,cd,historical,1
INM_INM-CM4-8_r1i1p1f1,cd,ssp119,0
INM_INM-CM4-8_r1i1p1f1,cd,ssp126,1
INM_INM-CM4-8_r1i1p1f1,cd,ssp245,1
INM_INM-CM4-8_r1i1p1f1,cd,ssp370,1
INM_INM-CM4-8_r1i1p1f1,cd,ssp585,1
INM_INM-CM4-8_r1i1p1f1,r,historical,1
INM_INM-CM4-8_r1i1p1f1,r,ssp119,0
INM_INM-CM4-8_r1i1p1f1,r,ssp126,1
INM_INM-CM4-8_r1i1p1f1,r,ssp245,1
INM_INM-CM4-8_r1i1p1f1,r,ssp370,1
INM_INM-CM4-8_r1i1p1f1,r,ssp585,1
INM_INM-CM4-8_r1i1p1f1,spei6,historical,1
INM_INM-CM4-8_r1i1p1f1,spei6,ssp119,0
INM_INM-CM4-8_r1i1p1f1,spei6,ssp126,1
INM_INM-CM4-8_r1i1p1f1,spei6,ssp245,1
INM_INM-CM4-8_r1i1p1f1,spei6,ssp370,1
INM_INM-CM4-8_r1i1p1f1,spei6,ssp585,1
INM_INM-CM4-8_r1i1p1f1,pet,historical,1
INM_INM-CM4-8_r1i1p1f1,pet,ssp119,0
INM_INM-CM4-8_r1i1p1f1,pet,ssp126,1
INM_INM-CM4-8_r1i1p1f1,pet,ssp245,1
INM_INM-CM4-8_r1i1p1f1,pet,ssp370,1
INM_INM-CM4-8_r1i1p1f1,pet,ssp585,1
INM_INM-CM4-8_r1i1p1f1,huss,historical,1
INM_INM-CM4-8_r1i1p1f1,huss,ssp119,0
INM_INM-CM4-8_r1i1p1f1,huss,ssp126,1
INM_INM-CM4-8_r1i1p1f1,huss,ssp245,1
INM_INM-CM4-8_r1i1p1f1,huss,ssp370,1
INM_INM-CM4-8_r1i1p1f1,huss,ssp585,1
INM_INM-CM4-8_r1i1p1f1,evspsbl,historical,1
INM_INM-CM4-8_r1i1p1f1,evspsbl,ssp119,0
INM_INM-CM4-8_r1i1p1f1,evspsbl,ssp126,1
INM_INM-CM4-8_r1i1p1f1,evspsbl,ssp245,1
INM_INM-CM4-8_r1i1p1f1,evspsbl,ssp370,1
INM_INM-CM4-8_r1i1p1f1,evspsbl,ssp585,1
INM_INM-CM4-8_r1i1p1f1,mrsos,historical,0
INM_INM-CM4-8_r1i1p1f1,mrsos,ssp119,0
INM_INM-CM4-8_r1i1p1f1,mrsos,ssp126,0
INM_INM-CM4-8_r1i1p1f1,mrsos,ssp245,0
INM_INM-CM4-8_r1i1p1f1,mrsos,ssp370,0
INM_INM-CM4-8_r1i1p1f1,mrsos,ssp585,0
INM_INM-CM4-8_r1i1p1f1,mrro,historical,1
INM_INM-CM4-8_r1i1p1f1,mrro,ssp119,0
INM_INM-CM4-8_r1i1p1f1,mrro,ssp126,1
INM_INM-CM4-8_r1i1p1f1,mrro,ssp245,1
INM_INM-CM4-8_r1i1p1f1,mrro,ssp370,1
INM_INM-CM4-8_r1i1p1f1,mrro,ssp585,1
INM_INM-CM4-8_r1i1p1f1,prsn,historical,1
INM_INM-CM4-8_r1i1p1f1,prsn,ssp119,0
INM_INM-CM4-8_r1i1p1f1,prsn,ssp126,1
INM_INM-CM4-8_r1i1p1f1,prsn,ssp245,1
INM_INM-CM4-8_r1i1p1f1,prsn,ssp370,1
INM_INM-CM4-8_r1i1p1f1,prsn,ssp585,1
INM_INM-CM4-8_r1i1p1f1,siconc,historical,1
INM_INM-CM4-8_r1i1p1f1,siconc,ssp119,0
INM_INM-CM4-8_r1i1p1f1,siconc,ssp126,1
INM_INM-CM4-8_r1i1p1f1,siconc,ssp245,1
INM_INM-CM4-8_r1i1p1f1,siconc,ssp370,1
INM_INM-CM4-8_r1i1p1f1,siconc,ssp585,1
INM_INM-CM4-8_r1i1p1f1,sfcwind,historical,1
INM_INM-CM4-8_r1i1p1f1,sfcwind,ssp119,0
INM_INM-CM4-8_r1i1p1f1,sfcwind,ssp126,1
INM_INM-CM4-8_r1i1p1f1,sfcwind,ssp245,1
INM_INM-CM4-8_r1i1p1f1,sfcwind,ssp370,1
INM_INM-CM4-8_r1i1p1f1,sfcwind,ssp585,1
INM_INM-CM4-8_r1i1p1f1,clt,historical,1
INM_INM-CM4-8_r1i1p1f1,clt,ssp119,0
INM_INM-CM4-8_r1i1p1f1,clt,ssp126,1
INM_INM-CM4-8_r1i1p1f1,clt,ssp245,1
INM_INM-CM4-8_r1i1p1f1,clt,ssp370,1
INM_INM-CM4-8_r1i1p1f1,clt,ssp585,1
INM_INM-CM4-8_r1i1p1f1,rsds,historical,1
INM_INM-CM4-8_r1i1p1f1,rsds,ssp119,0
INM_INM-CM4-8_r1i1p1f1,rsds,ssp126,1
INM_INM-CM4-8_r1i1p1f1,rsds,ssp245,1
INM_INM-CM4-8_r1i1p1f1,rsds,ssp370,1
INM_INM-CM4-8_r1i1p1f1,rsds,ssp585,1
INM_INM-CM4-8_r1i1p1f1,rlds,historical,1
INM_INM-CM4-8_r1i1p1f1,rlds,ssp119,0
INM_INM-CM4-8_r1i1p1f1,rlds,ssp126,1
INM_INM-CM4-8_r1i1p1f1,rlds,ssp245,1
INM_INM-CM4-8_r1i1p1f1,rlds,ssp370,1
INM_INM-CM4-8_r1i1p1f1,rlds,ssp585,1
INM_INM-CM4-8_r1i1p1f1,sst,historical,0
INM_INM-CM4-8_r1i1p1f1,sst,ssp119,0
INM_INM-CM4-8_r1i1p1f1,sst,ssp126,0
INM_INM-CM4-8_r1i1p1f1,sst,ssp245,0
INM_INM-CM4-8_r1i1p1f1,sst,ssp370,0
INM_INM-CM4-8_r1i1p1f1,sst,ssp585,0
INM_INM-CM4-8_r1i1p1f1,psl,historical,1
INM_INM-CM4-8_r1i1p1f1,psl,ssp119,0
INM_INM-CM4-8_r1i1p1f1,psl,ssp126,1
INM_INM-CM4-8_r1i1p1f1,psl,ssp245,1
INM_INM-CM4-8_r1i1p1f1,psl,ssp370,1
INM_INM-CM4-8_r1i1p1f1,psl,ssp585,1
INM_INM-CM5-0_r1i1p1f1,t,historical,1
INM_INM-CM5-0_r1i1p1f1,t,ssp119,0
INM_INM-CM5-0_r1i1p1f1,t,ssp126,1
INM_INM-CM5-0_r1i1p1f1,t,ssp245,1
INM_INM-CM5-0_r1i1p1f1,t,ssp370,1
INM_INM-CM5-0_r1i1p1f1,t,ssp585,1
INM_INM-CM5-0_r1i1p1f1,tn,historical,1
INM_INM-CM5-0_r1i1p1f1,tn,ssp119,0
INM_INM-CM5-0_r1i1p1f1,tn,ssp126,1
INM_INM-CM5-0_r1i1p1f1,tn,ssp245,1
INM_INM-CM5-0_r1i1p1f1,tn,ssp370,1
INM_INM-CM5-0_r1i1p1f1,tn,ssp585,1
INM_INM-CM5-0_r1i1p1f1,tx,historical,1
INM_INM-CM5-0_r1i1p1f1,tx,ssp119,0
INM_INM-CM5-0_r1i1p1f1,tx,ssp126,1
INM_INM-CM5-0_r1i1p1f1,tx,ssp245,1
INM_INM-CM5-0_r1i1p1f1,tx,ssp370,1
INM_INM-CM5-0_r1i1p1f1,tx,ssp585,1
INM_INM-CM5-0_r1i1p1f1,dtr,historical,1
INM_INM-CM5-0_r1i1p1f1,dtr,ssp119,0
INM_INM-CM5-0_r1i1p1f1,dtr,ssp126,1
INM_INM-CM5-0_r1i1p1f1,dtr,ssp245,1
INM_INM-CM5-0_r1i1p1f1,dtr,ssp370,1
INM_INM-CM5-0_r1i1p1f1,dtr,ssp585,1
INM_INM-CM5-0_r1i1p1f1,hd,historical,1
INM_INM-CM5-0_r1i1p1f1,hd,ssp119,0
INM_INM-CM5-0_r1i1p1f1,hd,ssp126,1
INM_INM-CM5-0_r1i1p1f1,hd,ssp245,1
INM_INM-CM5-0_r1i1p1f1,hd,ssp370,1
INM_INM-CM5-0_r1i1p1f1,hd,ssp585,1
INM_INM-CM5-0_r1i1p1f1,cd,historical,1
INM_INM-CM5-0_r1i1p1f1,cd,ssp119,0
INM_INM-CM5-0_r1i1p1f1,cd,ssp126,1
INM_INM-CM5-0_r1i1p1f1,cd,ssp245,1
INM_INM-CM5-0_r1i1p1f1,cd,ssp370,1
INM_INM-CM5-0_r1i1p1f1,cd,ssp585,1
INM_INM-CM5-0_r1i1p1f1,r,historical,1
INM_INM-CM5-0_r1i1p1f1,r,ssp119,0
INM_INM-CM5-0_r1i1p1f1,r,ssp126,1
INM_INM-CM5-0_r1i1p1f1,r,ssp245,1
INM_INM-CM5-0_r1i1p1f1,r,ssp370,1
INM_INM-CM5-0_r1i1p1f1,r,ssp585,1
INM_INM-CM5-0_r1i1p1f1,spei6,historical,1
INM_INM-CM5-0_r1i1p1f1,spei6,ssp119,0
INM_INM-CM5-0_r1i1p1f1,spei6,ssp126,1
INM_INM-CM5-0_r1i1p1f1,spei6,ssp245,1
INM_INM-CM5-0_r1i1p1f1,spei6,ssp370,1
INM_INM-CM5-0_r1i1p1f1,spei6,ssp585,1
INM_INM-CM5-0_r1i1p1f1,pet,historical,1
INM_INM-CM5-0_r1i1p1f1,pet,ssp119,0
INM_INM-CM5-0_r1i1p1f1,pet,ssp126,1
INM_INM-CM5-0_r1i1p1f1,pet,ssp245,1
INM_INM-CM5-0_r1i1p1f1,pet,ssp370,1
INM_INM-CM5-0_r1i1p1f1,pet,ssp585,1
INM_INM-CM5-0_r1i1p1f1,huss,historical,1
INM_INM-CM5-0_r1i1p1f1,huss,ssp119,0
INM_INM-CM5-0_r1i1p1f1,huss,ssp126,1
INM_INM-CM5-0_r1i1p1f1,huss,ssp245,1
INM_INM-CM5-0_r1i1p1f1,huss,ssp370,1
INM_INM-CM5-0_r1i1p1f1,huss,ssp585,1
INM_INM-CM5-0_r1i1p1f1,evspsbl,historical,1
INM_INM-CM5-0_r1i1p1f1,evspsbl,ssp119,0
INM_INM-CM5-0_r1i1p1f1,evspsbl,ssp126,1
INM_INM-CM5-0_r1i1p1f1,evspsbl,ssp245,1
INM_INM-CM5-0_r1i1p1f1,evspsbl,ssp370,1
INM_INM-CM5-0_r1i1p1f1,evspsbl,ssp585,1
INM_INM-CM5-0_r1i1p1f1,mrsos,historical,0
INM_INM-CM5-0_r1i1p1f1,mrsos,ssp119,0
INM_INM-CM5-0_r1i1p1f1,mrsos,ssp126,0
INM_INM-CM5-0_r1i1p1f1,mrsos,ssp245,0
INM_INM-CM5-0_r1i1p1f1,mrsos,ssp370,0
INM_INM-CM5-0_r1i1p1f1,mrsos,ssp585,0
INM_INM-CM5-0_r1i1p1f1,mrro,historical,1
INM_INM-CM5-0_r1i1p1f1,mrro,ssp119,0
INM_INM-CM5-0_r1i1p1f1,mrro,ssp126,1
INM_INM-CM5-0_r1i1p1f1,mrro,ssp245,1
INM_INM-CM5-0_r1i1p1f1,mrro,ssp370,1
INM_INM-CM5-0_r1i1p1f1,mrro,ssp585,1
INM_INM-CM5-0_r1i1p1f1,prsn,historical,1
INM_INM-CM5-0_r1i1p1f1,prsn,ssp119,0
INM_INM-CM5-0_r1i1p1f1,prsn,ssp126,1
INM_INM-CM5-0_r1i1p1f1,prsn,ssp245,1
INM_INM-CM5-0_r1i1p1f1,prsn,ssp370,1
INM_INM-CM5-0_r1i1p1f1,prsn,ssp585,1
INM_INM-CM5-0_r1i1p1f1,siconc,historical,1
INM_INM-CM5-0_r1i1p1f1,siconc,ssp119,0
INM_INM-CM5-0_r1i1p1f1,siconc,ssp126,1
INM_INM-CM5-0_r1i1p1f1,siconc,ssp245,1
INM_INM-CM5-0_r1i1p1f1,siconc,ssp370,1
INM_INM-CM5-0_r1i1p1f1,siconc,ssp585,1
INM_INM-CM5-0_r1i1p1f1,sfcwind,historical,1
INM_INM-CM5-0_r1i1p1f1,sfcwind,ssp119,0
INM_INM-CM5-0_r1i1p1f1,sfcwind,ssp126,1
INM_INM-CM5-0_r1i1p1f1,sfcwind,ssp245,1
INM_INM-CM5-0_r1i1p1f1,sfcwind,ssp370,1
INM_INM-CM5-0_r1i1p1f1,sfcwind,ssp585,1
INM_INM-CM5-0_r1i1p1f1,clt,historical,1
INM_INM-CM5-0_r1i1p1f1,clt,ssp119,0
INM_INM-CM5-0_r1i1p1f1,clt,ssp126,1
INM_INM-CM5-0_r1i1p1f1,clt,ssp245,1
INM_INM-CM5-0_r1i1p1f1,clt,ssp370,1
INM_INM-CM5-0_r1i1p1f1,clt,ssp585,1
INM_INM-CM5-0_r1i1p1f1,rsds,historical,1
INM_INM-CM5-0_r1i1p1f1,rsds,ssp119,0
INM_INM-CM5-0_r1i1p1f1,rsds,ssp126,1
INM_INM-CM5-0_r1i1p1f1,rsds,ssp245,1
INM_INM-CM5-0_r1i1p1f1,rsds,ssp370,1
INM_INM-CM5-0_r1i1p1f1,rsds,ssp585,1
INM_INM-CM5-0_r1i1p1f1,rlds,historical,1
INM_INM-CM5-0_r1i1p1f1,rlds,ssp119,0
INM_INM-CM5-0_r1i1p1f1,rlds,ssp126,1
INM_INM-CM5-0_r1i1p1f1,rlds,ssp245,1
INM_INM-CM5-0_r1i1p1f1,rlds,ssp370,1
INM_INM-CM5-0_r1i1p1f1,rlds,ssp585,1
INM_INM-CM5-0_r1i1p1f1,sst,historical,1
INM_INM-CM5-0_r1i1p1f1,sst,ssp119,0
INM_INM-CM5-0_r1i1p1f1,sst,ssp126,1
INM_INM-CM5-0_r1i1p1f1,sst,ssp245,1
INM_INM-CM5-0_r1i1p1f1,sst,ssp370,1
INM_INM-CM5-0_r1i1p1f1,sst,ssp585,1
INM_INM-CM5-0_r1i1p1f1,psl,historical,1
INM_INM-CM5-0_r1i1p1f1,psl,ssp119,0
INM_INM-CM5-0_r1i1p1f1,psl,ssp126,1
INM_INM-CM5-0_r1i1p1f1,psl,ssp245,1
INM_INM-CM5-0_r1i1p1f1,psl,ssp370,1
INM_INM-CM5-0_r1i1p1f1,psl,ssp585,1
IPSL_IPSL-CM5A2-INCA_r1i1p1f1,t,historical,1
IPSL_IPSL-CM5A2-INCA_r1i1p1f1,t,ssp119,0
IPSL_IPSL-CM5A2-INCA_r1i1p1f1,t,ssp126,1
IPSL_IPSL-CM5A2-INCA_r1i1p1f1,t,ssp245,0
IPSL_IPSL-CM5A2-INCA_r1i1p1f1,t,ssp370,1
IPSL_IPSL-CM5A2-INCA_r1i1p1f1,t,ssp585,0
IPSL_IPSL-CM5A2-INCA_r1i1p1f1,tn,historical,0
IPSL_IPSL-CM5A2-INCA_r1i1p1f1,tn,ssp119,0
IPSL_IPSL-CM5A2-INCA_r1i1p1f1,tn,ssp126,0
IPSL_IPSL-CM5A2-INCA_r1i1p1f1,tn,ssp245,0
IPSL_IPSL-CM5A2-INCA_r1i1p1f1,tn,ssp370,0
IPSL_IPSL-CM5A2-INCA_r1i1p1f1,tn,ssp585,0
IPSL_IPSL-CM5A2-INCA_r1i1p1f1,tx,historical,0
IPSL_IPSL-CM5A2-INCA_r1i1p1f1,tx,ssp119,0
IPSL_IPSL-CM5A2-INCA_r1i1p1f1,tx,ssp126,0
IPSL_IPSL-CM5A2-INCA_r1i1p1f1,tx,ssp245,0
IPSL_IPSL-CM5A2-INCA_r1i1p1f1,tx,ssp370,0
IPSL_IPSL-CM5A2-INCA_r1i1p1f1,tx,ssp585,0
IPSL_IPSL-CM5A2-INCA_r1i1p1f1,dtr,historical,0
IPSL_IPSL-CM5A2-INCA_r1i1p1f1,dtr,ssp119,0
IPSL_IPSL-CM5A2-INCA_r1i1p1f1,dtr,ssp126,0
IPSL_IPSL-CM5A2-INCA_r1i1p1f1,dtr,ssp245,0
IPSL_IPSL-CM5A2-INCA_r1i1p1f1,dtr,ssp370,0
IPSL_IPSL-CM5A2-INCA_r1i1p1f1,dtr,ssp585,0
IPSL_IPSL-CM5A2-INCA_r1i1p1f1,hd,historical,0
IPSL_IPSL-CM5A2-INCA_r1i1p1f1,hd,ssp119,0
IPSL_IPSL-CM5A2-INCA_r1i1p1f1,hd,ssp126,0
IPSL_IPSL-CM5A2-INCA_r1i1p1f1,hd,ssp245,0
IPSL_IPSL-CM5A2-INCA_r1i1p1f1,hd,ssp370,0
IPSL_IPSL-CM5A2-INCA_r1i1p1f1,hd,ssp585,0
IPSL_IPSL-CM5A2-INCA_r1i1p1f1,cd,historical,0
IPSL_IPSL-CM5A2-INCA_r1i1p1f1,cd,ssp119,0
IPSL_IPSL-CM5A2-INCA_r1i1p1f1,cd,ssp126,0
IPSL_IPSL-CM5A2-INCA_r1i1p1f1,cd,ssp245,0
IPSL_IPSL-CM5A2-INCA_r1i1p1f1,cd,ssp370,0
IPSL_IPSL-CM5A2-INCA_r1i1p1f1,cd,ssp585,0
IPSL_IPSL-CM5A2-INCA_r1i1p1f1,r,historical,1
IPSL_IPSL-CM5A2-INCA_r1i1p1f1,r,ssp119,0
IPSL_IPSL-CM5A2-INCA_r1i1p1f1,r,ssp126,1
IPSL_IPSL-CM5A2-INCA_r1i1p1f1,r,ssp245,0
IPSL_IPSL-CM5A2-INCA_r1i1p1f1,r,ssp370,1
IPSL_IPSL-CM5A2-INCA_r1i1p1f1,r,ssp585,0
IPSL_IPSL-CM5A2-INCA_r1i1p1f1,spei6,historical,0
IPSL_IPSL-CM5A2-INCA_r1i1p1f1,spei6,ssp119,0
IPSL_IPSL-CM5A2-INCA_r1i1p1f1,spei6,ssp126,0
IPSL_IPSL-CM5A2-INCA_r1i1p1f1,spei6,ssp245,0
IPSL_IPSL-CM5A2-INCA_r1i1p1f1,spei6,ssp370,0
IPSL_IPSL-CM5A2-INCA_r1i1p1f1,spei6,ssp585,0
IPSL_IPSL-CM5A2-INCA_r1i1p1f1,pet,historical,0
IPSL_IPSL-CM5A2-INCA_r1i1p1f1,pet,ssp119,0
IPSL_IPSL-CM5A2-INCA_r1i1p1f1,pet,ssp126,0
IPSL_IPSL-CM5A2-INCA_r1i1p1f1,pet,ssp245,0
IPSL_IPSL-CM5A2-INCA_r1i1p1f1,pet,ssp370,0
IPSL_IPSL-CM5A2-INCA_r1i1p1f1,pet,ssp585,0
IPSL_IPSL-CM5A2-INCA_r1i1p1f1,huss,historical,1
IPSL_IPSL-CM5A2-INCA_r1i1p1f1,huss,ssp119,0
IPSL_IPSL-CM5A2-INCA_r1i1p1f1,huss,ssp126,1
IPSL_IPSL-CM5A2-INCA_r1i1p1f1,huss,ssp245,0
IPSL_IPSL-CM5A2-INCA_r1i1p1f1,huss,ssp370,1
IPSL_IPSL-CM5A2-INCA_r1i1p1f1,huss,ssp585,0
IPSL_IPSL-CM5A2-INCA_r1i1p1f1,evspsbl,historical,1
IPSL_IPSL-CM5A2-INCA_r1i1p1f1,evspsbl,ssp119,0
IPSL_IPSL-CM5A2-INCA_r1i1p1f1,evspsbl,ssp126,1
IPSL_IPSL-CM5A2-INCA_r1i1p1f1,evspsbl,ssp245,0
IPSL_IPSL-CM5A2-INCA_r1i1p1f1,evspsbl,ssp370,1
IPSL_IPSL-CM5A2-INCA_r1i1p1f1,evspsbl,ssp585,0
IPSL_IPSL-CM5A2-INCA_r1i1p1f1,mrsos,historical,0
IPSL_IPSL-CM5A2-INCA_r1i1p1f1,mrsos,ssp119,0
IPSL_IPSL-CM5A2-INCA_r1i1p1f1,mrsos,ssp126,0
IPSL_IPSL-CM5A2-INCA_r1i1p1f1,mrsos,ssp245,0
IPSL_IPSL-CM5A2-INCA_r1i1p1f1,mrsos,ssp370,0
IPSL_IPSL-CM5A2-INCA_r1i1p1f1,mrsos,ssp585,0
IPSL_IPSL-CM5A2-INCA_r1i1p1f1,mrro,historical,0
IPSL_IPSL-CM5A2-INCA_r1i1p1f1,mrro,ssp119,0
IPSL_IPSL-CM5A2-INCA_r1i1p1f1,mrro,ssp126,0
IPSL_IPSL-CM5A2-INCA_r1i1p1f1,mrro,ssp245,0
IPSL_IPSL-CM5A2-INCA_r1i1p1f1,mrro,ssp370,0
IPSL_IPSL-CM5A2-INCA_r1i1p1f1,mrro,ssp585,0
IPSL_IPSL-CM5A2-INCA_r1i1p1f1,prsn,historical,1
IPSL_IPSL-CM5A2-INCA_r1i1p1f1,prsn,ssp119,0
IPSL_IPSL-CM5A2-INCA_r1i1p1f1,prsn,ssp126,1
IPSL_IPSL-CM5A2-INCA_r1i1p1f1,prsn,ssp245,0
IPSL_IPSL-CM5A2-INCA_r1i1p1f1,prsn,ssp370,1
IPSL_IPSL-CM5A2-INCA_r1i1p1f1,prsn,ssp585,0
IPSL_IPSL-CM5A2-INCA_r1i1p1f1,siconc,historical,0
IPSL_IPSL-CM5A2-INCA_r1i1p1f1,siconc,ssp119,0
IPSL_IPSL-CM5A2-INCA_r1i1p1f1,siconc,ssp126,0
IPSL_IPSL-CM5A2-INCA_r1i1p1f1,siconc,ssp245,0
IPSL_IPSL-CM5A2-INCA_r1i1p1f1,siconc,ssp370,0
IPSL_IPSL-CM5A2-INCA_r1i1p1f1,siconc,ssp585,0
IPSL_IPSL-CM5A2-INCA_r1i1p1f1,sfcwind,historical,1
IPSL_IPSL-CM5A2-INCA_r1i1p1f1,sfcwind,ssp119,0
IPSL_IPSL-CM5A2-INCA_r1i1p1f1,sfcwind,ssp126,1
IPSL_IPSL-CM5A2-INCA_r1i1p1f1,sfcwind,ssp245,0
IPSL_IPSL-CM5A2-INCA_r1i1p1f1,sfcwind,ssp370,1
IPSL_IPSL-CM5A2-INCA_r1i1p1f1,sfcwind,ssp585,0
IPSL_IPSL-CM5A2-INCA_r1i1p1f1,clt,historical,0
IPSL_IPSL-CM5A2-INCA_r1i1p1f1,clt,ssp119,0
IPSL_IPSL-CM5A2-INCA_r1i1p1f1,clt,ssp126,0
IPSL_IPSL-CM5A2-INCA_r1i1p1f1,clt,ssp245,0
IPSL_IPSL-CM5A2-INCA_r1i1p1f1,clt,ssp370,0
IPSL_IPSL-CM5A2-INCA_r1i1p1f1,clt,ssp585,0
IPSL_IPSL-CM5A2-INCA_r1i1p1f1,rsds,historical,1
IPSL_IPSL-CM5A2-INCA_r1i1p1f1,rsds,ssp119,0
IPSL_IPSL-CM5A2-INCA_r1i1p1f1,rsds,ssp126,1
IPSL_IPSL-CM5A2-INCA_r1i1p1f1,rsds,ssp245,0
IPSL_IPSL-CM5A2-INCA_r1i1p1f1,rsds,ssp370,1
IPSL_IPSL-CM5A2-INCA_r1i1p1f1,rsds,ssp585,0
IPSL_IPSL-CM5A2-INCA_r1i1p1f1,rlds,historical,1
IPSL_IPSL-CM5A2-INCA_r1i1p1f1,rlds,ssp119,0
IPSL_IPSL-CM5A2-INCA_r1i1p1f1,rlds,ssp126,1
IPSL_IPSL-CM5A2-INCA_r1i1p1f1,rlds,ssp245,0
IPSL_IPSL-CM5A2-INCA_r1i1p1f1,rlds,ssp370,1
IPSL_IPSL-CM5A2-INCA_r1i1p1f1,rlds,ssp585,0
IPSL_IPSL-CM5A2-INCA_r1i1p1f1,sst,historical,0
IPSL_IPSL-CM5A2-INCA_r1i1p1f1,sst,ssp119,0
IPSL_IPSL-CM5A2-INCA_r1i1p1f1,sst,ssp126,0
IPSL_IPSL-CM5A2-INCA_r1i1p1f1,sst,ssp245,0
IPSL_IPSL-CM5A2-INCA_r1i1p1f1,sst,ssp370,0
IPSL_IPSL-CM5A2-INCA_r1i1p1f1,sst,ssp585,0
IPSL_IPSL-CM5A2-INCA_r1i1p1f1,psl,historical,1
IPSL_IPSL-CM5A2-INCA_r1i1p1f1,psl,ssp119,0
IPSL_IPSL-CM5A2-INCA_r1i1p1f1,psl,ssp126,1
IPSL_IPSL-CM5A2-INCA_r1i1p1f1,psl,ssp245,0
IPSL_IPSL-CM5A2-INCA_r1i1p1f1,psl,ssp370,1
IPSL_IPSL-CM5A2-INCA_r1i1p1f1,psl,ssp585,0
IPSL_IPSL-CM6A-LR_r1i1p1f1,t,historical,1
IPSL_IPSL-CM6A-LR_r1i1p1f1,t,ssp119,1
IPSL_IPSL-CM6A-LR_r1i1p1f1,t,ssp126,1
IPSL_IPSL-CM6A-LR_r1i1p1f1,t,ssp245,1
IPSL_IPSL-CM6A-LR_r1i1p1f1,t,ssp370,1
IPSL_IPSL-CM6A-LR_r1i1p1f1,t,ssp585,1
IPSL_IPSL-CM6A-LR_r1i1p1f1,tn,historical,1
IPSL_IPSL-CM6A-LR_r1i1p1f1,tn,ssp119,1
IPSL_IPSL-CM6A-LR_r1i1p1f1,tn,ssp126,1
IPSL_IPSL-CM6A-LR_r1i1p1f1,tn,ssp245,1
IPSL_IPSL-CM6A-LR_r1i1p1f1,tn,ssp370,1
IPSL_IPSL-CM6A-LR_r1i1p1f1,tn,ssp585,1
IPSL_IPSL-CM6A-LR_r1i1p1f1,tx,historical,1
IPSL_IPSL-CM6A-LR_r1i1p1f1,tx,ssp119,1
IPSL_IPSL-CM6A-LR_r1i1p1f1,tx,ssp126,0
IPSL_IPSL-CM6A-LR_r1i1p1f1,tx,ssp245,1
IPSL_IPSL-CM6A-LR_r1i1p1f1,tx,ssp370,1
IPSL_IPSL-CM6A-LR_r1i1p1f1,tx,ssp585,0
IPSL_IPSL-CM6A-LR_r1i1p1f1,dtr,historical,1
IPSL_IPSL-CM6A-LR_r1i1p1f1,dtr,ssp119,1
IPSL_IPSL-CM6A-LR_r1i1p1f1,dtr,ssp126,0
IPSL_IPSL-CM6A-LR_r1i1p1f1,dtr,ssp245,1
IPSL_IPSL-CM6A-LR_r1i1p1f1,dtr,ssp370,1
IPSL_IPSL-CM6A-LR_r1i1p1f1,dtr,ssp585,0
IPSL_IPSL-CM6A-LR_r1i1p1f1,hd,historical,1
IPSL_IPSL-CM6A-LR_r1i1p1f1,hd,ssp119,1
IPSL_IPSL-CM6A-LR_r1i1p1f1,hd,ssp126,0
IPSL_IPSL-CM6A-LR_r1i1p1f1,hd,ssp245,1
IPSL_IPSL-CM6A-LR_r1i1p1f1,hd,ssp370,1
IPSL_IPSL-CM6A-LR_r1i1p1f1,hd,ssp585,0
IPSL_IPSL-CM6A-LR_r1i1p1f1,cd,historical,1
IPSL_IPSL-CM6A-LR_r1i1p1f1,cd,ssp119,1
IPSL_IPSL-CM6A-LR_r1i1p1f1,cd,ssp126,0
IPSL_IPSL-CM6A-LR_r1i1p1f1,cd,ssp245,1
IPSL_IPSL-CM6A-LR_r1i1p1f1,cd,ssp370,1
IPSL_IPSL-CM6A-LR_r1i1p1f1,cd,ssp585,0
IPSL_IPSL-CM6A-LR_r1i1p1f1,r,historical,1
IPSL_IPSL-CM6A-LR_r1i1p1f1,r,ssp119,1
IPSL_IPSL-CM6A-LR_r1i1p1f1,r,ssp126,1
IPSL_IPSL-CM6A-LR_r1i1p1f1,r,ssp245,1
IPSL_IPSL-CM6A-LR_r1i1p1f1,r,ssp370,1
IPSL_IPSL-CM6A-LR_r1i1p1f1,r,ssp585,1
IPSL_IPSL-CM6A-LR_r1i1p1f1,spei6,historical,1
IPSL_IPSL-CM6A-LR_r1i1p1f1,spei6,ssp119,1
IPSL_IPSL-CM6A-LR_r1i1p1f1,spei6,ssp126,0
IPSL_IPSL-CM6A-LR_r1i1p1f1,spei6,ssp245,1
IPSL_IPSL-CM6A-LR_r1i1p1f1,spei6,ssp370,1
IPSL_IPSL-CM6A-LR_r1i1p1f1,spei6,ssp585,0
IPSL_IPSL-CM6A-LR_r1i1p1f1,pet,historical,1
IPSL_IPSL-CM6A-LR_r1i1p1f1,pet,ssp119,1
IPSL_IPSL-CM6A-LR_r1i1p1f1,pet,ssp126,0
IPSL_IPSL-CM6A-LR_r1i1p1f1,pet,ssp245,1
IPSL_IPSL-CM6A-LR_r1i1p1f1,pet,ssp370,1
IPSL_IPSL-CM6A-LR_r1i1p1f1,pet,ssp585,0
IPSL_IPSL-CM6A-LR_r1i1p1f1,huss,historical,1
IPSL_IPSL-CM6A-LR_r1i1p1f1,huss,ssp119,1
IPSL_IPSL-CM6A-LR_r1i1p1f1,huss,ssp126,1
IPSL_IPSL-CM6A-LR_r1i1p1f1,huss,ssp245,1
IPSL_IPSL-CM6A-LR_r1i1p1f1,huss,ssp370,1
IPSL_IPSL-CM6A-LR_r1i1p1f1,huss,ssp585,1
IPSL_IPSL-CM6A-LR_r1i1p1f1,evspsbl,historical,0
IPSL_IPSL-CM6A-LR_r1i1p1f1,evspsbl,ssp119,0
IPSL_IPSL-CM6A-LR_r1i1p1f1,evspsbl,ssp126,0
IPSL_IPSL-CM6A-LR_r1i1p1f1,evspsbl,ssp245,0
IPSL_IPSL-CM6A-LR_r1i1p1f1,evspsbl,ssp370,0
IPSL_IPSL-CM6A-LR_r1i1p1f1,evspsbl,ssp585,0
IPSL_IPSL-CM6A-LR_r1i1p1f1,mrsos,historical,0
IPSL_IPSL-CM6A-LR_r1i1p1f1,mrsos,ssp119,0
IPSL_IPSL-CM6A-LR_r1i1p1f1,mrsos,ssp126,0
IPSL_IPSL-CM6A-LR_r1i1p1f1,mrsos,ssp245,0
IPSL_IPSL-CM6A-LR_r1i1p1f1,mrsos,ssp370,0
IPSL_IPSL-CM6A-LR_r1i1p1f1,mrsos,ssp585,0
IPSL_IPSL-CM6A-LR_r1i1p1f1,mrro,historical,1
IPSL_IPSL-CM6A-LR_r1i1p1f1,mrro,ssp119,1
IPSL_IPSL-CM6A-LR_r1i1p1f1,mrro,ssp126,1
IPSL_IPSL-CM6A-LR_r1i1p1f1,mrro,ssp245,1
IPSL_IPSL-CM6A-LR_r1i1p1f1,mrro,ssp370,1
IPSL_IPSL-CM6A-LR_r1i1p1f1,mrro,ssp585,1
IPSL_IPSL-CM6A-LR_r1i1p1f1,prsn,historical,1
IPSL_IPSL-CM6A-LR_r1i1p1f1,prsn,ssp119,1
IPSL_IPSL-CM6A-LR_r1i1p1f1,prsn,ssp126,1
IPSL_IPSL-CM6A-LR_r1i1p1f1,prsn,ssp245,1
IPSL_IPSL-CM6A-LR_r1i1p1f1,prsn,ssp370,1
IPSL_IPSL-CM6A-LR_r1i1p1f1,prsn,ssp585,1
IPSL_IPSL-CM6A-LR_r1i1p1f1,siconc,historical,1
IPSL_IPSL-CM6A-LR_r1i1p1f1,siconc,ssp119,1
IPSL_IPSL-CM6A-LR_r1i1p1f1,siconc,ssp126,1
IPSL_IPSL-CM6A-LR_r1i1p1f1,siconc,ssp245,1
IPSL_IPSL-CM6A-LR_r1i1p1f1,siconc,ssp370,1
IPSL_IPSL-CM6A-LR_r1i1p1f1,siconc,ssp585,1
IPSL_IPSL-CM6A-LR_r1i1p1f1,sfcwind,historical,1
IPSL_IPSL-CM6A-LR_r1i1p1f1,sfcwind,ssp119,1
IPSL_IPSL-CM6A-LR_r1i1p1f1,sfcwind,ssp126,1
IPSL_IPSL-CM6A-LR_r1i1p1f1,sfcwind,ssp245,1
IPSL_IPSL-CM6A-LR_r1i1p1f1,sfcwind,ssp370,1
IPSL_IPSL-CM6A-LR_r1i1p1f1,sfcwind,ssp585,1
IPSL_IPSL-CM6A-LR_r1i1p1f1,clt,historical,1
IPSL_IPSL-CM6A-LR_r1i1p1f1,clt,ssp119,1
IPSL_IPSL-CM6A-LR_r1i1p1f1,clt,ssp126,1
IPSL_IPSL-CM6A-LR_r1i1p1f1,clt,ssp245,1
IPSL_IPSL-CM6A-LR_r1i1p1f1,clt,ssp370,1
IPSL_IPSL-CM6A-LR_r1i1p1f1,clt,ssp585,1
IPSL_IPSL-CM6A-LR_r1i1p1f1,rsds,historical,1
IPSL_IPSL-CM6A-LR_r1i1p1f1,rsds,ssp119,1
IPSL_IPSL-CM6A-LR_r1i1p1f1,rsds,ssp126,1
IPSL_IPSL-CM6A-LR_r1i1p1f1,rsds,ssp245,1
IPSL_IPSL-CM6A-LR_r1i1p1f1,rsds,ssp370,1
IPSL_IPSL-CM6A-LR_r1i1p1f1,rsds,ssp585,1
IPSL_IPSL-CM6A-LR_r1i1p1f1,rlds,historical,1
IPSL_IPSL-CM6A-LR_r1i1p1f1,rlds,ssp119,1
IPSL_IPSL-CM6A-LR_r1i1p1f1,rlds,ssp126,1
IPSL_IPSL-CM6A-LR_r1i1p1f1,rlds,ssp245,1
IPSL_IPSL-CM6A-LR_r1i1p1f1,rlds,ssp370,1
IPSL_IPSL-CM6A-LR_r1i1p1f1,rlds,ssp585,1
IPSL_IPSL-CM6A-LR_r1i1p1f1,sst,historical,1
IPSL_IPSL-CM6A-LR_r1i1p1f1,sst,ssp119,1
IPSL_IPSL-CM6A-LR_r1i1p1f1,sst,ssp126,1
IPSL_IPSL-CM6A-LR_r1i1p1f1,sst,ssp245,1
IPSL_IPSL-CM6A-LR_r1i1p1f1,sst,ssp370,1
IPSL_IPSL-CM6A-LR_r1i1p1f1,sst,ssp585,1
IPSL_IPSL-CM6A-LR_r1i1p1f1,psl,historical,0
IPSL_IPSL-CM6A-LR_r1i1p1f1,psl,ssp119,0
IPSL_IPSL-CM6A-LR_r1i1p1f1,psl,ssp126,0
IPSL_IPSL-CM6A-LR_r1i1p1f1,psl,ssp245,0
IPSL_IPSL-CM6A-LR_r1i1p1f1,psl,ssp370,0
IPSL_IPSL-CM6A-LR_r1i1p1f1,psl,ssp585,0
KIOST_KIOST-ESM_r1i1p1f1,t,historical,1
KIOST_KIOST-ESM_r1i1p1f1,t,ssp119,0
KIOST_KIOST-ESM_r1i1p1f1,t,ssp126,1
KIOST_KIOST-ESM_r1i1p1f1,t,ssp245,1
KIOST_KIOST-ESM_r1i1p1f1,t,ssp370,0
KIOST_KIOST-ESM_r1i1p1f1,t,ssp585,1
KIOST_KIOST-ESM_r1i1p1f1,tn,historical,1
KIOST_KIOST-ESM_r1i1p1f1,tn,ssp119,0
KIOST_KIOST-ESM_r1i1p1f1,tn,ssp126,1
KIOST_KIOST-ESM_r1i1p1f1,tn,ssp245,1
KIOST_KIOST-ESM_r1i1p1f1,tn,ssp370,0
KIOST_KIOST-ESM_r1i1p1f1,tn,ssp585,1
KIOST_KIOST-ESM_r1i1p1f1,tx,historical,1
KIOST_KIOST-ESM_r1i1p1f1,tx,ssp119,0
KIOST_KIOST-ESM_r1i1p1f1,tx,ssp126,1
KIOST_KIOST-ESM_r1i1p1f1,tx,ssp245,1
KIOST_KIOST-ESM_r1i1p1f1,tx,ssp370,0
KIOST_KIOST-ESM_r1i1p1f1,tx,ssp585,1
KIOST_KIOST-ESM_r1i1p1f1,dtr,historical,1
KIOST_KIOST-ESM_r1i1p1f1,dtr,ssp119,0
KIOST_KIOST-ESM_r1i1p1f1,dtr,ssp126,1
KIOST_KIOST-ESM_r1i1p1f1,dtr,ssp245,1
KIOST_KIOST-ESM_r1i1p1f1,dtr,ssp370,0
KIOST_KIOST-ESM_r1i1p1f1,dtr,ssp585,1
KIOST_KIOST-ESM_r1i1p1f1,hd,historical,1
KIOST_KIOST-ESM_r1i1p1f1,hd,ssp119,0
KIOST_KIOST-ESM_r1i1p1f1,hd,ssp126,1
KIOST_KIOST-ESM_r1i1p1f1,hd,ssp245,1
KIOST_KIOST-ESM_r1i1p1f1,hd,ssp370,0
KIOST_KIOST-ESM_r1i1p1f1,hd,ssp585,1
KIOST_KIOST-ESM_r1i1p1f1,cd,historical,1
KIOST_KIOST-ESM_r1i1p1f1,cd,ssp119,0
KIOST_KIOST-ESM_r1i1p1f1,cd,ssp126,1
KIOST_KIOST-ESM_r1i1p1f1,cd,ssp245,1
KIOST_KIOST-ESM_r1i1p1f1,cd,ssp370,0
KIOST_KIOST-ESM_r1i1p1f1,cd,ssp585,1
KIOST_KIOST-ESM_r1i1p1f1,r,historical,1
KIOST_KIOST-ESM_r1i1p1f1,r,ssp119,0
KIOST_KIOST-ESM_r1i1p1f1,r,ssp126,1
KIOST_KIOST-ESM_r1i1p1f1,r,ssp245,1
KIOST_KIOST-ESM_r1i1p1f1,r,ssp370,0
KIOST_KIOST-ESM_r1i1p1f1,r,ssp585,0
KIOST_KIOST-ESM_r1i1p1f1,spei6,historical,1
KIOST_KIOST-ESM_r1i1p1f1,spei6,ssp119,0
KIOST_KIOST-ESM_r1i1p1f1,spei6,ssp126,1
KIOST_KIOST-ESM_r1i1p1f1,spei6,ssp245,1
KIOST_KIOST-ESM_r1i1p1f1,spei6,ssp370,0
KIOST_KIOST-ESM_r1i1p1f1,spei6,ssp585,0
KIOST_KIOST-ESM_r1i1p1f1,pet,historical,1
KIOST_KIOST-ESM_r1i1p1f1,pet,ssp119,0
KIOST_KIOST-ESM_r1i1p1f1,pet,ssp126,1
KIOST_KIOST-ESM_r1i1p1f1,pet,ssp245,1
KIOST_KIOST-ESM_r1i1p1f1,pet,ssp370,0
KIOST_KIOST-ESM_r1i1p1f1,pet,ssp585,1
KIOST_KIOST-ESM_r1i1p1f1,huss,historical,1
KIOST_KIOST-ESM_r1i1p1f1,huss,ssp119,0
KIOST_KIOST-ESM_r1i1p1f1,huss,ssp126,1
KIOST_KIOST-ESM_r1i1p1f1,huss,ssp245,1
KIOST_KIOST-ESM_r1i1p1f1,huss,ssp370,0
KIOST_KIOST-ESM_r1i1p1f1,huss,ssp585,1
KIOST_KIOST-ESM_r1i1p1f1,evspsbl,historical,0
KIOST_KIOST-ESM_r1i1p1f1,evspsbl,ssp119,0
KIOST_KIOST-ESM_r1i1p1f1,evspsbl,ssp126,0
KIOST_KIOST-ESM_r1i1p1f1,evspsbl,ssp245,0
KIOST_KIOST-ESM_r1i1p1f1,evspsbl,ssp370,0
KIOST_KIOST-ESM_r1i1p1f1,evspsbl,ssp585,0
KIOST_KIOST-ESM_r1i1p1f1,mrsos,historical,0
KIOST_KIOST-ESM_r1i1p1f1,mrsos,ssp119,0
KIOST_KIOST-ESM_r1i1p1f1,mrsos,ssp126,0
KIOST_KIOST-ESM_r1i1p1f1,mrsos,ssp245,0
KIOST_KIOST-ESM_r1i1p1f1,mrsos,ssp370,0
KIOST_KIOST-ESM_r1i1p1f1,mrsos,ssp585,0
KIOST_KIOST-ESM_r1i1p1f1,mrro,historical,1
KIOST_KIOST-ESM_r1i1p1f1,mrro,ssp119,0
KIOST_KIOST-ESM_r1i1p1f1,mrro,ssp126,1
KIOST_KIOST-ESM_r1i1p1f1,mrro,ssp245,1
KIOST_KIOST-ESM_r1i1p1f1,mrro,ssp370,0
KIOST_KIOST-ESM_r1i1p1f1,mrro,ssp585,1
KIOST_KIOST-ESM_r1i1p1f1,prsn,historical,0
KIOST_KIOST-ESM_r1i1p1f1,prsn,ssp119,0
KIOST_KIOST-ESM_r1i1p1f1,prsn,ssp126,0
KIOST_KIOST-ESM_r1i1p1f1,prsn,ssp245,0
KIOST_KIOST-ESM_r1i1p1f1,prsn,ssp370,0
KIOST_KIOST-ESM_r1i1p1f1,prsn,ssp585,0
KIOST_KIOST-ESM_r1i1p1f1,siconc,historical,1
KIOST_KIOST-ESM_r1i1p1f1,siconc,ssp119,0
KIOST_KIOST-ESM_r1i1p1f1,siconc,ssp126,1
KIOST_KIOST-ESM_r1i1p1f1,siconc,ssp245,1
KIOST_KIOST-ESM_r1i1p1f1,siconc,ssp370,0
KIOST_KIOST-ESM_r1i1p1f1,siconc,ssp585,1
KIOST_KIOST-ESM_r1i1p1f1,sfcwind,historical,1
KIOST_KIOST-ESM_r1i1p1f1,sfcwind,ssp119,0
KIOST_KIOST-ESM_r1i1p1f1,sfcwind,ssp126,1
KIOST_KIOST-ESM_r1i1p1f1,sfcwind,ssp245,1
KIOST_KIOST-ESM_r1i1p1f1,sfcwind,ssp370,0
KIOST_KIOST-ESM_r1i1p1f1,sfcwind,ssp585,1
KIOST_KIOST-ESM_r1i1p1f1,clt,historical,1
KIOST_KIOST-ESM_r1i1p1f1,clt,ssp119,0
KIOST_KIOST-ESM_r1i1p1f1,clt,ssp126,1
KIOST_KIOST-ESM_r1i1p1f1,clt,ssp245,1
KIOST_KIOST-ESM_r1i1p1f1,clt,ssp370,0
KIOST_KIOST-ESM_r1i1p1f1,clt,ssp585,1
KIOST_KIOST-ESM_r1i1p1f1,rsds,historical,1
KIOST_KIOST-ESM_r1i1p1f1,rsds,ssp119,0
KIOST_KIOST-ESM_r1i1p1f1,rsds,ssp126,1
KIOST_KIOST-ESM_r1i1p1f1,rsds,ssp245,1
KIOST_KIOST-ESM_r1i1p1f1,rsds,ssp370,0
KIOST_KIOST-ESM_r1i1p1f1,rsds,ssp585,1
KIOST_KIOST-ESM_r1i1p1f1,rlds,historical,1
KIOST_KIOST-ESM_r1i1p1f1,rlds,ssp119,0
KIOST_KIOST-ESM_r1i1p1f1,rlds,ssp126,1
KIOST_KIOST-ESM_r1i1p1f1,rlds,ssp245,1
KIOST_KIOST-ESM_r1i1p1f1,rlds,ssp370,0
KIOST_KIOST-ESM_r1i1p1f1,rlds,ssp585,1
KIOST_KIOST-ESM_r1i1p1f1,sst,historical,1
KIOST_KIOST-ESM_r1i1p1f1,sst,ssp119,0
KIOST_KIOST-ESM_r1i1p1f1,sst,ssp126,1
KIOST_KIOST-ESM_r1i1p1f1,sst,ssp245,1
KIOST_KIOST-ESM_r1i1p1f1,sst,ssp370,0
KIOST_KIOST-ESM_r1i1p1f1,sst,ssp585,1
KIOST_KIOST-ESM_r1i1p1f1,psl,historical,1
KIOST_KIOST-ESM_r1i1p1f1,psl,ssp119,0
KIOST_KIOST-ESM_r1i1p1f1,psl,ssp126,1
KIOST_KIOST-ESM_r1i1p1f1,psl,ssp245,1
KIOST_KIOST-ESM_r1i1p1f1,psl,ssp370,0
KIOST_KIOST-ESM_r1i1p1f1,psl,ssp585,1
MIROC_MIROC-ES2L_r1i1p1f2,t,historical,1
MIROC_MIROC-ES2L_r1i1p1f2,t,ssp119,1
MIROC_MIROC-ES2L_r1i1p1f2,t,ssp126,1
MIROC_MIROC-ES2L_r1i1p1f2,t,ssp245,1
MIROC_MIROC-ES2L_r1i1p1f2,t,ssp370,1
MIROC_MIROC-ES2L_r1i1p1f2,t,ssp585,1
MIROC_MIROC-ES2L_r1i1p1f2,tn,historical,1
MIROC_MIROC-ES2L_r1i1p1f2,tn,ssp119,1
MIROC_MIROC-ES2L_r1i1p1f2,tn,ssp126,1
MIROC_MIROC-ES2L_r1i1p1f2,tn,ssp245,1
MIROC_MIROC-ES2L_r1i1p1f2,tn,ssp370,1
MIROC_MIROC-ES2L_r1i1p1f2,tn,ssp585,1
MIROC_MIROC-ES2L_r1i1p1f2,tx,historical,1
MIROC_MIROC-ES2L_r1i1p1f2,tx,ssp119,1
MIROC_MIROC-ES2L_r1i1p1f2,tx,ssp126,1
MIROC_MIROC-ES2L_r1i1p1f2,tx,ssp245,1
MIROC_MIROC-ES2L_r1i1p1f2,tx,ssp370,1
MIROC_MIROC-ES2L_r1i1p1f2,tx,ssp585,1
MIROC_MIROC-ES2L_r1i1p1f2,dtr,historical,1
MIROC_MIROC-ES2L_r1i1p1f2,dtr,ssp119,1
MIROC_MIROC-ES2L_r1i1p1f2,dtr,ssp126,1
MIROC_MIROC-ES2L_r1i1p1f2,dtr,ssp245,1
MIROC_MIROC-ES2L_r1i1p1f2,dtr,ssp370,1
MIROC_MIROC-ES2L_r1i1p1f2,dtr,ssp585,1
MIROC_MIROC-ES2L_r1i1p1f2,hd,historical,1
MIROC_MIROC-ES2L_r1i1p1f2,hd,ssp119,1
MIROC_MIROC-ES2L_r1i1p1f2,hd,ssp126,1
MIROC_MIROC-ES2L_r1i1p1f2,hd,ssp245,1
MIROC_MIROC-ES2L_r1i1p1f2,hd,ssp370,1
MIROC_MIROC-ES2L_r1i1p1f2,hd,ssp585,1
MIROC_MIROC-ES2L_r1i1p1f2,cd,historical,1
MIROC_MIROC-ES2L_r1i1p1f2,cd,ssp119,1
MIROC_MIROC-ES2L_r1i1p1f2,cd,ssp126,1
MIROC_MIROC-ES2L_r1i1p1f2,cd,ssp245,1
MIROC_MIROC-ES2L_r1i1p1f2,cd,ssp370,1
MIROC_MIROC-ES2L_r1i1p1f2,cd,ssp585,1
MIROC_MIROC-ES2L_r1i1p1f2,r,historical,1
MIROC_MIROC-ES2L_r1i1p1f2,r,ssp119,1
MIROC_MIROC-ES2L_r1i1p1f2,r,ssp126,1
MIROC_MIROC-ES2L_r1i1p1f2,r,ssp245,1
MIROC_MIROC-ES2L_r1i1p1f2,r,ssp370,1
MIROC_MIROC-ES2L_r1i1p1f2,r,ssp585,1
MIROC_MIROC-ES2L_r1i1p1f2,spei6,historical,1
MIROC_MIROC-ES2L_r1i1p1f2,spei6,ssp119,1
MIROC_MIROC-ES2L_r1i1p1f2,spei6,ssp126,1
MIROC_MIROC-ES2L_r1i1p1f2,spei6,ssp245,1
MIROC_MIROC-ES2L_r1i1p1f2,spei6,ssp370,1
MIROC_MIROC-ES2L_r1i1p1f2,spei6,ssp585,1
MIROC_MIROC-ES2L_r1i1p1f2,pet,historical,1
MIROC_MIROC-ES2L_r1i1p1f2,pet,ssp119,1
MIROC_MIROC-ES2L_r1i1p1f2,pet,ssp126,1
MIROC_MIROC-ES2L_r1i1p1f2,pet,ssp245,1
MIROC_MIROC-ES2L_r1i1p1f2,pet,ssp370,1
MIROC_MIROC-ES2L_r1i1p1f2,pet,ssp585,1
MIROC_MIROC-ES2L_r1i1p1f2,huss,historical,1
MIROC_MIROC-ES2L_r1i1p1f2,huss,ssp119,1
MIROC_MIROC-ES2L_r1i1p1f2,huss,ssp126,1
MIROC_MIROC-ES2L_r1i1p1f2,huss,ssp245,1
MIROC_MIROC-ES2L_r1i1p1f2,huss,ssp370,1
MIROC_MIROC-ES2L_r1i1p1f2,huss,ssp585,1
MIROC_MIROC-ES2L_r1i1p1f2,evspsbl,historical,1
MIROC_MIROC-ES2L_r1i1p1f2,evspsbl,ssp119,1
MIROC_MIROC-ES2L_r1i1p1f2,evspsbl,ssp126,1
MIROC_MIROC-ES2L_r1i1p1f2,evspsbl,ssp245,1
MIROC_MIROC-ES2L_r1i1p1f2,evspsbl,ssp370,1
MIROC_MIROC-ES2L_r1i1p1f2,evspsbl,ssp585,1
MIROC_MIROC-ES2L_r1i1p1f2,mrsos,historical,1
MIROC_MIROC-ES2L_r1i1p1f2,mrsos,ssp119,1
MIROC_MIROC-ES2L_r1i1p1f2,mrsos,ssp126,1
MIROC_MIROC-ES2L_r1i1p1f2,mrsos,ssp245,1
MIROC_MIROC-ES2L_r1i1p1f2,mrsos,ssp370,1
MIROC_MIROC-ES2L_r1i1p1f2,mrsos,ssp585,1
MIROC_MIROC-ES2L_r1i1p1f2,mrro,historical,1
MIROC_MIROC-ES2L_r1i1p1f2,mrro,ssp119,1
MIROC_MIROC-ES2L_r1i1p1f2,mrro,ssp126,1
MIROC_MIROC-ES2L_r1i1p1f2,mrro,ssp245,1
MIROC_MIROC-ES2L_r1i1p1f2,mrro,ssp370,1
MIROC_MIROC-ES2L_r1i1p1f2,mrro,ssp585,1
MIROC_MIROC-ES2L_r1i1p1f2,prsn,historical,1
MIROC_MIROC-ES2L_r1i1p1f2,prsn,ssp119,1
MIROC_MIROC-ES2L_r1i1p1f2,prsn,ssp126,1
MIROC_MIROC-ES2L_r1i1p1f2,prsn,ssp245,1
MIROC_MIROC-ES2L_r1i1p1f2,prsn,ssp370,1
MIROC_MIROC-ES2L_r1i1p1f2,prsn,ssp585,1
MIROC_MIROC-ES2L_r1i1p1f2,siconc,historical,1
MIROC_MIROC-ES2L_r1i1p1f2,siconc,ssp119,1
MIROC_MIROC-ES2L_r1i1p1f2,siconc,ssp126,1
MIROC_MIROC-ES2L_r1i1p1f2,siconc,ssp245,1
MIROC_MIROC-ES2L_r1i1p1f2,siconc,ssp370,1
MIROC_MIROC-ES2L_r1i1p1f2,siconc,ssp585,0
MIROC_MIROC-ES2L_r1i1p1f2,sfcwind,historical,1
MIROC_MIROC-ES2L_r1i1p1f2,sfcwind,ssp119,1
MIROC_MIROC-ES2L_r1i1p1f2,sfcwind,ssp126,1
MIROC_MIROC-ES2L_r1i1p1f2,sfcwind,ssp245,1
MIROC_MIROC-ES2L_r1i1p1f2,sfcwind,ssp370,1
MIROC_MIROC-ES2L_r1i1p1f2,sfcwind,ssp585,1
MIROC_MIROC-ES2L_r1i1p1f2,clt,historical,1
MIROC_MIROC-ES2L_r1i1p1f2,clt,ssp119,1
MIROC_MIROC-ES2L_r1i1p1f2,clt,ssp126,1
MIROC_MIROC-ES2L_r1i1p1f2,clt,ssp245,1
MIROC_MIROC-ES2L_r1i1p1f2,clt,ssp370,1
MIROC_MIROC-ES2L_r1i1p1f2,clt,ssp585,1
MIROC_MIROC-ES2L_r1i1p1f2,rsds,historical,1
MIROC_MIROC-ES2L_r1i1p1f2,rsds,ssp119,1
MIROC_MIROC-ES2L_r1i1p1f2,rsds,ssp126,1
MIROC_MIROC-ES2L_r1i1p1f2,rsds,ssp245,1
MIROC_MIROC-ES2L_r1i1p1f2,rsds,ssp370,1
MIROC_MIROC-ES2L_r1i1p1f2,rsds,ssp585,1
MIROC_MIROC-ES2L_r1i1p1f2,rlds,historical,1
MIROC_MIROC-ES2L_r1i1p1f2,rlds,ssp119,1
MIROC_MIROC-ES2L_r1i1p1f2,rlds,ssp126,1
MIROC_MIROC-ES2L_r1i1p1f2,rlds,ssp245,1
MIROC_MIROC-ES2L_r1i1p1f2,rlds,ssp370,1
MIROC_MIROC-ES2L_r1i1p1f2,rlds,ssp585,1
MIROC_MIROC-ES2L_r1i1p1f2,sst,historical,1
MIROC_MIROC-ES2L_r1i1p1f2,sst,ssp119,1
MIROC_MIROC-ES2L_r1i1p1f2,sst,ssp126,1
MIROC_MIROC-ES2L_r1i1p1f2,sst,ssp245,1
MIROC_MIROC-ES2L_r1i1p1f2,sst,ssp370,1
MIROC_MIROC-ES2L_r1i1p1f2,sst,ssp585,1
MIROC_MIROC-ES2L_r1i1p1f2,psl,historical,1
MIROC_MIROC-ES2L_r1i1p1f2,psl,ssp119,1
MIROC_MIROC-ES2L_r1i1p1f2,psl,ssp126,1
MIROC_MIROC-ES2L_r1i1p1f2,psl,ssp245,1
MIROC_MIROC-ES2L_r1i1p1f2,psl,ssp370,1
MIROC_MIROC-ES2L_r1i1p1f2,psl,ssp585,1
MIROC_MIROC6_r1i1p1f1,t,historical,1
MIROC_MIROC6_r1i1p1f1,t,ssp119,1
MIROC_MIROC6_r1i1p1f1,t,ssp126,1
MIROC_MIROC6_r1i1p1f1,t,ssp245,1
MIROC_MIROC6_r1i1p1f1,t,ssp370,1
MIROC_MIROC6_r1i1p1f1,t,ssp585,1
MIROC_MIROC6_r1i1p1f1,tn,historical,1
MIROC_MIROC6_r1i1p1f1,tn,ssp119,1
MIROC_MIROC6_r1i1p1f1,tn,ssp126,1
MIROC_MIROC6_r1i1p1f1,tn,ssp245,1
MIROC_MIROC6_r1i1p1f1,tn,ssp370,1
MIROC_MIROC6_r1i1p1f1,tn,ssp585,1
MIROC_MIROC6_r1i1p1f1,tx,historical,1
MIROC_MIROC6_r1i1p1f1,tx,ssp119,1
MIROC_MIROC6_r1i1p1f1,tx,ssp126,1
MIROC_MIROC6_r1i1p1f1,tx,ssp245,1
MIROC_MIROC6_r1i1p1f1,tx,ssp370,1
MIROC_MIROC6_r1i1p1f1,tx,ssp585,1
MIROC_MIROC6_r1i1p1f1,dtr,historical,1
MIROC_MIROC6_r1i1p1f1,dtr,ssp119,1
MIROC_MIROC6_r1i1p1f1,dtr,ssp126,1
MIROC_MIROC6_r1i1p1f1,dtr,ssp245,1
MIROC_MIROC6_r1i1p1f1,dtr,ssp370,1
MIROC_MIROC6_r1i1p1f1,dtr,ssp585,1
MIROC_MIROC6_r1i1p1f1,hd,historical,1
MIROC_MIROC6_r1i1p1f1,hd,ssp119,1
MIROC_MIROC6_r1i1p1f1,hd,ssp126,1
MIROC_MIROC6_r1i1p1f1,hd,ssp245,1
MIROC_MIROC6_r1i1p1f1,hd,ssp370,1
MIROC_MIROC6_r1i1p1f1,hd,ssp585,1
MIROC_MIROC6_r1i1p1f1,cd,historical,1
MIROC_MIROC6_r1i1p1f1,cd,ssp119,1
MIROC_MIROC6_r1i1p1f1,cd,ssp126,1
MIROC_MIROC6_r1i1p1f1,cd,ssp245,1
MIROC_MIROC6_r1i1p1f1,cd,ssp370,1
MIROC_MIROC6_r1i1p1f1,cd,ssp585,1
MIROC_MIROC6_r1i1p1f1,r,historical,1
MIROC_MIROC6_r1i1p1f1,r,ssp119,1
MIROC_MIROC6_r1i1p1f1,r,ssp126,1
MIROC_MIROC6_r1i1p1f1,r,ssp245,1
MIROC_MIROC6_r1i1p1f1,r,ssp370,1
MIROC_MIROC6_r1i1p1f1,r,ssp585,1
MIROC_MIROC6_r1i1p1f1,spei6,historical,1
MIROC_MIROC6_r1i1p1f1,spei6,ssp119,1
MIROC_MIROC6_r1i1p1f1,spei6,ssp126,1
MIROC_MIROC6_r1i1p1f1,spei6,ssp245,1
MIROC_MIROC6_r1i1p1f1,spei6,ssp370,1
MIROC_MIROC6_r1i1p1f1,spei6,ssp585,1
MIROC_MIROC6_r1i1p1f1,pet,historical,1
MIROC_MIROC6_r1i1p1f1,pet,ssp119,1
MIROC_MIROC6_r1i1p1f1,pet,ssp126,1
MIROC_MIROC6_r1i1p1f1,pet,ssp245,1
MIROC_MIROC6_r1i1p1f1,pet,ssp370,1
MIROC_MIROC6_r1i1p1f1,pet,ssp585,1
MIROC_MIROC6_r1i1p1f1,huss,historical,1
MIROC_MIROC6_r1i1p1f1,huss,ssp119,1
MIROC_MIROC6_r1i1p1f1,huss,ssp126,1
MIROC_MIROC6_r1i1p1f1,huss,ssp245,1
MIROC_MIROC6_r1i1p1f1,huss,ssp370,1
MIROC_MIROC6_r1i1p1f1,huss,ssp585,1
MIROC_MIROC6_r1i1p1f1,evspsbl,historical,1
MIROC_MIROC6_r1i1p1f1,evspsbl,ssp119,1
MIROC_MIROC6_r1i1p1f1,evspsbl,ssp126,1
MIROC_MIROC6_r1i1p1f1,evspsbl,ssp245,1
MIROC_MIROC6_r1i1p1f1,evspsbl,ssp370,1
MIROC_MIROC6_r1i1p1f1,evspsbl,ssp585,1
MIROC_MIROC6_r1i1p1f1,mrsos,historical,1
MIROC_MIROC6_r1i1p1f1,mrsos,ssp119,1
MIROC_MIROC6_r1i1p1f1,mrsos,ssp126,1
MIROC_MIROC6_r1i1p1f1,mrsos,ssp245,1
MIROC_MIROC6_r1i1p1f1,mrsos,ssp370,1
MIROC_MIROC6_r1i1p1f1,mrsos,ssp585,1
MIROC_MIROC6_r1i1p1f1,mrro,historical,1
MIROC_MIROC6_r1i1p1f1,mrro,ssp119,1
MIROC_MIROC6_r1i1p1f1,mrro,ssp126,1
MIROC_MIROC6_r1i1p1f1,mrro,ssp245,1
MIROC_MIROC6_r1i1p1f1,mrro,ssp370,1
MIROC_MIROC6_r1i1p1f1,mrro,ssp585,1
MIROC_MIROC6_r1i1p1f1,prsn,historical,1
MIROC_MIROC6_r1i1p1f1,prsn,ssp119,1
MIROC_MIROC6_r1i1p1f1,prsn,ssp126,1
MIROC_MIROC6_r1i1p1f1,prsn,ssp245,1
MIROC_MIROC6_r1i1p1f1,prsn,ssp370,1
MIROC_MIROC6_r1i1p1f1,prsn,ssp585,1
MIROC_MIROC6_r1i1p1f1,siconc,historical,0
MIROC_MIROC6_r1i1p1f1,siconc,ssp119,0
MIROC_MIROC6_r1i1p1f1,siconc,ssp126,0
MIROC_MIROC6_r1i1p1f1,siconc,ssp245,0
MIROC_MIROC6_r1i1p1f1,siconc,ssp370,0
MIROC_MIROC6_r1i1p1f1,siconc,ssp585,0
MIROC_MIROC6_r1i1p1f1,sfcwind,historical,1
MIROC_MIROC6_r1i1p1f1,sfcwind,ssp119,1
MIROC_MIROC6_r1i1p1f1,sfcwind,ssp126,1
MIROC_MIROC6_r1i1p1f1,sfcwind,ssp245,1
MIROC_MIROC6_r1i1p1f1,sfcwind,ssp370,1
MIROC_MIROC6_r1i1p1f1,sfcwind,ssp585,1
MIROC_MIROC6_r1i1p1f1,clt,historical,1
MIROC_MIROC6_r1i1p1f1,clt,ssp119,1
MIROC_MIROC6_r1i1p1f1,clt,ssp126,1
MIROC_MIROC6_r1i1p1f1,clt,ssp245,1
MIROC_MIROC6_r1i1p1f1,clt,ssp370,1
MIROC_MIROC6_r1i1p1f1,clt,ssp585,1
MIROC_MIROC6_r1i1p1f1,rsds,historical,1
MIROC_MIROC6_r1i1p1f1,rsds,ssp119,1
MIROC_MIROC6_r1i1p1f1,rsds,ssp126,1
MIROC_MIROC6_r1i1p1f1,rsds,ssp245,1
MIROC_MIROC6_r1i1p1f1,rsds,ssp370,1
MIROC_MIROC6_r1i1p1f1,rsds,ssp585,1
MIROC_MIROC6_r1i1p1f1,rlds,historical,1
MIROC_MIROC6_r1i1p1f1,rlds,ssp119,1
MIROC_MIROC6_r1i1p1f1,rlds,ssp126,1
MIROC_MIROC6_r1i1p1f1,rlds,ssp245,1
MIROC_MIROC6_r1i1p1f1,rlds,ssp370,1
MIROC_MIROC6_r1i1p1f1,rlds,ssp585,1
MIROC_MIROC6_r1i1p1f1,sst,historical,0
MIROC_MIROC6_r1i1p1f1,sst,ssp119,0
MIROC_MIROC6_r1i1p1f1,sst,ssp126,0
MIROC_MIROC6_r1i1p1f1,sst,ssp245,0
MIROC_MIROC6_r1i1p1f1,sst,ssp370,0
MIROC_MIROC6_r1i1p1f1,sst,ssp585,0
MIROC_MIROC6_r1i1p1f1,psl,historical,1
MIROC_MIROC6_r1i1p1f1,psl,ssp119,1
MIROC_MIROC6_r1i1p1f1,psl,ssp126,1
MIROC_MIROC6_r1i1p1f1,psl,ssp245,1
MIROC_MIROC6_r1i1p1f1,psl,ssp370,1
MIROC_MIROC6_r1i1p1f1,psl,ssp585,1
MOHC_HadGEM3-GC31-LL_r1i1p1f3,t,historical,1
MOHC_HadGEM3-GC31-LL_r1i1p1f3,t,ssp119,0
MOHC_HadGEM3-GC31-LL_r1i1p1f3,t,ssp126,1
MOHC_HadGEM3-GC31-LL_r1i1p1f3,t,ssp245,1
MOHC_HadGEM3-GC31-LL_r1i1p1f3,t,ssp370,0
MOHC_HadGEM3-GC31-LL_r1i1p1f3,t,ssp585,1
MOHC_HadGEM3-GC31-LL_r1i1p1f3,tn,historical,1
MOHC_HadGEM3-GC31-LL_r1i1p1f3,tn,ssp119,0
MOHC_HadGEM3-GC31-LL_r1i1p1f3,tn,ssp126,1
MOHC_HadGEM3-GC31-LL_r1i1p1f3,tn,ssp245,1
MOHC_HadGEM3-GC31-LL_r1i1p1f3,tn,ssp370,0
MOHC_HadGEM3-GC31-LL_r1i1p1f3,tn,ssp585,1
MOHC_HadGEM3-GC31-LL_r1i1p1f3,tx,historical,0
MOHC_HadGEM3-GC31-LL_r1i1p1f3,tx,ssp119,0
MOHC_HadGEM3-GC31-LL_r1i1p1f3,tx,ssp126,0
MOHC_HadGEM3-GC31-LL_r1i1p1f3,tx,ssp245,0
MOHC_HadGEM3-GC31-LL_r1i1p1f3,tx,ssp370,0
MOHC_HadGEM3-GC31-LL_r1i1p1f3,tx,ssp585,0
MOHC_HadGEM3-GC31-LL_r1i1p1f3,dtr,historical,0
MOHC_HadGEM3-GC31-LL_r1i1p1f3,dtr,ssp119,0
MOHC_HadGEM3-GC31-LL_r1i1p1f3,dtr,ssp126,0
MOHC_HadGEM3-GC31-LL_r1i1p1f3,dtr,ssp245,0
MOHC_HadGEM3-GC31-LL_r1i1p1f3,dtr,ssp370,0
MOHC_HadGEM3-GC31-LL_r1i1p1f3,dtr,ssp585,0
MOHC_HadGEM3-GC31-LL_r1i1p1f3,hd,historical,0
MOHC_HadGEM3-GC31-LL_r1i1p1f3,hd,ssp119,0
MOHC_HadGEM3-GC31-LL_r1i1p1f3,hd,ssp126,0
MOHC_HadGEM3-GC31-LL_r1i1p1f3,hd,ssp245,0
MOHC_HadGEM3-GC31-LL_r1i1p1f3,hd,ssp370,0
MOHC_HadGEM3-GC31-LL_r1i1p1f3,hd,ssp585,0
MOHC_HadGEM3-GC31-LL_r1i1p1f3,cd,historical,0
MOHC_HadGEM3-GC31-LL_r1i1p1f3,cd,ssp119,0
MOHC_HadGEM3-GC31-LL_r1i1p1f3,cd,ssp126,0
MOHC_HadGEM3-GC31-LL_r1i1p1f3,cd,ssp245,0
MOHC_HadGEM3-GC31-LL_r1i1p1f3,cd,ssp370,0
MOHC_HadGEM3-GC31-LL_r1i1p1f3,cd,ssp585,0
MOHC_HadGEM3-GC31-LL_r1i1p1f3,r,historical,1
MOHC_HadGEM3-GC31-LL_r1i1p1f3,r,ssp119,0
MOHC_HadGEM3-GC31-LL_r1i1p1f3,r,ssp126,1
MOHC_HadGEM3-GC31-LL_r1i1p1f3,r,ssp245,1
MOHC_HadGEM3-GC31-LL_r1i1p1f3,r,ssp370,0
MOHC_HadGEM3-GC31-LL_r1i1p1f3,r,ssp585,1
MOHC_HadGEM3-GC31-LL_r1i1p1f3,spei6,historical,0
MOHC_HadGEM3-GC31-LL_r1i1p1f3,spei6,ssp119,0
MOHC_HadGEM3-GC31-LL_r1i1p1f3,spei6,ssp126,0
MOHC_HadGEM3-GC31-LL_r1i1p1f3,spei6,ssp245,0
MOHC_HadGEM3-GC31-LL_r1i1p1f3,spei6,ssp370,0
MOHC_HadGEM3-GC31-LL_r1i1p1f3,spei6,ssp585,0
MOHC_HadGEM3-GC31-LL_r1i1p1f3,pet,historical,0
MOHC_HadGEM3-GC31-LL_r1i1p1f3,pet,ssp119,0
MOHC_HadGEM3-GC31-LL_r1i1p1f3,pet,ssp126,0
MOHC_HadGEM3-GC31-LL_r1i1p1f3,pet,ssp245,0
MOHC_HadGEM3-GC31-LL_r1i1p1f3,pet,ssp370,0
MOHC_HadGEM3-GC31-LL_r1i1p1f3,pet,ssp585,0
MOHC_HadGEM3-GC31-LL_r1i1p1f3,huss,historical,1
MOHC_HadGEM3-GC31-LL_r1i1p1f3,huss,ssp119,0
MOHC_HadGEM3-GC31-LL_r1i1p1f3,huss,ssp126,1
MOHC_HadGEM3-GC31-LL_r1i1p1f3,huss,ssp245,1
MOHC_HadGEM3-GC31-LL_r1i1p1f3,huss,ssp370,0
MOHC_HadGEM3-GC31-LL_r1i1p1f3,huss,ssp585,1
MOHC_HadGEM3-GC31-LL_r1i1p1f3,evspsbl,historical,1
MOHC_HadGEM3-GC31-LL_r1i1p1f3,evspsbl,ssp119,0
MOHC_HadGEM3-GC31-LL_r1i1p1f3,evspsbl,ssp126,1
MOHC_HadGEM3-GC31-LL_r1i1p1f3,evspsbl,ssp245,1
MOHC_HadGEM3-GC31-LL_r1i1p1f3,evspsbl,ssp370,0
MOHC_HadGEM3-GC31-LL_r1i1p1f3,evspsbl,ssp585,1
MOHC_HadGEM3-GC31-LL_r1i1p1f3,mrsos,historical,0
MOHC_HadGEM3-GC31-LL_r1i1p1f3,mrsos,ssp119,0
MOHC_HadGEM3-GC31-LL_r1i1p1f3,mrsos,ssp126,0
MOHC_HadGEM3-GC31-LL_r1i1p1f3,mrsos,ssp245,0
MOHC_HadGEM3-GC31-LL_r1i1p1f3,mrsos,ssp370,0
MOHC_HadGEM3-GC31-LL_r1i1p1f3,mrsos,ssp585,0
MOHC_HadGEM3-GC31-LL_r1i1p1f3,mrro,historical,1
MOHC_HadGEM3-GC31-LL_r1i1p1f3,mrro,ssp119,0
MOHC_HadGEM3-GC31-LL_r1i1p1f3,mrro,ssp126,1
MOHC_HadGEM3-GC31-LL_r1i1p1f3,mrro,ssp245,1
MOHC_HadGEM3-GC31-LL_r1i1p1f3,mrro,ssp370,0
MOHC_HadGEM3-GC31-LL_r1i1p1f3,mrro,ssp585,1
MOHC_HadGEM3-GC31-LL_r1i1p1f3,prsn,historical,1
MOHC_HadGEM3-GC31-LL_r1i1p1f3,prsn,ssp119,0
MOHC_HadGEM3-GC31-LL_r1i1p1f3,prsn,ssp126,1
MOHC_HadGEM3-GC31-LL_r1i1p1f3,prsn,ssp245,1
MOHC_HadGEM3-GC31-LL_r1i1p1f3,prsn,ssp370,0
MOHC_HadGEM3-GC31-LL_r1i1p1f3,prsn,ssp585,1
MOHC_HadGEM3-GC31-LL_r1i1p1f3,siconc,historical,1
MOHC_HadGEM3-GC31-LL_r1i1p1f3,siconc,ssp119,0
MOHC_HadGEM3-GC31-LL_r1i1p1f3,siconc,ssp126,1
MOHC_HadGEM3-GC31-LL_r1i1p1f3,siconc,ssp245,1
MOHC_HadGEM3-GC31-LL_r1i1p1f3,siconc,ssp370,0
MOHC_HadGEM3-GC31-LL_r1i1p1f3,siconc,ssp585,1
MOHC_HadGEM3-GC31-LL_r1i1p1f3,sfcwind,historical,1
MOHC_HadGEM3-GC31-LL_r1i1p1f3,sfcwind,ssp119,0
MOHC_HadGEM3-GC31-LL_r1i1p1f3,sfcwind,ssp126,1
MOHC_HadGEM3-GC31-LL_r1i1p1f3,sfcwind,ssp245,1
MOHC_HadGEM3-GC31-LL_r1i1p1f3,sfcwind,ssp370,0
MOHC_HadGEM3-GC31-LL_r1i1p1f3,sfcwind,ssp585,1
MOHC_HadGEM3-GC31-LL_r1i1p1f3,clt,historical,1
MOHC_HadGEM3-GC31-LL_r1i1p1f3,clt,ssp119,0
MOHC_HadGEM3-GC31-LL_r1i1p1f3,clt,ssp126,1
MOHC_HadGEM3-GC31-LL_r1i1p1f3,clt,ssp245,1
MOHC_HadGEM3-GC31-LL_r1i1p1f3,clt,ssp370,0
MOHC_HadGEM3-GC31-LL_r1i1p1f3,clt,ssp585,1
MOHC_HadGEM3-GC31-LL_r1i1p1f3,rsds,historical,1
MOHC_HadGEM3-GC31-LL_r1i1p1f3,rsds,ssp119,0
MOHC_HadGEM3-GC31-LL_r1i1p1f3,rsds,ssp126,1
MOHC_HadGEM3-GC31-LL_r1i1p1f3,rsds,ssp245,1
MOHC_HadGEM3-GC31-LL_r1i1p1f3,rsds,ssp370,0
MOHC_HadGEM3-GC31-LL_r1i1p1f3,rsds,ssp585,1
MOHC_HadGEM3-GC31-LL_r1i1p1f3,rlds,historical,1
MOHC_HadGEM3-GC31-LL_r1i1p1f3,rlds,ssp119,0
MOHC_HadGEM3-GC31-LL_r1i1p1f3,rlds,ssp126,1
MOHC_HadGEM3-GC31-LL_r1i1p1f3,rlds,ssp245,1
MOHC_HadGEM3-GC31-LL_r1i1p1f3,rlds,ssp370,0
MOHC_HadGEM3-GC31-LL_r1i1p1f3,rlds,ssp585,1
MOHC_HadGEM3-GC31-LL_r1i1p1f3,sst,historical,1
MOHC_HadGEM3-GC31-LL_r1i1p1f3,sst,ssp119,0
MOHC_HadGEM3-GC31-LL_r1i1p1f3,sst,ssp126,1
MOHC_HadGEM3-GC31-LL_r1i1p1f3,sst,ssp245,1
MOHC_HadGEM3-GC31-LL_r1i1p1f3,sst,ssp370,0
MOHC_HadGEM3-GC31-LL_r1i1p1f3,sst,ssp585,1
MOHC_HadGEM3-GC31-LL_r1i1p1f3,psl,historical,1
MOHC_HadGEM3-GC31-LL_r1i1p1f3,psl,ssp119,0
MOHC_HadGEM3-GC31-LL_r1i1p1f3,psl,ssp126,1
MOHC_HadGEM3-GC31-LL_r1i1p1f3,psl,ssp245,1
MOHC_HadGEM3-GC31-LL_r1i1p1f3,psl,ssp370,0
MOHC_HadGEM3-GC31-LL_r1i1p1f3,psl,ssp585,1
MOHC_HadGEM3-GC31-MM_r1i1p1f3,t,historical,1
MOHC_HadGEM3-GC31-MM_r1i1p1f3,t,ssp119,0
MOHC_HadGEM3-GC31-MM_r1i1p1f3,t,ssp126,1
MOHC_HadGEM3-GC31-MM_r1i1p1f3,t,ssp245,0
MOHC_HadGEM3-GC31-MM_r1i1p1f3,t,ssp370,0
MOHC_HadGEM3-GC31-MM_r1i1p1f3,t,ssp585,1
MOHC_HadGEM3-GC31-MM_r1i1p1f3,tn,historical,1
MOHC_HadGEM3-GC31-MM_r1i1p1f3,tn,ssp119,0
MOHC_HadGEM3-GC31-MM_r1i1p1f3,tn,ssp126,1
MOHC_HadGEM3-GC31-MM_r1i1p1f3,tn,ssp245,0
MOHC_HadGEM3-GC31-MM_r1i1p1f3,tn,ssp370,0
MOHC_HadGEM3-GC31-MM_r1i1p1f3,tn,ssp585,1
MOHC_HadGEM3-GC31-MM_r1i1p1f3,tx,historical,0
MOHC_HadGEM3-GC31-MM_r1i1p1f3,tx,ssp119,0
MOHC_HadGEM3-GC31-MM_r1i1p1f3,tx,ssp126,0
MOHC_HadGEM3-GC31-MM_r1i1p1f3,tx,ssp245,0
MOHC_HadGEM3-GC31-MM_r1i1p1f3,tx,ssp370,0
MOHC_HadGEM3-GC31-MM_r1i1p1f3,tx,ssp585,0
MOHC_HadGEM3-GC31-MM_r1i1p1f3,dtr,historical,0
MOHC_HadGEM3-GC31-MM_r1i1p1f3,dtr,ssp119,0
MOHC_HadGEM3-GC31-MM_r1i1p1f3,dtr,ssp126,0
MOHC_HadGEM3-GC31-MM_r1i1p1f3,dtr,ssp245,0
MOHC_HadGEM3-GC31-MM_r1i1p1f3,dtr,ssp370,0
MOHC_HadGEM3-GC31-MM_r1i1p1f3,dtr,ssp585,0
MOHC_HadGEM3-GC31-MM_r1i1p1f3,hd,historical,0
MOHC_HadGEM3-GC31-MM_r1i1p1f3,hd,ssp119,0
MOHC_HadGEM3-GC31-MM_r1i1p1f3,hd,ssp126,0
MOHC_HadGEM3-GC31-MM_r1i1p1f3,hd,ssp245,0
MOHC_HadGEM3-GC31-MM_r1i1p1f3,hd,ssp370,0
MOHC_HadGEM3-GC31-MM_r1i1p1f3,hd,ssp585,0
MOHC_HadGEM3-GC31-MM_r1i1p1f3,cd,historical,0
MOHC_HadGEM3-GC31-MM_r1i1p1f3,cd,ssp119,0
MOHC_HadGEM3-GC31-MM_r1i1p1f3,cd,ssp126,0
MOHC_HadGEM3-GC31-MM_r1i1p1f3,cd,ssp245,0
MOHC_HadGEM3-GC31-MM_r1i1p1f3,cd,ssp370,0
MOHC_HadGEM3-GC31-MM_r1i1p1f3,cd,ssp585,0
MOHC_HadGEM3-GC31-MM_r1i1p1f3,r,historical,1
MOHC_HadGEM3-GC31-MM_r1i1p1f3,r,ssp119,0
MOHC_HadGEM3-GC31-MM_r1i1p1f3,r,ssp126,1
MOHC_HadGEM3-GC31-MM_r1i1p1f3,r,ssp245,0
MOHC_HadGEM3-GC31-MM_r1i1p1f3,r,ssp370,0
MOHC_HadGEM3-GC31-MM_r1i1p1f3,r,ssp585,1
MOHC_HadGEM3-GC31-MM_r1i1p1f3,spei6,historical,0
MOHC_HadGEM3-GC31-MM_r1i1p1f3,spei6,ssp119,0
MOHC_HadGEM3-GC31-MM_r1i1p1f3,spei6,ssp126,0
MOHC_HadGEM3-GC31-MM_r1i1p1f3,spei6,ssp245,0
MOHC_HadGEM3-GC31-MM_r1i1p1f3,spei6,ssp370,0
MOHC_HadGEM3-GC31-MM_r1i1p1f3,spei6,ssp585,0
MOHC_HadGEM3-GC31-MM_r1i1p1f3,pet,historical,0
MOHC_HadGEM3-GC31-MM_r1i1p1f3,pet,ssp119,0
MOHC_HadGEM3-GC31-MM_r1i1p1f3,pet,ssp126,0
MOHC_HadGEM3-GC31-MM_r1i1p1f3,pet,ssp245,0
MOHC_HadGEM3-GC31-MM_r1i1p1f3,pet,ssp370,0
MOHC_HadGEM3-GC31-MM_r1i1p1f3,pet,ssp585,0
MOHC_HadGEM3-GC31-MM_r1i1p1f3,huss,historical,1
MOHC_HadGEM3-GC31-MM_r1i1p1f3,huss,ssp119,0
MOHC_HadGEM3-GC31-MM_r1i1p1f3,huss,ssp126,1
MOHC_HadGEM3-GC31-MM_r1i1p1f3,huss,ssp245,0
MOHC_HadGEM3-GC31-MM_r1i1p1f3,huss,ssp370,0
MOHC_HadGEM3-GC31-MM_r1i1p1f3,huss,ssp585,1
MOHC_HadGEM3-GC31-MM_r1i1p1f3,evspsbl,historical,1
MOHC_HadGEM3-GC31-MM_r1i1p1f3,evspsbl,ssp119,0
MOHC_HadGEM3-GC31-MM_r1i1p1f3,evspsbl,ssp126,1
MOHC_HadGEM3-GC31-MM_r1i1p1f3,evspsbl,ssp245,0
MOHC_HadGEM3-GC31-MM_r1i1p1f3,evspsbl,ssp370,0
MOHC_HadGEM3-GC31-MM_r1i1p1f3,evspsbl,ssp585,1
MOHC_HadGEM3-GC31-MM_r1i1p1f3,mrsos,historical,0
MOHC_HadGEM3-GC31-MM_r1i1p1f3,mrsos,ssp119,0
MOHC_HadGEM3-GC31-MM_r1i1p1f3,mrsos,ssp126,0
MOHC_HadGEM3-GC31-MM_r1i1p1f3,mrsos,ssp245,0
MOHC_HadGEM3-GC31-MM_r1i1p1f3,mrsos,ssp370,0
MOHC_HadGEM3-GC31-MM_r1i1p1f3,mrsos,ssp585,0
MOHC_HadGEM3-GC31-MM_r1i1p1f3,mrro,historical,1
MOHC_HadGEM3-GC31-MM_r1i1p1f3,mrro,ssp119,0
MOHC_HadGEM3-GC31-MM_r1i1p1f3,mrro,ssp126,1
MOHC_HadGEM3-GC31-MM_r1i1p1f3,mrro,ssp245,0
MOHC_HadGEM3-GC31-MM_r1i1p1f3,mrro,ssp370,0
MOHC_HadGEM3-GC31-MM_r1i1p1f3,mrro,ssp585,1
MOHC_HadGEM3-GC31-MM_r1i1p1f3,prsn,historical,1
MOHC_HadGEM3-GC31-MM_r1i1p1f3,prsn,ssp119,0
MOHC_HadGEM3-GC31-MM_r1i1p1f3,prsn,ssp126,1
MOHC_HadGEM3-GC31-MM_r1i1p1f3,prsn,ssp245,0
MOHC_HadGEM3-GC31-MM_r1i1p1f3,prsn,ssp370,0
MOHC_HadGEM3-GC31-MM_r1i1p1f3,prsn,ssp585,1
MOHC_HadGEM3-GC31-MM_r1i1p1f3,siconc,historical,1
MOHC_HadGEM3-GC31-MM_r1i1p1f3,siconc,ssp119,0
MOHC_HadGEM3-GC31-MM_r1i1p1f3,siconc,ssp126,1
MOHC_HadGEM3-GC31-MM_r1i1p1f3,siconc,ssp245,0
MOHC_HadGEM3-GC31-MM_r1i1p1f3,siconc,ssp370,0
MOHC_HadGEM3-GC31-MM_r1i1p1f3,siconc,ssp585,1
MOHC_HadGEM3-GC31-MM_r1i1p1f3,sfcwind,historical,1
MOHC_HadGEM3-GC31-MM_r1i1p1f3,sfcwind,ssp119,0
MOHC_HadGEM3-GC31-MM_r1i1p1f3,sfcwind,ssp126,1
MOHC_HadGEM3-GC31-MM_r1i1p1f3,sfcwind,ssp245,0
MOHC_HadGEM3-GC31-MM_r1i1p1f3,sfcwind,ssp370,0
MOHC_HadGEM3-GC31-MM_r1i1p1f3,sfcwind,ssp585,1
MOHC_HadGEM3-GC31-MM_r1i1p1f3,clt,historical,1
MOHC_HadGEM3-GC31-MM_r1i1p1f3,clt,ssp119,0
MOHC_HadGEM3-GC31-MM_r1i1p1f3,clt,ssp126,1
MOHC_HadGEM3-GC31-MM_r1i1p1f3,clt,ssp245,0
MOHC_HadGEM3-GC31-MM_r1i1p1f3,clt,ssp370,0
MOHC_HadGEM3-GC31-MM_r1i1p1f3,clt,ssp585,1
MOHC_HadGEM3-GC31-MM_r1i1p1f3,rsds,historical,1
MOHC_HadGEM3-GC31-MM_r1i1p1f3,rsds,ssp119,0
MOHC_HadGEM3-GC31-MM_r1i1p1f3,rsds,ssp126,1
MOHC_HadGEM3-GC31-MM_r1i1p1f3,rsds,ssp245,0
MOHC_HadGEM3-GC31-MM_r1i1p1f3,rsds,ssp370,0
MOHC_HadGEM3-GC31-MM_r1i1p1f3,rsds,ssp585,1
MOHC_HadGEM3-GC31-MM_r1i1p1f3,rlds,historical,1
MOHC_HadGEM3-GC31-MM_r1i1p1f3,rlds,ssp119,0
MOHC_HadGEM3-GC31-MM_r1i1p1f3,rlds,ssp126,1
MOHC_HadGEM3-GC31-MM_r1i1p1f3,rlds,ssp245,0
MOHC_HadGEM3-GC31-MM_r1i1p1f3,rlds,ssp370,0
MOHC_HadGEM3-GC31-MM_r1i1p1f3,rlds,ssp585,1
MOHC_HadGEM3-GC31-MM_r1i1p1f3,sst,historical,1
MOHC_HadGEM3-GC31-MM_r1i1p1f3,sst,ssp119,0
MOHC_HadGEM3-GC31-MM_r1i1p1f3,sst,ssp126,1
MOHC_HadGEM3-GC31-MM_r1i1p1f3,sst,ssp245,0
MOHC_HadGEM3-GC31-MM_r1i1p1f3,sst,ssp370,0
MOHC_HadGEM3-GC31-MM_r1i1p1f3,sst,ssp585,1
MOHC_HadGEM3-GC31-MM_r1i1p1f3,psl,historical,1
MOHC_HadGEM3-GC31-MM_r1i1p1f3,psl,ssp119,0
MOHC_HadGEM3-GC31-MM_r1i1p1f3,psl,ssp126,1
MOHC_HadGEM3-GC31-MM_r1i1p1f3,psl,ssp245,0
MOHC_HadGEM3-GC31-MM_r1i1p1f3,psl,ssp370,0
MOHC_HadGEM3-GC31-MM_r1i1p1f3,psl,ssp585,1
MOHC_UKESM1-0-LL_r1i1p1f2,t,historical,1
MOHC_UKESM1-0-LL_r1i1p1f2,t,ssp119,1
MOHC_UKESM1-0-LL_r1i1p1f2,t,ssp126,1
MOHC_UKESM1-0-LL_r1i1p1f2,t,ssp245,1
MOHC_UKESM1-0-LL_r1i1p1f2,t,ssp370,1
MOHC_UKESM1-0-LL_r1i1p1f2,t,ssp585,1
MOHC_UKESM1-0-LL_r1i1p1f2,tn,historical,1
MOHC_UKESM1-0-LL_r1i1p1f2,tn,ssp119,1
MOHC_UKESM1-0-LL_r1i1p1f2,tn,ssp126,1
MOHC_UKESM1-0-LL_r1i1p1f2,tn,ssp245,1
MOHC_UKESM1-0-LL_r1i1p1f2,tn,ssp370,1
MOHC_UKESM1-0-LL_r1i1p1f2,tn,ssp585,1
MOHC_UKESM1-0-LL_r1i1p1f2,tx,historical,0
MOHC_UKESM1-0-LL_r1i1p1f2,tx,ssp119,0
MOHC_UKESM1-0-LL_r1i1p1f2,tx,ssp126,0
MOHC_UKESM1-0-LL_r1i1p1f2,tx,ssp245,0
MOHC_UKESM1-0-LL_r1i1p1f2,tx,ssp370,0
MOHC_UKESM1-0-LL_r1i1p1f2,tx,ssp585,0
MOHC_UKESM1-0-LL_r1i1p1f2,dtr,historical,0
MOHC_UKESM1-0-LL_r1i1p1f2,dtr,ssp119,0
MOHC_UKESM1-0-LL_r1i1p1f2,dtr,ssp126,0
MOHC_UKESM1-0-LL_r1i1p1f2,dtr,ssp245,0
MOHC_UKESM1-0-LL_r1i1p1f2,dtr,ssp370,0
MOHC_UKESM1-0-LL_r1i1p1f2,dtr,ssp585,0
MOHC_UKESM1-0-LL_r1i1p1f2,hd,historical,0
MOHC_UKESM1-0-LL_r1i1p1f2,hd,ssp119,0
MOHC_UKESM1-0-LL_r1i1p1f2,hd,ssp126,0
MOHC_UKESM1-0-LL_r1i1p1f2,hd,ssp245,0
MOHC_UKESM1-0-LL_r1i1p1f2,hd,ssp370,0
MOHC_UKESM1-0-LL_r1i1p1f2,hd,ssp585,0
MOHC_UKESM1-0-LL_r1i1p1f2,cd,historical,0
MOHC_UKESM1-0-LL_r1i1p1f2,cd,ssp119,0
MOHC_UKESM1-0-LL_r1i1p1f2,cd,ssp126,0
MOHC_UKESM1-0-LL_r1i1p1f2,cd,ssp245,0
MOHC_UKESM1-0-LL_r1i1p1f2,cd,ssp370,0
MOHC_UKESM1-0-LL_r1i1p1f2,cd,ssp585,0
MOHC_UKESM1-0-LL_r1i1p1f2,r,historical,1
MOHC_UKESM1-0-LL_r1i1p1f2,r,ssp119,1
MOHC_UKESM1-0-LL_r1i1p1f2,r,ssp126,1
MOHC_UKESM1-0-LL_r1i1p1f2,r,ssp245,1
MOHC_UKESM1-0-LL_r1i1p1f2,r,ssp370,1
MOHC_UKESM1-0-LL_r1i1p1f2,r,ssp585,1
MOHC_UKESM1-0-LL_r1i1p1f2,spei6,historical,0
MOHC_UKESM1-0-LL_r1i1p1f2,spei6,ssp119,0
MOHC_UKESM1-0-LL_r1i1p1f2,spei6,ssp126,0
MOHC_UKESM1-0-LL_r1i1p1f2,spei6,ssp245,0
MOHC_UKESM1-0-LL_r1i1p1f2,spei6,ssp370,0
MOHC_UKESM1-0-LL_r1i1p1f2,spei6,ssp585,0
MOHC_UKESM1-0-LL_r1i1p1f2,pet,historical,0
MOHC_UKESM1-0-LL_r1i1p1f2,pet,ssp119,0
MOHC_UKESM1-0-LL_r1i1p1f2,pet,ssp126,0
MOHC_UKESM1-0-LL_r1i1p1f2,pet,ssp245,0
MOHC_UKESM1-0-LL_r1i1p1f2,pet,ssp370,0
MOHC_UKESM1-0-LL_r1i1p1f2,pet,ssp585,0
MOHC_UKESM1-0-LL_r1i1p1f2,huss,historical,1
MOHC_UKESM1-0-LL_r1i1p1f2,huss,ssp119,1
MOHC_UKESM1-0-LL_r1i1p1f2,huss,ssp126,1
MOHC_UKESM1-0-LL_r1i1p1f2,huss,ssp245,1
MOHC_UKESM1-0-LL_r1i1p1f2,huss,ssp370,1
MOHC_UKESM1-0-LL_r1i1p1f2,huss,ssp585,1
MOHC_UKESM1-0-LL_r1i1p1f2,evspsbl,historical,1
MOHC_UKESM1-0-LL_r1i1p1f2,evspsbl,ssp119,1
MOHC_UKESM1-0-LL_r1i1p1f2,evspsbl,ssp126,1
MOHC_UKESM1-0-LL_r1i1p1f2,evspsbl,ssp245,1
MOHC_UKESM1-0-LL_r1i1p1f2,evspsbl,ssp370,1
MOHC_UKESM1-0-LL_r1i1p1f2,evspsbl,ssp585,1
MOHC_UKESM1-0-LL_r1i1p1f2,mrsos,historical,1
MOHC_UKESM1-0-LL_r1i1p1f2,mrsos,ssp119,1
MOHC_UKESM1-0-LL_r1i1p1f2,mrsos,ssp126,1
MOHC_UKESM1-0-LL_r1i1p1f2,mrsos,ssp245,1
MOHC_UKESM1-0-LL_r1i1p1f2,mrsos,ssp370,1
MOHC_UKESM1-0-LL_r1i1p1f2,mrsos,ssp585,1
MOHC_UKESM1-0-LL_r1i1p1f2,mrro,historical,1
MOHC_UKESM1-0-LL_r1i1p1f2,mrro,ssp119,0
MOHC_UKESM1-0-LL_r1i1p1f2,mrro,ssp126,1
MOHC_UKESM1-0-LL_r1i1p1f2,mrro,ssp245,1
MOHC_UKESM1-0-LL_r1i1p1f2,mrro,ssp370,1
MOHC_UKESM1-0-LL_r1i1p1f2,mrro,ssp585,1
MOHC_UKESM1-0-LL_r1i1p1f2,prsn,historical,1
MOHC_UKESM1-0-LL_r1i1p1f2,prsn,ssp119,1
MOHC_UKESM1-0-LL_r1i1p1f2,prsn,ssp126,1
MOHC_UKESM1-0-LL_r1i1p1f2,prsn,ssp245,1
MOHC_UKESM1-0-LL_r1i1p1f2,prsn,ssp370,1
MOHC_UKESM1-0-LL_r1i1p1f2,prsn,ssp585,1
MOHC_UKESM1-0-LL_r1i1p1f2,siconc,historical,1
MOHC_UKESM1-0-LL_r1i1p1f2,siconc,ssp119,1
MOHC_UKESM1-0-LL_r1i1p1f2,siconc,ssp126,1
MOHC_UKESM1-0-LL_r1i1p1f2,siconc,ssp245,1
MOHC_UKESM1-0-LL_r1i1p1f2,siconc,ssp370,1
MOHC_UKESM1-0-LL_r1i1p1f2,siconc,ssp585,1
MOHC_UKESM1-0-LL_r1i1p1f2,sfcwind,historical,1
MOHC_UKESM1-0-LL_r1i1p1f2,sfcwind,ssp119,1
MOHC_UKESM1-0-LL_r1i1p1f2,sfcwind,ssp126,1
MOHC_UKESM1-0-LL_r1i1p1f2,sfcwind,ssp245,1
MOHC_UKESM1-0-LL_r1i1p1f2,sfcwind,ssp370,1
MOHC_UKESM1-0-LL_r1i1p1f2,sfcwind,ssp585,1
MOHC_UKESM1-0-LL_r1i1p1f2,clt,historical,1
MOHC_UKESM1-0-LL_r1i1p1f2,clt,ssp119,1
MOHC_UKESM1-0-LL_r1i1p1f2,clt,ssp126,1
MOHC_UKESM1-0-LL_r1i1p1f2,clt,ssp245,1
MOHC_UKESM1-0-LL_r1i1p1f2,clt,ssp370,1
MOHC_UKESM1-0-LL_r1i1p1f2,clt,ssp585,1
MOHC_UKESM1-0-LL_r1i1p1f2,rsds,historical,1
MOHC_UKESM1-0-LL_r1i1p1f2,rsds,ssp119,1
MOHC_UKESM1-0-LL_r1i1p1f2,rsds,ssp126,1
MOHC_UKESM1-0-LL_r1i1p1f2,rsds,ssp245,1
MOHC_UKESM1-0-LL_r1i1p1f2,rsds,ssp370,1
MOHC_UKESM1-0-LL_r1i1p1f2,rsds,ssp585,1
MOHC_UKESM1-0-LL_r1i1p1f2,rlds,historical,1
MOHC_UKESM1-0-LL_r1i1p1f2,rlds,ssp119,1
MOHC_UKESM1-0-LL_r1i1p1f2,rlds,ssp126,1
MOHC_UKESM1-0-LL_r1i1p1f2,rlds,ssp245,1
MOHC_UKESM1-0-LL_r1i1p1f2,rlds,ssp370,1
MOHC_UKESM1-0-LL_r1i1p1f2,rlds,ssp585,1
MOHC_UKESM1-0-LL_r1i1p1f2,sst,historical,1
MOHC_UKESM1-0-LL_r1i1p1f2,sst,ssp119,1
MOHC_UKESM1-0-LL_r1i1p1f2,sst,ssp126,1
MOHC_UKESM1-0-LL_r1i1p1f2,sst,ssp245,1
MOHC_UKESM1-0-LL_r1i1p1f2,sst,ssp370,1
MOHC_UKESM1-0-LL_r1i1p1f2,sst,ssp585,1
MOHC_UKESM1-0-LL_r1i1p1f2,psl,historical,1
MOHC_UKESM1-0-LL_r1i1p1f2,psl,ssp119,1
MOHC_UKESM1-0-LL_r1i1p1f2,psl,ssp126,1
MOHC_UKESM1-0-LL_r1i1p1f2,psl,ssp245,1
MOHC_UKESM1-0-LL_r1i1p1f2,psl,ssp370,1
MOHC_UKESM1-0-LL_r1i1p1f2,psl,ssp585,1
MPI-M_MPI-ESM1-2-LR_r1i1p1f1,t,historical,1
MPI-M_MPI-ESM1-2-LR_r1i1p1f1,t,ssp119,0
MPI-M_MPI-ESM1-2-LR_r1i1p1f1,t,ssp126,1
MPI-M_MPI-ESM1-2-LR_r1i1p1f1,t,ssp245,1
MPI-M_MPI-ESM1-2-LR_r1i1p1f1,t,ssp370,1
MPI-M_MPI-ESM1-2-LR_r1i1p1f1,t,ssp585,1
MPI-M_MPI-ESM1-2-LR_r1i1p1f1,tn,historical,1
MPI-M_MPI-ESM1-2-LR_r1i1p1f1,tn,ssp119,0
MPI-M_MPI-ESM1-2-LR_r1i1p1f1,tn,ssp126,1
MPI-M_MPI-ESM1-2-LR_r1i1p1f1,tn,ssp245,1
MPI-M_MPI-ESM1-2-LR_r1i1p1f1,tn,ssp370,1
MPI-M_MPI-ESM1-2-LR_r1i1p1f1,tn,ssp585,1
MPI-M_MPI-ESM1-2-LR_r1i1p1f1,tx,historical,1
MPI-M_MPI-ESM1-2-LR_r1i1p1f1,tx,ssp119,0
MPI-M_MPI-ESM1-2-LR_r1i1p1f1,tx,ssp126,1
MPI-M_MPI-ESM1-2-LR_r1i1p1f1,tx,ssp245,1
MPI-M_MPI-ESM1-2-LR_r1i1p1f1,tx,ssp370,1
MPI-M_MPI-ESM1-2-LR_r1i1p1f1,tx,ssp585,1
MPI-M_MPI-ESM1-2-LR_r1i1p1f1,dtr,historical,1
MPI-M_MPI-ESM1-2-LR_r1i1p1f1,dtr,ssp119,0
MPI-M_MPI-ESM1-2-LR_r1i1p1f1,dtr,ssp126,1
MPI-M_MPI-ESM1-2-LR_r1i1p1f1,dtr,ssp245,1
MPI-M_MPI-ESM1-2-LR_r1i1p1f1,dtr,ssp370,1
MPI-M_MPI-ESM1-2-LR_r1i1p1f1,dtr,ssp585,1
MPI-M_MPI-ESM1-2-LR_r1i1p1f1,hd,historical,1
MPI-M_MPI-ESM1-2-LR_r1i1p1f1,hd,ssp119,0
MPI-M_MPI-ESM1-2-LR_r1i1p1f1,hd,ssp126,1
MPI-M_MPI-ESM1-2-LR_r1i1p1f1,hd,ssp245,1
MPI-M_MPI-ESM1-2-LR_r1i1p1f1,hd,ssp370,1
MPI-M_MPI-ESM1-2-LR_r1i1p1f1,hd,ssp585,1
MPI-M_MPI-ESM1-2-LR_r1i1p1f1,cd,historical,1
MPI-M_MPI-ESM1-2-LR_r1i1p1f1,cd,ssp119,0
MPI-M_MPI-ESM1-2-LR_r1i1p1f1,cd,ssp126,1
MPI-M_MPI-ESM1-2-LR_r1i1p1f1,cd,ssp245,1
MPI-M_MPI-ESM1-2-LR_r1i1p1f1,cd,ssp370,1
MPI-M_MPI-ESM1-2-LR_r1i1p1f1,cd,ssp585,1
MPI-M_MPI-ESM1-2-LR_r1i1p1f1,r,historical,1
MPI-M_MPI-ESM1-2-LR_r1i1p1f1,r,ssp119,0
MPI-M_MPI-ESM1-2-LR_r1i1p1f1,r,ssp126,1
MPI-M_MPI-ESM1-2-LR_r1i1p1f1,r,ssp245,1
MPI-M_MPI-ESM1-2-LR_r1i1p1f1,r,ssp370,1
MPI-M_MPI-ESM1-2-LR_r1i1p1f1,r,ssp585,1
MPI-M_MPI-ESM1-2-LR_r1i1p1f1,spei6,historical,1
MPI-M_MPI-ESM1-2-LR_r1i1p1f1,spei6,ssp119,0
MPI-M_MPI-ESM1-2-LR_r1i1p1f1,spei6,ssp126,1
MPI-M_MPI-ESM1-2-LR_r1i1p1f1,spei6,ssp245,1
MPI-M_MPI-ESM1-2-LR_r1i1p1f1,spei6,ssp370,1
MPI-M_MPI-ESM1-2-LR_r1i1p1f1,spei6,ssp585,1
MPI-M_MPI-ESM1-2-LR_r1i1p1f1,pet,historical,1
MPI-M_MPI-ESM1-2-LR_r1i1p1f1,pet,ssp119,0
MPI-M_MPI-ESM1-2-LR_r1i1p1f1,pet,ssp126,1
MPI-M_MPI-ESM1-2-LR_r1i1p1f1,pet,ssp245,1
MPI-M_MPI-ESM1-2-LR_r1i1p1f1,pet,ssp370,1
MPI-M_MPI-ESM1-2-LR_r1i1p1f1,pet,ssp585,1
MPI-M_MPI-ESM1-2-LR_r1i1p1f1,huss,historical,1
MPI-M_MPI-ESM1-2-LR_r1i1p1f1,huss,ssp119,0
MPI-M_MPI-ESM1-2-LR_r1i1p1f1,huss,ssp126,1
MPI-M_MPI-ESM1-2-LR_r1i1p1f1,huss,ssp245,1
MPI-M_MPI-ESM1-2-LR_r1i1p1f1,huss,ssp370,1
MPI-M_MPI-ESM1-2-LR_r1i1p1f1,huss,ssp585,1
MPI-M_MPI-ESM1-2-LR_r1i1p1f1,evspsbl,historical,1
MPI-M_MPI-ESM1-2-LR_r1i1p1f1,evspsbl,ssp119,0
MPI-M_MPI-ESM1-2-LR_r1i1p1f1,evspsbl,ssp126,1
MPI-M_MPI-ESM1-2-LR_r1i1p1f1,evspsbl,ssp245,1
MPI-M_MPI-ESM1-2-LR_r1i1p1f1,evspsbl,ssp370,1
MPI-M_MPI-ESM1-2-LR_r1i1p1f1,evspsbl,ssp585,1
MPI-M_MPI-ESM1-2-LR_r1i1p1f1,mrsos,historical,1
MPI-M_MPI-ESM1-2-LR_r1i1p1f1,mrsos,ssp119,0
MPI-M_MPI-ESM1-2-LR_r1i1p1f1,mrsos,ssp126,1
MPI-M_MPI-ESM1-2-LR_r1i1p1f1,mrsos,ssp245,1
MPI-M_MPI-ESM1-2-LR_r1i1p1f1,mrsos,ssp370,1
MPI-M_MPI-ESM1-2-LR_r1i1p1f1,mrsos,ssp585,1
MPI-M_MPI-ESM1-2-LR_r1i1p1f1,mrro,historical,1
MPI-M_MPI-ESM1-2-LR_r1i1p1f1,mrro,ssp119,0
MPI-M_MPI-ESM1-2-LR_r1i1p1f1,mrro,ssp126,1
MPI-M_MPI-ESM1-2-LR_r1i1p1f1,mrro,ssp245,1
MPI-M_MPI-ESM1-2-LR_r1i1p1f1,mrro,ssp370,1
MPI-M_MPI-ESM1-2-LR_r1i1p1f1,mrro,ssp585,1
MPI-M_MPI-ESM1-2-LR_r1i1p1f1,prsn,historical,1
MPI-M_MPI-ESM1-2-LR_r1i1p1f1,prsn,ssp119,0
MPI-M_MPI-ESM1-2-LR_r1i1p1f1,prsn,ssp126,1
MPI-M_MPI-ESM1-2-LR_r1i1p1f1,prsn,ssp245,1
MPI-M_MPI-ESM1-2-LR_r1i1p1f1,prsn,ssp370,1
MPI-M_MPI-ESM1-2-LR_r1i1p1f1,prsn,ssp585,1
MPI-M_MPI-ESM1-2-LR_r1i1p1f1,siconc,historical,1
MPI-M_MPI-ESM1-2-LR_r1i1p1f1,siconc,ssp119,0
MPI-M_MPI-ESM1-2-LR_r1i1p1f1,siconc,ssp126,1
MPI-M_MPI-ESM1-2-LR_r1i1p1f1,siconc,ssp245,1
MPI-M_MPI-ESM1-2-LR_r1i1p1f1,siconc,ssp370,1
MPI-M_MPI-ESM1-2-LR_r1i1p1f1,siconc,ssp585,1
MPI-M_MPI-ESM1-2-LR_r1i1p1f1,sfcwind,historical,1
MPI-M_MPI-ESM1-2-LR_r1i1p1f1,sfcwind,ssp119,0
MPI-M_MPI-ESM1-2-LR_r1i1p1f1,sfcwind,ssp126,1
MPI-M_MPI-ESM1-2-LR_r1i1p1f1,sfcwind,ssp245,1
MPI-M_MPI-ESM1-2-LR_r1i1p1f1,sfcwind,ssp370,1
MPI-M_MPI-ESM1-2-LR_r1i1p1f1,sfcwind,ssp585,1
MPI-M_MPI-ESM1-2-LR_r1i1p1f1,clt,historical,1
MPI-M_MPI-ESM1-2-LR_r1i1p1f1,clt,ssp119,0
MPI-M_MPI-ESM1-2-LR_r1i1p1f1,clt,ssp126,1
MPI-M_MPI-ESM1-2-LR_r1i1p1f1,clt,ssp245,1
MPI-M_MPI-ESM1-2-LR_r1i1p1f1,clt,ssp370,1
MPI-M_MPI-ESM1-2-LR_r1i1p1f1,clt,ssp585,1
MPI-M_MPI-ESM1-2-LR_r1i1p1f1,rsds,historical,1
MPI-M_MPI-ESM1-2-LR_r1i1p1f1,rsds,ssp119,0
MPI-M_MPI-ESM1-2-LR_r1i1p1f1,rsds,ssp126,1
MPI-M_MPI-ESM1-2-LR_r1i1p1f1,rsds,ssp245,1
MPI-M_MPI-ESM1-2-LR_r1i1p1f1,rsds,ssp370,1
MPI-M_MPI-ESM1-2-LR_r1i1p1f1,rsds,ssp585,1
MPI-M_MPI-ESM1-2-LR_r1i1p1f1,rlds,historical,1
MPI-M_MPI-ESM1-2-LR_r1i1p1f1,rlds,ssp119,0
MPI-M_MPI-ESM1-2-LR_r1i1p1f1,rlds,ssp126,1
MPI-M_MPI-ESM1-2-LR_r1i1p1f1,rlds,ssp245,1
MPI-M_MPI-ESM1-2-LR_r1i1p1f1,rlds,ssp370,1
MPI-M_MPI-ESM1-2-LR_r1i1p1f1,rlds,ssp585,1
MPI-M_MPI-ESM1-2-LR_r1i1p1f1,sst,historical,1
MPI-M_MPI-ESM1-2-LR_r1i1p1f1,sst,ssp119,0
MPI-M_MPI-ESM1-2-LR_r1i1p1f1,sst,ssp126,1
MPI-M_MPI-ESM1-2-LR_r1i1p1f1,sst,ssp245,1
MPI-M_MPI-ESM1-2-LR_r1i1p1f1,sst,ssp370,1
MPI-M_MPI-ESM1-2-LR_r1i1p1f1,sst,ssp585,1
MPI-M_MPI-ESM1-2-LR_r1i1p1f1,psl,historical,1
MPI-M_MPI-ESM1-2-LR_r1i1p1f1,psl,ssp119,0
MPI-M_MPI-ESM1-2-LR_r1i1p1f1,psl,ssp126,1
MPI-M_MPI-ESM1-2-LR_r1i1p1f1,psl,ssp245,1
MPI-M_MPI-ESM1-2-LR_r1i1p1f1,psl,ssp370,1
MPI-M_MPI-ESM1-2-LR_r1i1p1f1,psl,ssp585,1
MRI_MRI-ESM2-0_r1i1p1f1,t,historical,1
MRI_MRI-ESM2-0_r1i1p1f1,t,ssp119,1
MRI_MRI-ESM2-0_r1i1p1f1,t,ssp126,1
MRI_MRI-ESM2-0_r1i1p1f1,t,ssp245,1
MRI_MRI-ESM2-0_r1i1p1f1,t,ssp370,1
MRI_MRI-ESM2-0_r1i1p1f1,t,ssp585,1
MRI_MRI-ESM2-0_r1i1p1f1,tn,historical,1
MRI_MRI-ESM2-0_r1i1p1f1,tn,ssp119,1
MRI_MRI-ESM2-0_r1i1p1f1,tn,ssp126,1
MRI_MRI-ESM2-0_r1i1p1f1,tn,ssp245,1
MRI_MRI-ESM2-0_r1i1p1f1,tn,ssp370,1
MRI_MRI-ESM2-0_r1i1p1f1,tn,ssp585,1
MRI_MRI-ESM2-0_r1i1p1f1,tx,historical,1
MRI_MRI-ESM2-0_r1i1p1f1,tx,ssp119,1
MRI_MRI-ESM2-0_r1i1p1f1,tx,ssp126,1
MRI_MRI-ESM2-0_r1i1p1f1,tx,ssp245,1
MRI_MRI-ESM2-0_r1i1p1f1,tx,ssp370,1
MRI_MRI-ESM2-0_r1i1p1f1,tx,ssp585,1
MRI_MRI-ESM2-0_r1i1p1f1,dtr,historical,1
MRI_MRI-ESM2-0_r1i1p1f1,dtr,ssp119,1
MRI_MRI-ESM2-0_r1i1p1f1,dtr,ssp126,1
MRI_MRI-ESM2-0_r1i1p1f1,dtr,ssp245,1
MRI_MRI-ESM2-0_r1i1p1f1,dtr,ssp370,1
MRI_MRI-ESM2-0_r1i1p1f1,dtr,ssp585,1
MRI_MRI-ESM2-0_r1i1p1f1,hd,historical,1
MRI_MRI-ESM2-0_r1i1p1f1,hd,ssp119,1
MRI_MRI-ESM2-0_r1i1p1f1,hd,ssp126,1
MRI_MRI-ESM2-0_r1i1p1f1,hd,ssp245,1
MRI_MRI-ESM2-0_r1i1p1f1,hd,ssp370,1
MRI_MRI-ESM2-0_r1i1p1f1,hd,ssp585,1
MRI_MRI-ESM2-0_r1i1p1f1,cd,historical,1
MRI_MRI-ESM2-0_r1i1p1f1,cd,ssp119,1
MRI_MRI-ESM2-0_r1i1p1f1,cd,ssp126,1
MRI_MRI-ESM2-0_r1i1p1f1,cd,ssp245,1
MRI_MRI-ESM2-0_r1i1p1f1,cd,ssp370,1
MRI_MRI-ESM2-0_r1i1p1f1,cd,ssp585,1
MRI_MRI-ESM2-0_r1i1p1f1,r,historical,1
MRI_MRI-ESM2-0_r1i1p1f1,r,ssp119,1
MRI_MRI-ESM2-0_r1i1p1f1,r,ssp126,1
MRI_MRI-ESM2-0_r1i1p1f1,r,ssp245,1
MRI_MRI-ESM2-0_r1i1p1f1,r,ssp370,1
MRI_MRI-ESM2-0_r1i1p1f1,r,ssp585,1
MRI_MRI-ESM2-0_r1i1p1f1,spei6,historical,1
MRI_MRI-ESM2-0_r1i1p1f1,spei6,ssp119,1
MRI_MRI-ESM2-0_r1i1p1f1,spei6,ssp126,1
MRI_MRI-ESM2-0_r1i1p1f1,spei6,ssp245,1
MRI_MRI-ESM2-0_r1i1p1f1,spei6,ssp370,1
MRI_MRI-ESM2-0_r1i1p1f1,spei6,ssp585,1
MRI_MRI-ESM2-0_r1i1p1f1,pet,historical,1
MRI_MRI-ESM2-0_r1i1p1f1,pet,ssp119,1
MRI_MRI-ESM2-0_r1i1p1f1,pet,ssp126,1
MRI_MRI-ESM2-0_r1i1p1f1,pet,ssp245,1
MRI_MRI-ESM2-0_r1i1p1f1,pet,ssp370,1
MRI_MRI-ESM2-0_r1i1p1f1,pet,ssp585,1
MRI_MRI-ESM2-0_r1i1p1f1,huss,historical,1
MRI_MRI-ESM2-0_r1i1p1f1,huss,ssp119,1
MRI_MRI-ESM2-0_r1i1p1f1,huss,ssp126,1
MRI_MRI-ESM2-0_r1i1p1f1,huss,ssp245,1
MRI_MRI-ESM2-0_r1i1p1f1,huss,ssp370,1
MRI_MRI-ESM2-0_r1i1p1f1,huss,ssp585,1
MRI_MRI-ESM2-0_r1i1p1f1,evspsbl,historical,1
MRI_MRI-ESM2-0_r1i1p1f1,evspsbl,ssp119,1
MRI_MRI-ESM2-0_r1i1p1f1,evspsbl,ssp126,1
MRI_MRI-ESM2-0_r1i1p1f1,evspsbl,ssp245,1
MRI_MRI-ESM2-0_r1i1p1f1,evspsbl,ssp370,1
MRI_MRI-ESM2-0_r1i1p1f1,evspsbl,ssp585,1
MRI_MRI-ESM2-0_r1i1p1f1,mrsos,historical,1
MRI_MRI-ESM2-0_r1i1p1f1,mrsos,ssp119,1
MRI_MRI-ESM2-0_r1i1p1f1,mrsos,ssp126,1
MRI_MRI-ESM2-0_r1i1p1f1,mrsos,ssp245,1
MRI_MRI-ESM2-0_r1i1p1f1,mrsos,ssp370,1
MRI_MRI-ESM2-0_r1i1p1f1,mrsos,ssp585,1
MRI_MRI-ESM2-0_r1i1p1f1,mrro,historical,1
MRI_MRI-ESM2-0_r1i1p1f1,mrro,ssp119,1
MRI_MRI-ESM2-0_r1i1p1f1,mrro,ssp126,1
MRI_MRI-ESM2-0_r1i1p1f1,mrro,ssp245,1
MRI_MRI-ESM2-0_r1i1p1f1,mrro,ssp370,1
MRI_MRI-ESM2-0_r1i1p1f1,mrro,ssp585,1
MRI_MRI-ESM2-0_r1i1p1f1,prsn,historical,1
MRI_MRI-ESM2-0_r1i1p1f1,prsn,ssp119,1
MRI_MRI-ESM2-0_r1i1p1f1,prsn,ssp126,1
MRI_MRI-ESM2-0_r1i1p1f1,prsn,ssp245,1
MRI_MRI-ESM2-0_r1i1p1f1,prsn,ssp370,1
MRI_MRI-ESM2-0_r1i1p1f1,prsn,ssp585,1
MRI_MRI-ESM2-0_r1i1p1f1,siconc,historical,0
MRI_MRI-ESM2-0_r1i1p1f1,siconc,ssp119,0
MRI_MRI-ESM2-0_r1i1p1f1,siconc,ssp126,0
MRI_MRI-ESM2-0_r1i1p1f1,siconc,ssp245,0
MRI_MRI-ESM2-0_r1i1p1f1,siconc,ssp370,0
MRI_MRI-ESM2-0_r1i1p1f1,siconc,ssp585,0
MRI_MRI-ESM2-0_r1i1p1f1,sfcwind,historical,1
MRI_MRI-ESM2-0_r1i1p1f1,sfcwind,ssp119,1
MRI_MRI-ESM2-0_r1i1p1f1,sfcwind,ssp126,1
MRI_MRI-ESM2-0_r1i1p1f1,sfcwind,ssp245,1
MRI_MRI-ESM2-0_r1i1p1f1,sfcwind,ssp370,1
MRI_MRI-ESM2-0_r1i1p1f1,sfcwind,ssp585,1
MRI_MRI-ESM2-0_r1i1p1f1,clt,historical,1
MRI_MRI-ESM2-0_r1i1p1f1,clt,ssp119,1
MRI_MRI-ESM2-0_r1i1p1f1,clt,ssp126,1
MRI_MRI-ESM2-0_r1i1p1f1,clt,ssp245,1
MRI_MRI-ESM2-0_r1i1p1f1,clt,ssp370,1
MRI_MRI-ESM2-0_r1i1p1f1,clt,ssp585,1
MRI_MRI-ESM2-0_r1i1p1f1,rsds,historical,1
MRI_MRI-ESM2-0_r1i1p1f1,rsds,ssp119,1
MRI_MRI-ESM2-0_r1i1p1f1,rsds,ssp126,1
MRI_MRI-ESM2-0_r1i1p1f1,rsds,ssp245,1
MRI_MRI-ESM2-0_r1i1p1f1,rsds,ssp370,1
MRI_MRI-ESM2-0_r1i1p1f1,rsds,ssp585,1
MRI_MRI-ESM2-0_r1i1p1f1,rlds,historical,1
MRI_MRI-ESM2-0_r1i1p1f1,rlds,ssp119,1
MRI_MRI-ESM2-0_r1i1p1f1,rlds,ssp126,1
MRI_MRI-ESM2-0_r1i1p1f1,rlds,ssp245,1
MRI_MRI-ESM2-0_r1i1p1f1,rlds,ssp370,1
MRI_MRI-ESM2-0_r1i1p1f1,rlds,ssp585,1
MRI_MRI-ESM2-0_r1i1p1f1,sst,historical,1
MRI_MRI-ESM2-0_r1i1p1f1,sst,ssp119,1
MRI_MRI-ESM2-0_r1i1p1f1,sst,ssp126,1
MRI_MRI-ESM2-0_r1i1p1f1,sst,ssp245,1
MRI_MRI-ESM2-0_r1i1p1f1,sst,ssp370,1
MRI_MRI-ESM2-0_r1i1p1f1,sst,ssp585,0
MRI_MRI-ESM2-0_r1i1p1f1,psl,historical,1
MRI_MRI-ESM2-0_r1i1p1f1,psl,ssp119,1
MRI_MRI-ESM2-0_r1i1p1f1,psl,ssp126,1
MRI_MRI-ESM2-0_r1i1p1f1,psl,ssp245,1
MRI_MRI-ESM2-0_r1i1p1f1,psl,ssp370,1
MRI_MRI-ESM2-0_r1i1p1f1,psl,ssp585,1
NCAR_CESM2-WACCM_r1i1p1f1,t,historical,1
NCAR_CESM2-WACCM_r1i1p1f1,t,ssp119,0
NCAR_CESM2-WACCM_r1i1p1f1,t,ssp126,0
NCAR_CESM2-WACCM_r1i1p1f1,t,ssp245,0
NCAR_CESM2-WACCM_r1i1p1f1,t,ssp370,1
NCAR_CESM2-WACCM_r1i1p1f1,t,ssp585,1
NCAR_CESM2-WACCM_r1i1p1f1,tn,historical,0
NCAR_CESM2-WACCM_r1i1p1f1,tn,ssp119,0
NCAR_CESM2-WACCM_r1i1p1f1,tn,ssp126,0
NCAR_CESM2-WACCM_r1i1p1f1,tn,ssp245,0
NCAR_CESM2-WACCM_r1i1p1f1,tn,ssp370,0
NCAR_CESM2-WACCM_r1i1p1f1,tn,ssp585,0
NCAR_CESM2-WACCM_r1i1p1f1,tx,historical,0
NCAR_CESM2-WACCM_r1i1p1f1,tx,ssp119,0
NCAR_CESM2-WACCM_r1i1p1f1,tx,ssp126,0
NCAR_CESM2-WACCM_r1i1p1f1,tx,ssp245,0
NCAR_CESM2-WACCM_r1i1p1f1,tx,ssp370,0
NCAR_CESM2-WACCM_r1i1p1f1,tx,ssp585,0
NCAR_CESM2-WACCM_r1i1p1f1,dtr,historical,0
NCAR_CESM2-WACCM_r1i1p1f1,dtr,ssp119,0
NCAR_CESM2-WACCM_r1i1p1f1,dtr,ssp126,0
NCAR_CESM2-WACCM_r1i1p1f1,dtr,ssp245,0
NCAR_CESM2-WACCM_r1i1p1f1,dtr,ssp370,0
NCAR_CESM2-WACCM_r1i1p1f1,dtr,ssp585,0
NCAR_CESM2-WACCM_r1i1p1f1,hd,historical,0
NCAR_CESM2-WACCM_r1i1p1f1,hd,ssp119,0
NCAR_CESM2-WACCM_r1i1p1f1,hd,ssp126,0
NCAR_CESM2-WACCM_r1i1p1f1,hd,ssp245,0
NCAR_CESM2-WACCM_r1i1p1f1,hd,ssp370,0
NCAR_CESM2-WACCM_r1i1p1f1,hd,ssp585,0
NCAR_CESM2-WACCM_r1i1p1f1,cd,historical,0
NCAR_CESM2-WACCM_r1i1p1f1,cd,ssp119,0
NCAR_CESM2-WACCM_r1i1p1f1,cd,ssp126,0
NCAR_CESM2-WACCM_r1i1p1f1,cd,ssp245,0
NCAR_CESM2-WACCM_r1i1p1f1,cd,ssp370,0
NCAR_CESM2-WACCM_r1i1p1f1,cd,ssp585,0
NCAR_CESM2-WACCM_r1i1p1f1,r,historical,1
NCAR_CESM2-WACCM_r1i1p1f1,r,ssp119,0
NCAR_CESM2-WACCM_r1i1p1f1,r,ssp126,0
NCAR_CESM2-WACCM_r1i1p1f1,r,ssp245,0
NCAR_CESM2-WACCM_r1i1p1f1,r,ssp370,1
NCAR_CESM2-WACCM_r1i1p1f1,r,ssp585,1
NCAR_CESM2-WACCM_r1i1p1f1,spei6,historical,0
NCAR_CESM2-WACCM_r1i1p1f1,spei6,ssp119,0
NCAR_CESM2-WACCM_r1i1p1f1,spei6,ssp126,0
NCAR_CESM2-WACCM_r1i1p1f1,spei6,ssp245,0
NCAR_CESM2-WACCM_r1i1p1f1,spei6,ssp370,0
NCAR_CESM2-WACCM_r1i1p1f1,spei6,ssp585,0
NCAR_CESM2-WACCM_r1i1p1f1,pet,historical,0
NCAR_CESM2-WACCM_r1i1p1f1,pet,ssp119,0
NCAR_CESM2-WACCM_r1i1p1f1,pet,ssp126,0
NCAR_CESM2-WACCM_r1i1p1f1,pet,ssp245,0
NCAR_CESM2-WACCM_r1i1p1f1,pet,ssp370,0
NCAR_CESM2-WACCM_r1i1p1f1,pet,ssp585,0
NCAR_CESM2-WACCM_r1i1p1f1,huss,historical,1
NCAR_CESM2-WACCM_r1i1p1f1,huss,ssp119,0
NCAR_CESM2-WACCM_r1i1p1f1,huss,ssp126,0
NCAR_CESM2-WACCM_r1i1p1f1,huss,ssp245,0
NCAR_CESM2-WACCM_r1i1p1f1,huss,ssp370,1
NCAR_CESM2-WACCM_r1i1p1f1,huss,ssp585,1
NCAR_CESM2-WACCM_r1i1p1f1,evspsbl,historical,1
NCAR_CESM2-WACCM_r1i1p1f1,evspsbl,ssp119,0
NCAR_CESM2-WACCM_r1i1p1f1,evspsbl,ssp126,0
NCAR_CESM2-WACCM_r1i1p1f1,evspsbl,ssp245,0
NCAR_CESM2-WACCM_r1i1p1f1,evspsbl,ssp370,1
NCAR_CESM2-WACCM_r1i1p1f1,evspsbl,ssp585,1
NCAR_CESM2-WACCM_r1i1p1f1,mrsos,historical,1
NCAR_CESM2-WACCM_r1i1p1f1,mrsos,ssp119,0
NCAR_CESM2-WACCM_r1i1p1f1,mrsos,ssp126,0
NCAR_CESM2-WACCM_r1i1p1f1,mrsos,ssp245,0
NCAR_CESM2-WACCM_r1i1p1f1,mrsos,ssp370,1
NCAR_CESM2-WACCM_r1i1p1f1,mrsos,ssp585,1
NCAR_CESM2-WACCM_r1i1p1f1,mrro,historical,1
NCAR_CESM2-WACCM_r1i1p1f1,mrro,ssp119,0
NCAR_CESM2-WACCM_r1i1p1f1,mrro,ssp126,0
NCAR_CESM2-WACCM_r1i1p1f1,mrro,ssp245,0
NCAR_CESM2-WACCM_r1i1p1f1,mrro,ssp370,1
NCAR_CESM2-WACCM_r1i1p1f1,mrro,ssp585,1
NCAR_CESM2-WACCM_r1i1p1f1,prsn,historical,0
NCAR_CESM2-WACCM_r1i1p1f1,prsn,ssp119,0
NCAR_CESM2-WACCM_r1i1p1f1,prsn,ssp126,0
NCAR_CESM2-WACCM_r1i1p1f1,prsn,ssp245,0
NCAR_CESM2-WACCM_r1i1p1f1,prsn,ssp370,0
NCAR_CESM2-WACCM_r1i1p1f1,prsn,ssp585,0
NCAR_CESM2-WACCM_r1i1p1f1,siconc,historical,0
NCAR_CESM2-WACCM_r1i1p1f1,siconc,ssp119,0
NCAR_CESM2-WACCM_r1i1p1f1,siconc,ssp126,0
NCAR_CESM2-WACCM_r1i1p1f1,siconc,ssp245,0
NCAR_CESM2-WACCM_r1i1p1f1,siconc,ssp370,0
NCAR_CESM2-WACCM_r1i1p1f1,siconc,ssp585,0
NCAR_CESM2-WACCM_r1i1p1f1,sfcwind,historical,1
NCAR_CESM2-WACCM_r1i1p1f1,sfcwind,ssp119,0
NCAR_CESM2-WACCM_r1i1p1f1,sfcwind,ssp126,0
NCAR_CESM2-WACCM_r1i1p1f1,sfcwind,ssp245,0
NCAR_CESM2-WACCM_r1i1p1f1,sfcwind,ssp370,1
NCAR_CESM2-WACCM_r1i1p1f1,sfcwind,ssp585,1
NCAR_CESM2-WACCM_r1i1p1f1,clt,historical,1
NCAR_CESM2-WACCM_r1i1p1f1,clt,ssp119,0
NCAR_CESM2-WACCM_r1i1p1f1,clt,ssp126,0
NCAR_CESM2-WACCM_r1i1p1f1,clt,ssp245,0
NCAR_CESM2-WACCM_r1i1p1f1,clt,ssp370,1
NCAR_CESM2-WACCM_r1i1p1f1,clt,ssp585,0
NCAR_CESM2-WACCM_r1i1p1f1,rsds,historical,1
NCAR_CESM2-WACCM_r1i1p1f1,rsds,ssp119,0
NCAR_CESM2-WACCM_r1i1p1f1,rsds,ssp126,0
NCAR_CESM2-WACCM_r1i1p1f1,rsds,ssp245,0
NCAR_CESM2-WACCM_r1i1p1f1,rsds,ssp370,1
NCAR_CESM2-WACCM_r1i1p1f1,rsds,ssp585,0
NCAR_CESM2-WACCM_r1i1p1f1,rlds,historical,1
NCAR_CESM2-WACCM_r1i1p1f1,rlds,ssp119,0
NCAR_CESM2-WACCM_r1i1p1f1,rlds,ssp126,0
NCAR_CESM2-WACCM_r1i1p1f1,rlds,ssp245,0
NCAR_CESM2-WACCM_r1i1p1f1,rlds,ssp370,1
NCAR_CESM2-WACCM_r1i1p1f1,rlds,ssp585,0
NCAR_CESM2-WACCM_r1i1p1f1,sst,historical,0
NCAR_CESM2-WACCM_r1i1p1f1,sst,ssp119,0
NCAR_CESM2-WACCM_r1i1p1f1,sst,ssp126,0
NCAR_CESM2-WACCM_r1i1p1f1,sst,ssp245,0
NCAR_CESM2-WACCM_r1i1p1f1,sst,ssp370,0
NCAR_CESM2-WACCM_r1i1p1f1,sst,ssp585,0
NCAR_CESM2-WACCM_r1i1p1f1,psl,historical,1
NCAR_CESM2-WACCM_r1i1p1f1,psl,ssp119,0
NCAR_CESM2-WACCM_r1i1p1f1,psl,ssp126,0
NCAR_CESM2-WACCM_r1i1p1f1,psl,ssp245,0
NCAR_CESM2-WACCM_r1i1p1f1,psl,ssp370,1
NCAR_CESM2-WACCM_r1i1p1f1,psl,ssp585,1
NCC_NorESM2-LM_r1i1p1f1,t,historical,0
NCC_NorESM2-LM_r1i1p1f1,t,ssp119,0
NCC_NorESM2-LM_r1i1p1f1,t,ssp126,0
NCC_NorESM2-LM_r1i1p1f1,t,ssp245,0
NCC_NorESM2-LM_r1i1p1f1,t,ssp370,0
NCC_NorESM2-LM_r1i1p1f1,t,ssp585,0
NCC_NorESM2-LM_r1i1p1f1,tn,historical,0
NCC_NorESM2-LM_r1i1p1f1,tn,ssp119,0
NCC_NorESM2-LM_r1i1p1f1,tn,ssp126,0
NCC_NorESM2-LM_r1i1p1f1,tn,ssp245,0
NCC_NorESM2-LM_r1i1p1f1,tn,ssp370,0
NCC_NorESM2-LM_r1i1p1f1,tn,ssp585,0
NCC_NorESM2-LM_r1i1p1f1,tx,historical,0
NCC_NorESM2-LM_r1i1p1f1,tx,ssp119,0
NCC_NorESM2-LM_r1i1p1f1,tx,ssp126,0
NCC_NorESM2-LM_r1i1p1f1,tx,ssp245,0
NCC_NorESM2-LM_r1i1p1f1,tx,ssp370,0
NCC_NorESM2-LM_r1i1p1f1,tx,ssp585,0
NCC_NorESM2-LM_r1i1p1f1,dtr,historical,0
NCC_NorESM2-LM_r1i1p1f1,dtr,ssp119,0
NCC_NorESM2-LM_r1i1p1f1,dtr,ssp126,0
NCC_NorESM2-LM_r1i1p1f1,dtr,ssp245,0
NCC_NorESM2-LM_r1i1p1f1,dtr,ssp370,0
NCC_NorESM2-LM_r1i1p1f1,dtr,ssp585,0
NCC_NorESM2-LM_r1i1p1f1,hd,historical,0
NCC_NorESM2-LM_r1i1p1f1,hd,ssp119,0
NCC_NorESM2-LM_r1i1p1f1,hd,ssp126,0
NCC_NorESM2-LM_r1i1p1f1,hd,ssp245,0
NCC_NorESM2-LM_r1i1p1f1,hd,ssp370,0
NCC_NorESM2-LM_r1i1p1f1,hd,ssp585,0
NCC_NorESM2-LM_r1i1p1f1,cd,historical,0
NCC_NorESM2-LM_r1i1p1f1,cd,ssp119,0
NCC_NorESM2-LM_r1i1p1f1,cd,ssp126,0
NCC_NorESM2-LM_r1i1p1f1,cd,ssp245,0
NCC_NorESM2-LM_r1i1p1f1,cd,ssp370,0
NCC_NorESM2-LM_r1i1p1f1,cd,ssp585,0
NCC_NorESM2-LM_r1i1p1f1,r,historical,0
NCC_NorESM2-LM_r1i1p1f1,r,ssp119,0
NCC_NorESM2-LM_r1i1p1f1,r,ssp126,0
NCC_NorESM2-LM_r1i1p1f1,r,ssp245,0
NCC_NorESM2-LM_r1i1p1f1,r,ssp370,0
NCC_NorESM2-LM_r1i1p1f1,r,ssp585,0
NCC_NorESM2-LM_r1i1p1f1,spei6,historical,0
NCC_NorESM2-LM_r1i1p1f1,spei6,ssp119,0
NCC_NorESM2-LM_r1i1p1f1,spei6,ssp126,0
NCC_NorESM2-LM_r1i1p1f1,spei6,ssp245,0
NCC_NorESM2-LM_r1i1p1f1,spei6,ssp370,0
NCC_NorESM2-LM_r1i1p1f1,spei6,ssp585,0
NCC_NorESM2-LM_r1i1p1f1,pet,historical,0
NCC_NorESM2-LM_r1i1p1f1,pet,ssp119,0
NCC_NorESM2-LM_r1i1p1f1,pet,ssp126,0
NCC_NorESM2-LM_r1i1p1f1,pet,ssp245,0
NCC_NorESM2-LM_r1i1p1f1,pet,ssp370,0
NCC_NorESM2-LM_r1i1p1f1,pet,ssp585,0
NCC_NorESM2-LM_r1i1p1f1,huss,historical,0
NCC_NorESM2-LM_r1i1p1f1,huss,ssp119,0
NCC_NorESM2-LM_r1i1p1f1,huss,ssp126,0
NCC_NorESM2-LM_r1i1p1f1,huss,ssp245,0
NCC_NorESM2-LM_r1i1p1f1,huss,ssp370,0
NCC_NorESM2-LM_r1i1p1f1,huss,ssp585,0
NCC_NorESM2-LM_r1i1p1f1,evspsbl,historical,0
NCC_NorESM2-LM_r1i1p1f1,evspsbl,ssp119,0
NCC_NorESM2-LM_r1i1p1f1,evspsbl,ssp126,0
NCC_NorESM2-LM_r1i1p1f1,evspsbl,ssp245,0
NCC_NorESM2-LM_r1i1p1f1,evspsbl,ssp370,0
NCC_NorESM2-LM_r1i1p1f1,evspsbl,ssp585,0
NCC_NorESM2-LM_r1i1p1f1,mrsos,historical,1
NCC_NorESM2-LM_r1i1p1f1,mrsos,ssp119,0
NCC_NorESM2-LM_r1i1p1f1,mrsos,ssp126,1
NCC_NorESM2-LM_r1i1p1f1,mrsos,ssp245,1
NCC_NorESM2-LM_r1i1p1f1,mrsos,ssp370,1
NCC_NorESM2-LM_r1i1p1f1,mrsos,ssp585,1
NCC_NorESM2-LM_r1i1p1f1,mrro,historical,1
NCC_NorESM2-LM_r1i1p1f1,mrro,ssp119,0
NCC_NorESM2-LM_r1i1p1f1,mrro,ssp126,1
NCC_NorESM2-LM_r1i1p1f1,mrro,ssp245,1
NCC_NorESM2-LM_r1i1p1f1,mrro,ssp370,1
NCC_NorESM2-LM_r1i1p1f1,mrro,ssp585,1
NCC_NorESM2-LM_r1i1p1f1,prsn,historical,0
NCC_NorESM2-LM_r1i1p1f1,prsn,ssp119,0
NCC_NorESM2-LM_r1i1p1f1,prsn,ssp126,0
NCC_NorESM2-LM_r1i1p1f1,prsn,ssp245,0
NCC_NorESM2-LM_r1i1p1f1,prsn,ssp370,0
NCC_NorESM2-LM_r1i1p1f1,prsn,ssp585,0
NCC_NorESM2-LM_r1i1p1f1,siconc,historical,0
NCC_NorESM2-LM_r1i1p1f1,siconc,ssp119,0
NCC_NorESM2-LM_r1i1p1f1,siconc,ssp126,0
NCC_NorESM2-LM_r1i1p1f1,siconc,ssp245,0
NCC_NorESM2-LM_r1i1p1f1,siconc,ssp370,0
NCC_NorESM2-LM_r1i1p1f1,siconc,ssp585,0
NCC_NorESM2-LM_r1i1p1f1,sfcwind,historical,1
NCC_NorESM2-LM_r1i1p1f1,sfcwind,ssp119,0
NCC_NorESM2-LM_r1i1p1f1,sfcwind,ssp126,1
NCC_NorESM2-LM_r1i1p1f1,sfcwind,ssp245,1
NCC_NorESM2-LM_r1i1p1f1,sfcwind,ssp370,1
NCC_NorESM2-LM_r1i1p1f1,sfcwind,ssp585,1
NCC_NorESM2-LM_r1i1p1f1,clt,historical,0
NCC_NorESM2-LM_r1i1p1f1,clt,ssp119,0
NCC_NorESM2-LM_r1i1p1f1,clt,ssp126,0
NCC_NorESM2-LM_r1i1p1f1,clt,ssp245,0
NCC_NorESM2-LM_r1i1p1f1,clt,ssp370,0
NCC_NorESM2-LM_r1i1p1f1,clt,ssp585,0
NCC_NorESM2-LM_r1i1p1f1,rsds,historical,0
NCC_NorESM2-LM_r1i1p1f1,rsds,ssp119,0
NCC_NorESM2-LM_r1i1p1f1,rsds,ssp126,0
NCC_NorESM2-LM_r1i1p1f1,rsds,ssp245,0
NCC_NorESM2-LM_r1i1p1f1,rsds,ssp370,0
NCC_NorESM2-LM_r1i1p1f1,rsds,ssp585,0
NCC_NorESM2-LM_r1i1p1f1,rlds,historical,0
NCC_NorESM2-LM_r1i1p1f1,rlds,ssp119,0
NCC_NorESM2-LM_r1i1p1f1,rlds,ssp126,0
NCC_NorESM2-LM_r1i1p1f1,rlds,ssp245,0
NCC_NorESM2-LM_r1i1p1f1,rlds,ssp370,0
NCC_NorESM2-LM_r1i1p1f1,rlds,ssp585,0
NCC_NorESM2-LM_r1i1p1f1,sst,historical,0
NCC_NorESM2-LM_r1i1p1f1,sst,ssp119,0
NCC_NorESM2-LM_r1i1p1f1,sst,ssp126,0
NCC_NorESM2-LM_r1i1p1f1,sst,ssp245,0
NCC_NorESM2-LM_r1i1p1f1,sst,ssp370,0
NCC_NorESM2-LM_r1i1p1f1,sst,ssp585,0
NCC_NorESM2-LM_r1i1p1f1,psl,historical,0
NCC_NorESM2-LM_r1i1p1f1,psl,ssp119,0
NCC_NorESM2-LM_r1i1p1f1,psl,ssp126,0
NCC_NorESM2-LM_r1i1p1f1,psl,ssp245,0
NCC_NorESM2-LM_r1i1p1f1,psl,ssp370,0
NCC_NorESM2-LM_r1i1p1f1,psl,ssp585,0
NCC_NorESM2-MM_r1i1p1f1,t,historical,1
NCC_NorESM2-MM_r1i1p1f1,t,ssp119,0
NCC_NorESM2-MM_r1i1p1f1,t,ssp126,1
NCC_NorESM2-MM_r1i1p1f1,t,ssp245,1
NCC_NorESM2-MM_r1i1p1f1,t,ssp370,1
NCC_NorESM2-MM_r1i1p1f1,t,ssp585,1
NCC_NorESM2-MM_r1i1p1f1,tn,historical,1
NCC_NorESM2-MM_r1i1p1f1,tn,ssp119,0
NCC_NorESM2-MM_r1i1p1f1,tn,ssp126,1
NCC_NorESM2-MM_r1i1p1f1,tn,ssp245,1
NCC_NorESM2-MM_r1i1p1f1,tn,ssp370,1
NCC_NorESM2-MM_r1i1p1f1,tn,ssp585,1
NCC_NorESM2-MM_r1i1p1f1,tx,historical,1
NCC_NorESM2-MM_r1i1p1f1,tx,ssp119,0
NCC_NorESM2-MM_r1i1p1f1,tx,ssp126,1
NCC_NorESM2-MM_r1i1p1f1,tx,ssp245,1
NCC_NorESM2-MM_r1i1p1f1,tx,ssp370,1
NCC_NorESM2-MM_r1i1p1f1,tx,ssp585,1
NCC_NorESM2-MM_r1i1p1f1,dtr,historical,1
NCC_NorESM2-MM_r1i1p1f1,dtr,ssp119,0
NCC_NorESM2-MM_r1i1p1f1,dtr,ssp126,1
NCC_NorESM2-MM_r1i1p1f1,dtr,ssp245,1
NCC_NorESM2-MM_r1i1p1f1,dtr,ssp370,1
NCC_NorESM2-MM_r1i1p1f1,dtr,ssp585,1
NCC_NorESM2-MM_r1i1p1f1,hd,historical,1
NCC_NorESM2-MM_r1i1p1f1,hd,ssp119,0
NCC_NorESM2-MM_r1i1p1f1,hd,ssp126,1
NCC_NorESM2-MM_r1i1p1f1,hd,ssp245,1
NCC_NorESM2-MM_r1i1p1f1,hd,ssp370,1
NCC_NorESM2-MM_r1i1p1f1,hd,ssp585,1
NCC_NorESM2-MM_r1i1p1f1,cd,historical,1
NCC_NorESM2-MM_r1i1p1f1,cd,ssp119,0
NCC_NorESM2-MM_r1i1p1f1,cd,ssp126,1
NCC_NorESM2-MM_r1i1p1f1,cd,ssp245,1
NCC_NorESM2-MM_r1i1p1f1,cd,ssp370,1
NCC_NorESM2-MM_r1i1p1f1,cd,ssp585,1
NCC_NorESM2-MM_r1i1p1f1,r,historical,1
NCC_NorESM2-MM_r1i1p1f1,r,ssp119,0
NCC_NorESM2-MM_r1i1p1f1,r,ssp126,1
NCC_NorESM2-MM_r1i1p1f1,r,ssp245,1
NCC_NorESM2-MM_r1i1p1f1,r,ssp370,1
NCC_NorESM2-MM_r1i1p1f1,r,ssp585,1
NCC_NorESM2-MM_r1i1p1f1,spei6,historical,1
NCC_NorESM2-MM_r1i1p1f1,spei6,ssp119,0
NCC_NorESM2-MM_r1i1p1f1,spei6,ssp126,1
NCC_NorESM2-MM_r1i1p1f1,spei6,ssp245,1
NCC_NorESM2-MM_r1i1p1f1,spei6,ssp370,1
NCC_NorESM2-MM_r1i1p1f1,spei6,ssp585,1
NCC_NorESM2-MM_r1i1p1f1,pet,historical,1
NCC_NorESM2-MM_r1i1p1f1,pet,ssp119,0
NCC_NorESM2-MM_r1i1p1f1,pet,ssp126,1
NCC_NorESM2-MM_r1i1p1f1,pet,ssp245,1
NCC_NorESM2-MM_r1i1p1f1,pet,ssp370,1
NCC_NorESM2-MM_r1i1p1f1,pet,ssp585,1
NCC_NorESM2-MM_r1i1p1f1,huss,historical,1
NCC_NorESM2-MM_r1i1p1f1,huss,ssp119,0
NCC_NorESM2-MM_r1i1p1f1,huss,ssp126,1
NCC_NorESM2-MM_r1i1p1f1,huss,ssp245,1
NCC_NorESM2-MM_r1i1p1f1,huss,ssp370,1
NCC_NorESM2-MM_r1i1p1f1,huss,ssp585,1
NCC_NorESM2-MM_r1i1p1f1,evspsbl,historical,1
NCC_NorESM2-MM_r1i1p1f1,evspsbl,ssp119,0
NCC_NorESM2-MM_r1i1p1f1,evspsbl,ssp126,1
NCC_NorESM2-MM_r1i1p1f1,evspsbl,ssp245,1
NCC_NorESM2-MM_r1i1p1f1,evspsbl,ssp370,1
NCC_NorESM2-MM_r1i1p1f1,evspsbl,ssp585,1
NCC_NorESM2-MM_r1i1p1f1,mrsos,historical,1
NCC_NorESM2-MM_r1i1p1f1,mrsos,ssp119,0
NCC_NorESM2-MM_r1i1p1f1,mrsos,ssp126,1
NCC_NorESM2-MM_r1i1p1f1,mrsos,ssp245,1
NCC_NorESM2-MM_r1i1p1f1,mrsos,ssp370,1
NCC_NorESM2-MM_r1i1p1f1,mrsos,ssp585,1
NCC_NorESM2-MM_r1i1p1f1,mrro,historical,1
NCC_NorESM2-MM_r1i1p1f1,mrro,ssp119,0
NCC_NorESM2-MM_r1i1p1f1,mrro,ssp126,1
NCC_NorESM2-MM_r1i1p1f1,mrro,ssp245,1
NCC_NorESM2-MM_r1i1p1f1,mrro,ssp370,1
NCC_NorESM2-MM_r1i1p1f1,mrro,ssp585,1
NCC_NorESM2-MM_r1i1p1f1,prsn,historical,1
NCC_NorESM2-MM_r1i1p1f1,prsn,ssp119,0
NCC_NorESM2-MM_r1i1p1f1,prsn,ssp126,1
NCC_NorESM2-MM_r1i1p1f1,prsn,ssp245,1
NCC_NorESM2-MM_r1i1p1f1,prsn,ssp370,1
NCC_NorESM2-MM_r1i1p1f1,prsn,ssp585,1
NCC_NorESM2-MM_r1i1p1f1,siconc,historical,0
NCC_NorESM2-MM_r1i1p1f1,siconc,ssp119,0
NCC_NorESM2-MM_r1i1p1f1,siconc,ssp126,0
NCC_NorESM2-MM_r1i1p1f1,siconc,ssp245,0
NCC_NorESM2-MM_r1i1p1f1,siconc,ssp370,0
NCC_NorESM2-MM_r1i1p1f1,siconc,ssp585,0
NCC_NorESM2-MM_r1i1p1f1,sfcwind,historical,1
NCC_NorESM2-MM_r1i1p1f1,sfcwind,ssp119,0
NCC_NorESM2-MM_r1i1p1f1,sfcwind,ssp126,1
NCC_NorESM2-MM_r1i1p1f1,sfcwind,ssp245,1
NCC_NorESM2-MM_r1i1p1f1,sfcwind,ssp370,1
NCC_NorESM2-MM_r1i1p1f1,sfcwind,ssp585,1
NCC_NorESM2-MM_r1i1p1f1,clt,historical,1
NCC_NorESM2-MM_r1i1p1f1,clt,ssp119,0
NCC_NorESM2-MM_r1i1p1f1,clt,ssp126,1
NCC_NorESM2-MM_r1i1p1f1,clt,ssp245,1
NCC_NorESM2-MM_r1i1p1f1,clt,ssp370,1
NCC_NorESM2-MM_r1i1p1f1,clt,ssp585,1
NCC_NorESM2-MM_r1i1p1f1,rsds,historical,1
NCC_NorESM2-MM_r1i1p1f1,rsds,ssp119,0
NCC_NorESM2-MM_r1i1p1f1,rsds,ssp126,1
NCC_NorESM2-MM_r1i1p1f1,rsds,ssp245,1
NCC_NorESM2-MM_r1i1p1f1,rsds,ssp370,1
NCC_NorESM2-MM_r1i1p1f1,rsds,ssp585,1
NCC_NorESM2-MM_r1i1p1f1,rlds,historical,1
NCC_NorESM2-MM_r1i1p1f1,rlds,ssp119,0
NCC_NorESM2-MM_r1i1p1f1,rlds,ssp126,1
NCC_NorESM2-MM_r1i1p1f1,rlds,ssp245,1
NCC_NorESM2-MM_r1i1p1f1,rlds,ssp370,1
NCC_NorESM2-MM_r1i1p1f1,rlds,ssp585,1
NCC_NorESM2-MM_r1i1p1f1,sst,historical,0
NCC_NorESM2-MM_r1i1p1f1,sst,ssp119,0
NCC_NorESM2-MM_r1i1p1f1,sst,ssp126,0
NCC_NorESM2-MM_r1i1p1f1,sst,ssp245,0
NCC_NorESM2-MM_r1i1p1f1,sst,ssp370,0
NCC_NorESM2-MM_r1i1p1f1,sst,ssp585,0
NCC_NorESM2-MM_r1i1p1f1,psl,historical,1
NCC_NorESM2-MM_r1i1p1f1,psl,ssp119,0
NCC_NorESM2-MM_r1i1p1f1,psl,ssp126,1
NCC_NorESM2-MM_r1i1p1f1,psl,ssp245,1
NCC_NorESM2-MM_r1i1p1f1,psl,ssp370,1
NCC_NorESM2-MM_r1i1p1f1,psl,ssp585,1
NIMS-KMA_KACE-1-0-G_r1i1p1f1,t,historical,1
NIMS-KMA_KACE-1-0-G_r1i1p1f1,t,ssp119,0
NIMS-KMA_KACE-1-0-G_r1i1p1f1,t,ssp126,0
NIMS-KMA_KACE-1-0-G_r1i1p1f1,t,ssp245,1
NIMS-KMA_KACE-1-0-G_r1i1p1f1,t,ssp370,1
NIMS-KMA_KACE-1-0-G_r1i1p1f1,t,ssp585,1
NIMS-KMA_KACE-1-0-G_r1i1p1f1,tn,historical,1
NIMS-KMA_KACE-1-0-G_r1i1p1f1,tn,ssp119,0
NIMS-KMA_KACE-1-0-G_r1i1p1f1,tn,ssp126,0
NIMS-KMA_KACE-1-0-G_r1i1p1f1,tn,ssp245,1
NIMS-KMA_KACE-1-0-G_r1i1p1f1,tn,ssp370,1
NIMS-KMA_KACE-1-0-G_r1i1p1f1,tn,ssp585,1
NIMS-KMA_KACE-1-0-G_r1i1p1f1,tx,historical,1
NIMS-KMA_KACE-1-0-G_r1i1p1f1,tx,ssp119,0
NIMS-KMA_KACE-1-0-G_r1i1p1f1,tx,ssp126,0
NIMS-KMA_KACE-1-0-G_r1i1p1f1,tx,ssp245,1
NIMS-KMA_KACE-1-0-G_r1i1p1f1,tx,ssp370,1
NIMS-KMA_KACE-1-0-G_r1i1p1f1,tx,ssp585,1
NIMS-KMA_KACE-1-0-G_r1i1p1f1,dtr,historical,1
NIMS-KMA_KACE-1-0-G_r1i1p1f1,dtr,ssp119,0
NIMS-KMA_KACE-1-0-G_r1i1p1f1,dtr,ssp126,0
NIMS-KMA_KACE-1-0-G_r1i1p1f1,dtr,ssp245,1
NIMS-KMA_KACE-1-0-G_r1i1p1f1,dtr,ssp370,1
NIMS-KMA_KACE-1-0-G_r1i1p1f1,dtr,ssp585,1
NIMS-KMA_KACE-1-0-G_r1i1p1f1,hd,historical,1
NIMS-KMA_KACE-1-0-G_r1i1p1f1,hd,ssp119,0
NIMS-KMA_KACE-1-0-G_r1i1p1f1,hd,ssp126,0
NIMS-KMA_KACE-1-0-G_r1i1p1f1,hd,ssp245,1
NIMS-KMA_KACE-1-0-G_r1i1p1f1,hd,ssp370,1
NIMS-KMA_KACE-1-0-G_r1i1p1f1,hd,ssp585,1
NIMS-KMA_KACE-1-0-G_r1i1p1f1,cd,historical,1
NIMS-KMA_KACE-1-0-G_r1i1p1f1,cd,ssp119,0
NIMS-KMA_KACE-1-0-G_r1i1p1f1,cd,ssp126,0
NIMS-KMA_KACE-1-0-G_r1i1p1f1,cd,ssp245,1
NIMS-KMA_KACE-1-0-G_r1i1p1f1,cd,ssp370,1
NIMS-KMA_KACE-1-0-G_r1i1p1f1,cd,ssp585,1
NIMS-KMA_KACE-1-0-G_r1i1p1f1,r,historical,1
NIMS-KMA_KACE-1-0-G_r1i1p1f1,r,ssp119,0
NIMS-KMA_KACE-1-0-G_r1i1p1f1,r,ssp126,1
NIMS-KMA_KACE-1-0-G_r1i1p1f1,r,ssp245,1
NIMS-KMA_KACE-1-0-G_r1i1p1f1,r,ssp370,1
NIMS-KMA_KACE-1-0-G_r1i1p1f1,r,ssp585,1
NIMS-KMA_KACE-1-0-G_r1i1p1f1,spei6,historical,1
NIMS-KMA_KACE-1-0-G_r1i1p1f1,spei6,ssp119,0
NIMS-KMA_KACE-1-0-G_r1i1p1f1,spei6,ssp126,0
NIMS-KMA_KACE-1-0-G_r1i1p1f1,spei6,ssp245,1
NIMS-KMA_KACE-1-0-G_r1i1p1f1,spei6,ssp370,1
NIMS-KMA_KACE-1-0-G_r1i1p1f1,spei6,ssp585,1
NIMS-KMA_KACE-1-0-G_r1i1p1f1,pet,historical,1
NIMS-KMA_KACE-1-0-G_r1i1p1f1,pet,ssp119,0
NIMS-KMA_KACE-1-0-G_r1i1p1f1,pet,ssp126,0
NIMS-KMA_KACE-1-0-G_r1i1p1f1,pet,ssp245,1
NIMS-KMA_KACE-1-0-G_r1i1p1f1,pet,ssp370,1
NIMS-KMA_KACE-1-0-G_r1i1p1f1,pet,ssp585,1
NIMS-KMA_KACE-1-0-G_r1i1p1f1,huss,historical,1
NIMS-KMA_KACE-1-0-G_r1i1p1f1,huss,ssp119,0
NIMS-KMA_KACE-1-0-G_r1i1p1f1,huss,ssp126,1
NIMS-KMA_KACE-1-0-G_r1i1p1f1,huss,ssp245,1
NIMS-KMA_KACE-1-0-G_r1i1p1f1,huss,ssp370,1
NIMS-KMA_KACE-1-0-G_r1i1p1f1,huss,ssp585,1
NIMS-KMA_KACE-1-0-G_r1i1p1f1,evspsbl,historical,1
NIMS-KMA_KACE-1-0-G_r1i1p1f1,evspsbl,ssp119,0
NIMS-KMA_KACE-1-0-G_r1i1p1f1,evspsbl,ssp126,1
NIMS-KMA_KACE-1-0-G_r1i1p1f1,evspsbl,ssp245,1
NIMS-KMA_KACE-1-0-G_r1i1p1f1,evspsbl,ssp370,1
NIMS-KMA_KACE-1-0-G_r1i1p1f1,evspsbl,ssp585,1
NIMS-KMA_KACE-1-0-G_r1i1p1f1,mrsos,historical,1
NIMS-KMA_KACE-1-0-G_r1i1p1f1,mrsos,ssp119,0
NIMS-KMA_KACE-1-0-G_r1i1p1f1,mrsos,ssp126,1
NIMS-KMA_KACE-1-0-G_r1i1p1f1,mrsos,ssp245,1
NIMS-KMA_KACE-1-0-G_r1i1p1f1,mrsos,ssp370,1
NIMS-KMA_KACE-1-0-G_r1i1p1f1,mrsos,ssp585,1
NIMS-KMA_KACE-1-0-G_r1i1p1f1,mrro,historical,0
NIMS-KMA_KACE-1-0-G_r1i1p1f1,mrro,ssp119,0
NIMS-KMA_KACE-1-0-G_r1i1p1f1,mrro,ssp126,0
NIMS-KMA_KACE-1-0-G_r1i1p1f1,mrro,ssp245,0
NIMS-KMA_KACE-1-0-G_r1i1p1f1,mrro,ssp370,0
NIMS-KMA_KACE-1-0-G_r1i1p1f1,mrro,ssp585,0
NIMS-KMA_KACE-1-0-G_r1i1p1f1,prsn,historical,1
NIMS-KMA_KACE-1-0-G_r1i1p1f1,prsn,ssp119,0
NIMS-KMA_KACE-1-0-G_r1i1p1f1,prsn,ssp126,0
NIMS-KMA_KACE-1-0-G_r1i1p1f1,prsn,ssp245,1
NIMS-KMA_KACE-1-0-G_r1i1p1f1,prsn,ssp370,1
NIMS-KMA_KACE-1-0-G_r1i1p1f1,prsn,ssp585,1
NIMS-KMA_KACE-1-0-G_r1i1p1f1,siconc,historical,0
NIMS-KMA_KACE-1-0-G_r1i1p1f1,siconc,ssp119,0
NIMS-KMA_KACE-1-0-G_r1i1p1f1,siconc,ssp126,0
NIMS-KMA_KACE-1-0-G_r1i1p1f1,siconc,ssp245,0
NIMS-KMA_KACE-1-0-G_r1i1p1f1,siconc,ssp370,0
NIMS-KMA_KACE-1-0-G_r1i1p1f1,siconc,ssp585,0
NIMS-KMA_KACE-1-0-G_r1i1p1f1,sfcwind,historical,1
NIMS-KMA_KACE-1-0-G_r1i1p1f1,sfcwind,ssp119,0
NIMS-KMA_KACE-1-0-G_r1i1p1f1,sfcwind,ssp126,0
NIMS-KMA_KACE-1-0-G_r1i1p1f1,sfcwind,ssp245,1
NIMS-KMA_KACE-1-0-G_r1i1p1f1,sfcwind,ssp370,1
NIMS-KMA_KACE-1-0-G_r1i1p1f1,sfcwind,ssp585,1
NIMS-KMA_KACE-1-0-G_r1i1p1f1,clt,historical,1
NIMS-KMA_KACE-1-0-G_r1i1p1f1,clt,ssp119,0
NIMS-KMA_KACE-1-0-G_r1i1p1f1,clt,ssp126,1
NIMS-KMA_KACE-1-0-G_r1i1p1f1,clt,ssp245,1
NIMS-KMA_KACE-1-0-G_r1i1p1f1,clt,ssp370,1
NIMS-KMA_KACE-1-0-G_r1i1p1f1,clt,ssp585,1
NIMS-KMA_KACE-1-0-G_r1i1p1f1,rsds,historical,1
NIMS-KMA_KACE-1-0-G_r1i1p1f1,rsds,ssp119,0
NIMS-KMA_KACE-1-0-G_r1i1p1f1,rsds,ssp126,1
NIMS-KMA_KACE-1-0-G_r1i1p1f1,rsds,ssp245,1
NIMS-KMA_KACE-1-0-G_r1i1p1f1,rsds,ssp370,1
NIMS-KMA_KACE-1-0-G_r1i1p1f1,rsds,ssp585,1
NIMS-KMA_KACE-1-0-G_r1i1p1f1,rlds,historical,1
NIMS-KMA_KACE-1-0-G_r1i1p1f1,rlds,ssp119,0
NIMS-KMA_KACE-1-0-G_r1i1p1f1,rlds,ssp126,1
NIMS-KMA_KACE-1-0-G_r1i1p1f1,rlds,ssp245,1
NIMS-KMA_KACE-1-0-G_r1i1p1f1,rlds,ssp370,1
NIMS-KMA_KACE-1-0-G_r1i1p1f1,rlds,ssp585,1
NIMS-KMA_KACE-1-0-G_r1i1p1f1,sst,historical,0
NIMS-KMA_KACE-1-0-G_r1i1p1f1,sst,ssp119,0
NIMS-KMA_KACE-1-0-G_r1i1p1f1,sst,ssp126,0
NIMS-KMA_KACE-1-0-G_r1i1p1f1,sst,ssp245,0
NIMS-KMA_KACE-1-0-G_r1i1p1f1,sst,ssp370,0
NIMS-KMA_KACE-1-0-G_r1i1p1f1,sst,ssp585,0
NIMS-KMA_KACE-1-0-G_r1i1p1f1,psl,historical,1
NIMS-KMA_KACE-1-0-G_r1i1p1f1,psl,ssp119,0
NIMS-KMA_KACE-1-0-G_r1i1p1f1,psl,ssp126,1
NIMS-KMA_KACE-1-0-G_r1i1p1f1,psl,ssp245,1
NIMS-KMA_KACE-1-0-G_r1i1p1f1,psl,ssp370,1
NIMS-KMA_KACE-1-0-G_r1i1p1f1,psl,ssp585,1
NOAA-GFDL_GFDL-ESM4_r1i1p1f1,t,historical,1
NOAA-GFDL_GFDL-ESM4_r1i1p1f1,t,ssp119,1
NOAA-GFDL_GFDL-ESM4_r1i1p1f1,t,ssp126,1
NOAA-GFDL_GFDL-ESM4_r1i1p1f1,t,ssp245,1
NOAA-GFDL_GFDL-ESM4_r1i1p1f1,t,ssp370,1
NOAA-GFDL_GFDL-ESM4_r1i1p1f1,t,ssp585,1
NOAA-GFDL_GFDL-ESM4_r1i1p1f1,tn,historical,1
NOAA-GFDL_GFDL-ESM4_r1i1p1f1,tn,ssp119,1
NOAA-GFDL_GFDL-ESM4_r1i1p1f1,tn,ssp126,1
NOAA-GFDL_GFDL-ESM4_r1i1p1f1,tn,ssp245,0
NOAA-GFDL_GFDL-ESM4_r1i1p1f1,tn,ssp370,0
NOAA-GFDL_GFDL-ESM4_r1i1p1f1,tn,ssp585,1
NOAA-GFDL_GFDL-ESM4_r1i1p1f1,tx,historical,1
NOAA-GFDL_GFDL-ESM4_r1i1p1f1,tx,ssp119,1
NOAA-GFDL_GFDL-ESM4_r1i1p1f1,tx,ssp126,1
NOAA-GFDL_GFDL-ESM4_r1i1p1f1,tx,ssp245,1
NOAA-GFDL_GFDL-ESM4_r1i1p1f1,tx,ssp370,1
NOAA-GFDL_GFDL-ESM4_r1i1p1f1,tx,ssp585,1
NOAA-GFDL_GFDL-ESM4_r1i1p1f1,dtr,historical,1
NOAA-GFDL_GFDL-ESM4_r1i1p1f1,dtr,ssp119,1
NOAA-GFDL_GFDL-ESM4_r1i1p1f1,dtr,ssp126,1
NOAA-GFDL_GFDL-ESM4_r1i1p1f1,dtr,ssp245,0
NOAA-GFDL_GFDL-ESM4_r1i1p1f1,dtr,ssp370,0
NOAA-GFDL_GFDL-ESM4_r1i1p1f1,dtr,ssp585,1
NOAA-GFDL_GFDL-ESM4_r1i1p1f1,hd,historical,1
NOAA-GFDL_GFDL-ESM4_r1i1p1f1,hd,ssp119,1
NOAA-GFDL_GFDL-ESM4_r1i1p1f1,hd,ssp126,1
NOAA-GFDL_GFDL-ESM4_r1i1p1f1,hd,ssp245,0
NOAA-GFDL_GFDL-ESM4_r1i1p1f1,hd,ssp370,0
NOAA-GFDL_GFDL-ESM4_r1i1p1f1,hd,ssp585,1
NOAA-GFDL_GFDL-ESM4_r1i1p1f1,cd,historical,1
NOAA-GFDL_GFDL-ESM4_r1i1p1f1,cd,ssp119,1
NOAA-GFDL_GFDL-ESM4_r1i1p1f1,cd,ssp126,1
NOAA-GFDL_GFDL-ESM4_r1i1p1f1,cd,ssp245,0
NOAA-GFDL_GFDL-ESM4_r1i1p1f1,cd,ssp370,0
NOAA-GFDL_GFDL-ESM4_r1i1p1f1,cd,ssp585,1
NOAA-GFDL_GFDL-ESM4_r1i1p1f1,r,historical,1
NOAA-GFDL_GFDL-ESM4_r1i1p1f1,r,ssp119,1
NOAA-GFDL_GFDL-ESM4_r1i1p1f1,r,ssp126,1
NOAA-GFDL_GFDL-ESM4_r1i1p1f1,r,ssp245,1
NOAA-GFDL_GFDL-ESM4_r1i1p1f1,r,ssp370,1
NOAA-GFDL_GFDL-ESM4_r1i1p1f1,r,ssp585,1
NOAA-GFDL_GFDL-ESM4_r1i1p1f1,spei6,historical,1
NOAA-GFDL_GFDL-ESM4_r1i1p1f1,spei6,ssp119,1
NOAA-GFDL_GFDL-ESM4_r1i1p1f1,spei6,ssp126,1
NOAA-GFDL_GFDL-ESM4_r1i1p1f1,spei6,ssp245,0
NOAA-GFDL_GFDL-ESM4_r1i1p1f1,spei6,ssp370,0
NOAA-GFDL_GFDL-ESM4_r1i1p1f1,spei6,ssp585,1
NOAA-GFDL_GFDL-ESM4_r1i1p1f1,pet,historical,1
NOAA-GFDL_GFDL-ESM4_r1i1p1f1,pet,ssp119,1
NOAA-GFDL_GFDL-ESM4_r1i1p1f1,pet,ssp126,1
NOAA-GFDL_GFDL-ESM4_r1i1p1f1,pet,ssp245,0
NOAA-GFDL_GFDL-ESM4_r1i1p1f1,pet,ssp370,0
NOAA-GFDL_GFDL-ESM4_r1i1p1f1,pet,ssp585,1
NOAA-GFDL_GFDL-ESM4_r1i1p1f1,huss,historical,1
NOAA-GFDL_GFDL-ESM4_r1i1p1f1,huss,ssp119,1
NOAA-GFDL_GFDL-ESM4_r1i1p1f1,huss,ssp126,1
NOAA-GFDL_GFDL-ESM4_r1i1p1f1,huss,ssp245,1
NOAA-GFDL_GFDL-ESM4_r1i1p1f1,huss,ssp370,1
NOAA-GFDL_GFDL-ESM4_r1i1p1f1,huss,ssp585,1
NOAA-GFDL_GFDL-ESM4_r1i1p1f1,evspsbl,historical,1
NOAA-GFDL_GFDL-ESM4_r1i1p1f1,evspsbl,ssp119,1
NOAA-GFDL_GFDL-ESM4_r1i1p1f1,evspsbl,ssp126,1
NOAA-GFDL_GFDL-ESM4_r1i1p1f1,evspsbl,ssp245,1
NOAA-GFDL_GFDL-ESM4_r1i1p1f1,evspsbl,ssp370,1
NOAA-GFDL_GFDL-ESM4_r1i1p1f1,evspsbl,ssp585,1
NOAA-GFDL_GFDL-ESM4_r1i1p1f1,mrsos,historical,0
NOAA-GFDL_GFDL-ESM4_r1i1p1f1,mrsos,ssp119,0
NOAA-GFDL_GFDL-ESM4_r1i1p1f1,mrsos,ssp126,0
NOAA-GFDL_GFDL-ESM4_r1i1p1f1,mrsos,ssp245,0
NOAA-GFDL_GFDL-ESM4_r1i1p1f1,mrsos,ssp370,0
NOAA-GFDL_GFDL-ESM4_r1i1p1f1,mrsos,ssp585,0
NOAA-GFDL_GFDL-ESM4_r1i1p1f1,mrro,historical,0
NOAA-GFDL_GFDL-ESM4_r1i1p1f1,mrro,ssp119,0
NOAA-GFDL_GFDL-ESM4_r1i1p1f1,mrro,ssp126,0
NOAA-GFDL_GFDL-ESM4_r1i1p1f1,mrro,ssp245,0
NOAA-GFDL_GFDL-ESM4_r1i1p1f1,mrro,ssp370,0
NOAA-GFDL_GFDL-ESM4_r1i1p1f1,mrro,ssp585,0
NOAA-GFDL_GFDL-ESM4_r1i1p1f1,prsn,historical,1
NOAA-GFDL_GFDL-ESM4_r1i1p1f1,prsn,ssp119,1
NOAA-GFDL_GFDL-ESM4_r1i1p1f1,prsn,ssp126,1
NOAA-GFDL_GFDL-ESM4_r1i1p1f1,prsn,ssp245,1
NOAA-GFDL_GFDL-ESM4_r1i1p1f1,prsn,ssp370,1
NOAA-GFDL_GFDL-ESM4_r1i1p1f1,prsn,ssp585,1
NOAA-GFDL_GFDL-ESM4_r1i1p1f1,siconc,historical,0
NOAA-GFDL_GFDL-ESM4_r1i1p1f1,siconc,ssp119,0
NOAA-GFDL_GFDL-ESM4_r1i1p1f1,siconc,ssp126,0
NOAA-GFDL_GFDL-ESM4_r1i1p1f1,siconc,ssp245,0
NOAA-GFDL_GFDL-ESM4_r1i1p1f1,siconc,ssp370,0
NOAA-GFDL_GFDL-ESM4_r1i1p1f1,siconc,ssp585,0
NOAA-GFDL_GFDL-ESM4_r1i1p1f1,sfcwind,historical,1
NOAA-GFDL_GFDL-ESM4_r1i1p1f1,sfcwind,ssp119,1
NOAA-GFDL_GFDL-ESM4_r1i1p1f1,sfcwind,ssp126,1
NOAA-GFDL_GFDL-ESM4_r1i1p1f1,sfcwind,ssp245,1
NOAA-GFDL_GFDL-ESM4_r1i1p1f1,sfcwind,ssp370,1
NOAA-GFDL_GFDL-ESM4_r1i1p1f1,sfcwind,ssp585,1
NOAA-GFDL_GFDL-ESM4_r1i1p1f1,clt,historical,1
NOAA-GFDL_GFDL-ESM4_r1i1p1f1,clt,ssp119,1
NOAA-GFDL_GFDL-ESM4_r1i1p1f1,clt,ssp126,1
NOAA-GFDL_GFDL-ESM4_r1i1p1f1,clt,ssp245,1
NOAA-GFDL_GFDL-ESM4_r1i1p1f1,clt,ssp370,1
NOAA-GFDL_GFDL-ESM4_r1i1p1f1,clt,ssp585,1
NOAA-GFDL_GFDL-ESM4_r1i1p1f1,rsds,historical,1
NOAA-GFDL_GFDL-ESM4_r1i1p1f1,rsds,ssp119,1
NOAA-GFDL_GFDL-ESM4_r1i1p1f1,rsds,ssp126,1
NOAA-GFDL_GFDL-ESM4_r1i1p1f1,rsds,ssp245,1
NOAA-GFDL_GFDL-ESM4_r1i1p1f1,rsds,ssp370,1
NOAA-GFDL_GFDL-ESM4_r1i1p1f1,rsds,ssp585,1
NOAA-GFDL_GFDL-ESM4_r1i1p1f1,rlds,historical,1
NOAA-GFDL_GFDL-ESM4_r1i1p1f1,rlds,ssp119,1
NOAA-GFDL_GFDL-ESM4_r1i1p1f1,rlds,ssp126,1
NOAA-GFDL_GFDL-ESM4_r1i1p1f1,rlds,ssp245,1
NOAA-GFDL_GFDL-ESM4_r1i1p1f1,rlds,ssp370,1
NOAA-GFDL_GFDL-ESM4_r1i1p1f1,rlds,ssp585,1
NOAA-GFDL_GFDL-ESM4_r1i1p1f1,sst,historical,0
NOAA-GFDL_GFDL-ESM4_r1i1p1f1,sst,ssp119,0
NOAA-GFDL_GFDL-ESM4_r1i1p1f1,sst,ssp126,0
NOAA-GFDL_GFDL-ESM4_r1i1p1f1,sst,ssp245,0
NOAA-GFDL_GFDL-ESM4_r1i1p1f1,sst,ssp370,0
NOAA-GFDL_GFDL-ESM4_r1i1p1f1,sst,ssp585,0
NOAA-GFDL_GFDL-ESM4_r1i1p1f1,psl,historical,1
NOAA-GFDL_GFDL-ESM4_r1i1p1f1,psl,ssp119,1
NOAA-GFDL_GFDL-ESM4_r1i1p1f1,psl,ssp126,1
NOAA-GFDL_GFDL-ESM4_r1i1p1f1,psl,ssp245,1
NOAA-GFDL_GFDL-ESM4_r1i1p1f1,psl,ssp370,1
NOAA-GFDL_GFDL-ESM4_r1i1p1f1,psl,ssp585,1
NUIST_NESM3_r1i1p1f1,t,historical,1
NUIST_NESM3_r1i1p1f1,t,ssp119,0
NUIST_NESM3_r1i1p1f1,t,ssp126,0
NUIST_NESM3_r1i1p1f1,t,ssp245,1
NUIST_NESM3_r1i1p1f1,t,ssp370,0
NUIST_NESM3_r1i1p1f1,t,ssp585,1
NUIST_NESM3_r1i1p1f1,tn,historical,1
NUIST_NESM3_r1i1p1f1,tn,ssp119,0
NUIST_NESM3_r1i1p1f1,tn,ssp126,0
NUIST_NESM3_r1i1p1f1,tn,ssp245,1
NUIST_NESM3_r1i1p1f1,tn,ssp370,0
NUIST_NESM3_r1i1p1f1,tn,ssp585,1
NUIST_NESM3_r1i1p1f1,tx,historical,1
NUIST_NESM3_r1i1p1f1,tx,ssp119,0
NUIST_NESM3_r1i1p1f1,tx,ssp126,0
NUIST_NESM3_r1i1p1f1,tx,ssp245,1
NUIST_NESM3_r1i1p1f1,tx,ssp370,0
NUIST_NESM3_r1i1p1f1,tx,ssp585,1
NUIST_NESM3_r1i1p1f1,dtr,historical,1
NUIST_NESM3_r1i1p1f1,dtr,ssp119,0
NUIST_NESM3_r1i1p1f1,dtr,ssp126,0
NUIST_NESM3_r1i1p1f1,dtr,ssp245,1
NUIST_NESM3_r1i1p1f1,dtr,ssp370,0
NUIST_NESM3_r1i1p1f1,dtr,ssp585,1
NUIST_NESM3_r1i1p1f1,hd,historical,1
NUIST_NESM3_r1i1p1f1,hd,ssp119,0
NUIST_NESM3_r1i1p1f1,hd,ssp126,0
NUIST_NESM3_r1i1p1f1,hd,ssp245,1
NUIST_NESM3_r1i1p1f1,hd,ssp370,0
NUIST_NESM3_r1i1p1f1,hd,ssp585,1
NUIST_NESM3_r1i1p1f1,cd,historical,1
NUIST_NESM3_r1i1p1f1,cd,ssp119,0
NUIST_NESM3_r1i1p1f1,cd,ssp126,0
NUIST_NESM3_r1i1p1f1,cd,ssp245,1
NUIST_NESM3_r1i1p1f1,cd,ssp370,0
NUIST_NESM3_r1i1p1f1,cd,ssp585,1
NUIST_NESM3_r1i1p1f1,r,historical,1
NUIST_NESM3_r1i1p1f1,r,ssp119,0
NUIST_NESM3_r1i1p1f1,r,ssp126,0
NUIST_NESM3_r1i1p1f1,r,ssp245,1
NUIST_NESM3_r1i1p1f1,r,ssp370,0
NUIST_NESM3_r1i1p1f1,r,ssp585,1
NUIST_NESM3_r1i1p1f1,spei6,historical,1
NUIST_NESM3_r1i1p1f1,spei6,ssp119,0
NUIST_NESM3_r1i1p1f1,spei6,ssp126,0
NUIST_NESM3_r1i1p1f1,spei6,ssp245,1
NUIST_NESM3_r1i1p1f1,spei6,ssp370,0
NUIST_NESM3_r1i1p1f1,spei6,ssp585,1
NUIST_NESM3_r1i1p1f1,pet,historical,1
NUIST_NESM3_r1i1p1f1,pet,ssp119,0
NUIST_NESM3_r1i1p1f1,pet,ssp126,0
NUIST_NESM3_r1i1p1f1,pet,ssp245,1
NUIST_NESM3_r1i1p1f1,pet,ssp370,0
NUIST_NESM3_r1i1p1f1,pet,ssp585,1
NUIST_NESM3_r1i1p1f1,huss,historical,0
NUIST_NESM3_r1i1p1f1,huss,ssp119,0
NUIST_NESM3_r1i1p1f1,huss,ssp126,0
NUIST_NESM3_r1i1p1f1,huss,ssp245,0
NUIST_NESM3_r1i1p1f1,huss,ssp370,0
NUIST_NESM3_r1i1p1f1,huss,ssp585,0
NUIST_NESM3_r1i1p1f1,evspsbl,historical,1
NUIST_NESM3_r1i1p1f1,evspsbl,ssp119,0
NUIST_NESM3_r1i1p1f1,evspsbl,ssp126,1
NUIST_NESM3_r1i1p1f1,evspsbl,ssp245,1
NUIST_NESM3_r1i1p1f1,evspsbl,ssp370,0
NUIST_NESM3_r1i1p1f1,evspsbl,ssp585,1
NUIST_NESM3_r1i1p1f1,mrsos,historical,0
NUIST_NESM3_r1i1p1f1,mrsos,ssp119,0
NUIST_NESM3_r1i1p1f1,mrsos,ssp126,0
NUIST_NESM3_r1i1p1f1,mrsos,ssp245,0
NUIST_NESM3_r1i1p1f1,mrsos,ssp370,0
NUIST_NESM3_r1i1p1f1,mrsos,ssp585,0
NUIST_NESM3_r1i1p1f1,mrro,historical,0
NUIST_NESM3_r1i1p1f1,mrro,ssp119,0
NUIST_NESM3_r1i1p1f1,mrro,ssp126,0
NUIST_NESM3_r1i1p1f1,mrro,ssp245,0
NUIST_NESM3_r1i1p1f1,mrro,ssp370,0
NUIST_NESM3_r1i1p1f1,mrro,ssp585,0
NUIST_NESM3_r1i1p1f1,prsn,historical,1
NUIST_NESM3_r1i1p1f1,prsn,ssp119,0
NUIST_NESM3_r1i1p1f1,prsn,ssp126,1
NUIST_NESM3_r1i1p1f1,prsn,ssp245,1
NUIST_NESM3_r1i1p1f1,prsn,ssp370,0
NUIST_NESM3_r1i1p1f1,prsn,ssp585,1
NUIST_NESM3_r1i1p1f1,siconc,historical,1
NUIST_NESM3_r1i1p1f1,siconc,ssp119,0
NUIST_NESM3_r1i1p1f1,siconc,ssp126,1
NUIST_NESM3_r1i1p1f1,siconc,ssp245,1
NUIST_NESM3_r1i1p1f1,siconc,ssp370,0
NUIST_NESM3_r1i1p1f1,siconc,ssp585,1
NUIST_NESM3_r1i1p1f1,sfcwind,historical,0
NUIST_NESM3_r1i1p1f1,sfcwind,ssp119,0
NUIST_NESM3_r1i1p1f1,sfcwind,ssp126,0
NUIST_NESM3_r1i1p1f1,sfcwind,ssp245,0
NUIST_NESM3_r1i1p1f1,sfcwind,ssp370,0
NUIST_NESM3_r1i1p1f1,sfcwind,ssp585,0
NUIST_NESM3_r1i1p1f1,clt,historical,1
NUIST_NESM3_r1i1p1f1,clt,ssp119,0
NUIST_NESM3_r1i1p1f1,clt,ssp126,1
NUIST_NESM3_r1i1p1f1,clt,ssp245,1
NUIST_NESM3_r1i1p1f1,clt,ssp370,0
NUIST_NESM3_r1i1p1f1,clt,ssp585,1
NUIST_NESM3_r1i1p1f1,rsds,historical,1
NUIST_NESM3_r1i1p1f1,rsds,ssp119,0
NUIST_NESM3_r1i1p1f1,rsds,ssp126,1
NUIST_NESM3_r1i1p1f1,rsds,ssp245,1
NUIST_NESM3_r1i1p1f1,rsds,ssp370,0
NUIST_NESM3_r1i1p1f1,rsds,ssp585,1
NUIST_NESM3_r1i1p1f1,rlds,historical,1
NUIST_NESM3_r1i1p1f1,rlds,ssp119,0
NUIST_NESM3_r1i1p1f1,rlds,ssp126,1
NUIST_NESM3_r1i1p1f1,rlds,ssp245,1
NUIST_NESM3_r1i1p1f1,rlds,ssp370,0
NUIST_NESM3_r1i1p1f1,rlds,ssp585,1
NUIST_NESM3_r1i1p1f1,sst,historical,1
NUIST_NESM3_r1i1p1f1,sst,ssp119,0
NUIST_NESM3_r1i1p1f1,sst,ssp126,1
NUIST_NESM3_r1i1p1f1,sst,ssp245,1
NUIST_NESM3_r1i1p1f1,sst,ssp370,0
NUIST_NESM3_r1i1p1f1,sst,ssp585,1
NUIST_NESM3_r1i1p1f1,psl,historical,1
NUIST_NESM3_r1i1p1f1,psl,ssp119,0
NUIST_NESM3_r1i1p1f1,psl,ssp126,1
NUIST_NESM3_r1i1p1f1,psl,ssp245,1
NUIST_NESM3_r1i1p1f1,psl,ssp370,0
NUIST_NESM3_r1i1p1f1,psl,ssp585,1
THU_CIESM_r1i1p1f1,t,historical,0
THU_CIESM_r1i1p1f1,t,ssp119,0
THU_CIESM_r1i1p1f1,t,ssp126,0
THU_CIESM_r1i1p1f1,t,ssp245,0
THU_CIESM_r1i1p1f1,t,ssp370,0
THU_CIESM_r1i1p1f1,t,ssp585,0
THU_CIESM_r1i1p1f1,tn,historical,0
THU_CIESM_r1i1p1f1,tn,ssp119,0
THU_CIESM_r1i1p1f1,tn,ssp126,0
THU_CIESM_r1i1p1f1,tn,ssp245,0
THU_CIESM_r1i1p1f1,tn,ssp370,0
THU_CIESM_r1i1p1f1,tn,ssp585,0
THU_CIESM_r1i1p1f1,tx,historical,0
THU_CIESM_r1i1p1f1,tx,ssp119,0
THU_CIESM_r1i1p1f1,tx,ssp126,0
THU_CIESM_r1i1p1f1,tx,ssp245,0
THU_CIESM_r1i1p1f1,tx,ssp370,0
THU_CIESM_r1i1p1f1,tx,ssp585,0
THU_CIESM_r1i1p1f1,dtr,historical,0
THU_CIESM_r1i1p1f1,dtr,ssp119,0
THU_CIESM_r1i1p1f1,dtr,ssp126,0
THU_CIESM_r1i1p1f1,dtr,ssp245,0
THU_CIESM_r1i1p1f1,dtr,ssp370,0
THU_CIESM_r1i1p1f1,dtr,ssp585,0
THU_CIESM_r1i1p1f1,hd,historical,0
THU_CIESM_r1i1p1f1,hd,ssp119,0
THU_CIESM_r1i1p1f1,hd,ssp126,0
THU_CIESM_r1i1p1f1,hd,ssp245,0
THU_CIESM_r1i1p1f1,hd,ssp370,0
THU_CIESM_r1i1p1f1,hd,ssp585,0
THU_CIESM_r1i1p1f1,cd,historical,0
THU_CIESM_r1i1p1f1,cd,ssp119,0
THU_CIESM_r1i1p1f1,cd,ssp126,0
THU_CIESM_r1i1p1f1,cd,ssp245,0
THU_CIESM_r1i1p1f1,cd,ssp370,0
THU_CIESM_r1i1p1f1,cd,ssp585,0
THU_CIESM_r1i1p1f1,r,historical,0
THU_CIESM_r1i1p1f1,r,ssp119,0
THU_CIESM_r1i1p1f1,r,ssp126,0
THU_CIESM_r1i1p1f1,r,ssp245,0
THU_CIESM_r1i1p1f1,r,ssp370,0
THU_CIESM_r1i1p1f1,r,ssp585,0
THU_CIESM_r1i1p1f1,spei6,historical,0
THU_CIESM_r1i1p1f1,spei6,ssp119,0
THU_CIESM_r1i1p1f1,spei6,ssp126,0
THU_CIESM_r1i1p1f1,spei6,ssp245,0
THU_CIESM_r1i1p1f1,spei6,ssp370,0
THU_CIESM_r1i1p1f1,spei6,ssp585,0
THU_CIESM_r1i1p1f1,pet,historical,0
THU_CIESM_r1i1p1f1,pet,ssp119,0
THU_CIESM_r1i1p1f1,pet,ssp126,0
THU_CIESM_r1i1p1f1,pet,ssp245,0
THU_CIESM_r1i1p1f1,pet,ssp370,0
THU_CIESM_r1i1p1f1,pet,ssp585,0
THU_CIESM_r1i1p1f1,huss,historical,1
THU_CIESM_r1i1p1f1,huss,ssp119,0
THU_CIESM_r1i1p1f1,huss,ssp126,1
THU_CIESM_r1i1p1f1,huss,ssp245,1
THU_CIESM_r1i1p1f1,huss,ssp370,0
THU_CIESM_r1i1p1f1,huss,ssp585,1
THU_CIESM_r1i1p1f1,evspsbl,historical,0
THU_CIESM_r1i1p1f1,evspsbl,ssp119,0
THU_CIESM_r1i1p1f1,evspsbl,ssp126,0
THU_CIESM_r1i1p1f1,evspsbl,ssp245,0
THU_CIESM_r1i1p1f1,evspsbl,ssp370,0
THU_CIESM_r1i1p1f1,evspsbl,ssp585,0
THU_CIESM_r1i1p1f1,mrsos,historical,0
THU_CIESM_r1i1p1f1,mrsos,ssp119,0
THU_CIESM_r1i1p1f1,mrsos,ssp126,0
THU_CIESM_r1i1p1f1,mrsos,ssp245,0
THU_CIESM_r1i1p1f1,mrsos,ssp370,0
THU_CIESM_r1i1p1f1,mrsos,ssp585,0
THU_CIESM_r1i1p1f1,mrro,historical,1
THU_CIESM_r1i1p1f1,mrro,ssp119,0
THU_CIESM_r1i1p1f1,mrro,ssp126,1
THU_CIESM_r1i1p1f1,mrro,ssp245,1
THU_CIESM_r1i1p1f1,mrro,ssp370,0
THU_CIESM_r1i1p1f1,mrro,ssp585,1
THU_CIESM_r1i1p1f1,prsn,historical,0
THU_CIESM_r1i1p1f1,prsn,ssp119,0
THU_CIESM_r1i1p1f1,prsn,ssp126,0
THU_CIESM_r1i1p1f1,prsn,ssp245,0
THU_CIESM_r1i1p1f1,prsn,ssp370,0
THU_CIESM_r1i1p1f1,prsn,ssp585,0
THU_CIESM_r1i1p1f1,siconc,historical,0
THU_CIESM_r1i1p1f1,siconc,ssp119,0
THU_CIESM_r1i1p1f1,siconc,ssp126,0
THU_CIESM_r1i1p1f1,siconc,ssp245,0
THU_CIESM_r1i1p1f1,siconc,ssp370,0
THU_CIESM_r1i1p1f1,siconc,ssp585,0
THU_CIESM_r1i1p1f1,sfcwind,historical,0
THU_CIESM_r1i1p1f1,sfcwind,ssp119,0
THU_CIESM_r1i1p1f1,sfcwind,ssp126,0
THU_CIESM_r1i1p1f1,sfcwind,ssp245,0
THU_CIESM_r1i1p1f1,sfcwind,ssp370,0
THU_CIESM_r1i1p1f1,sfcwind,ssp585,0
THU_CIESM_r1i1p1f1,clt,historical,0
THU_CIESM_r1i1p1f1,clt,ssp119,0
THU_CIESM_r1i1p1f1,clt,ssp126,0
THU_CIESM_r1i1p1f1,clt,ssp245,0
THU_CIESM_r1i1p1f1,clt,ssp370,0
THU_CIESM_r1i1p1f1,clt,ssp585,0
THU_CIESM_r1i1p1f1,rsds,historical,1
THU_CIESM_r1i1p1f1,rsds,ssp119,0
THU_CIESM_r1i1p1f1,rsds,ssp126,1
THU_CIESM_r1i1p1f1,rsds,ssp245,1
THU_CIESM_r1i1p1f1,rsds,ssp370,0
THU_CIESM_r1i1p1f1,rsds,ssp585,1
THU_CIESM_r1i1p1f1,rlds,historical,1
THU_CIESM_r1i1p1f1,rlds,ssp119,0
THU_CIESM_r1i1p1f1,rlds,ssp126,1
THU_CIESM_r1i1p1f1,rlds,ssp245,1
THU_CIESM_r1i1p1f1,rlds,ssp370,0
THU_CIESM_r1i1p1f1,rlds,ssp585,1
THU_CIESM_r1i1p1f1,sst,historical,0
THU_CIESM_r1i1p1f1,sst,ssp119,0
THU_CIESM_r1i1p1f1,sst,ssp126,0
THU_CIESM_r1i1p1f1,sst,ssp245,0
THU_CIESM_r1i1p1f1,sst,ssp370,0
THU_CIESM_r1i1p1f1,sst,ssp585,0
THU_CIESM_r1i1p1f1,psl,historical,1
THU_CIESM_r1i1p1f1,psl,ssp119,0
THU_CIESM_r1i1p1f1,psl,ssp126,1
THU_CIESM_r1i1p1f1,psl,ssp245,1
THU_CIESM_r1i1p1f1,psl,ssp370,0
THU_CIESM_r1i1p1f1,psl,ssp585,1
